node,xcoord,ycoord
1,524938.0,5361074.0
2,524942.7,5361856.0
3,524952.8,5362025.5
4,525024.2,5361170.5
5,525070.0,5361000.0
6,524988.5,5361327.5
7,525011.2,5361458.0
8,525002.2,5361595.0
9,525048.56,5361748.5
10,525135.25,5361928.5
11,525131.06,5362109.0
12,524961.44,5362232.5
13,524880.0,5362810.0
14,525175.7,5361105.5
15,525137.0,5361247.0
16,525242.0,5360966.0
17,525123.4,5361378.5
18,525139.6,5361515.0
19,525198.44,5361644.0
20,525216.25,5361779.5
21,525335.0,5361858.0
22,525320.0,5362044.0
23,525301.0,5362210.0
24,525158.2,5362258.0
25,525138.0,5362384.0
26,524973.25,5362419.0
27,524979.94,5362558.0
28,524909.0,5362676.0
29,525328.7,5361086.0
30,525280.1,5361202.0
31,525254.75,5361319.5
32,525418.0,5360996.0
33,525234.7,5361428.5
34,525293.75,5361522.5
35,525383.3,5361603.0
36,525389.6,5361707.0
37,525304.0,5362325.0
38,525394.0,5362255.0
39,525227.0,5362393.0
40,525120.0,5362535.0
41,525065.0,5362651.0
42,525483.2,5361094.0
43,525418.56,5361185.0
44,525387.7,5361290.5
45,525358.44,5361405.0
46,525603.1,5361032.0
47,525451.3,5361490.5
48,525531.75,5361586.5
49,525514.2,5361675.0
50,525430.2,5362402.0
51,525320.25,5362447.0
52,525558.25,5362337.0
53,525550.0,5362161.0
54,525227.0,5362531.0
55,525622.3,5361122.5
56,525546.0,5361181.5
57,525523.06,5361267.0
58,525487.7,5361369.5
59,525739.4,5361064.5
60,525582.56,5361427.5
61,525586.25,5361515.0
62,525681.3,5361587.0
63,525628.7,5361664.5
64,525545.56,5362492.5
65,525388.4,5362553.0
66,525701.0,5362291.0
67,525699.56,5362471.0
68,525741.0,5362113.0
69,525266.0,5362651.0
70,525714.75,5361154.0
71,525667.25,5361231.5
72,525625.3,5361327.5
73,525813.0,5361194.5
74,525857.0,5361105.0
75,525696.9,5361389.5
76,525690.7,5361480.5
77,525786.9,5361526.5
78,525798.6,5361630.0
79,525733.75,5361704.0
80,525631.9,5362642.0
81,525504.8,5362599.5
82,525448.0,5362705.0
83,525820.0,5362230.0
84,525864.0,5362416.0
85,525830.0,5362617.0
86,525778.3,5361306.5
87,525963.0,5361174.5
88,525917.9,5361270.5
89,525794.1,5361419.5
90,525885.9,5361469.0
91,525884.3,5361570.0
92,525903.6,5361664.5
93,525827.8,5361739.0
94,525728.1,5362747.5
95,525568.75,5362830.0
96,525899.4,5361368.5
97,526052.8,5361246.5
98,526026.4,5361343.0
99,525998.9,5361435.5
100,525964.7,5361519.5
101,525988.56,5361605.0
102,526010.8,5361705.0
103,525912.9,5361754.0
104,526148.75,5361313.0
105,526126.44,5361428.0
106,526061.9,5361523.5
107,526091.8,5361629.0
108,526126.5,5361739.5
109,526006.7,5361814.0
110,526241.06,5361385.0
111,526248.2,5361479.5
112,526164.1,5361542.5
113,526196.1,5361645.5
114,526250.94,5361733.5
115,526233.9,5361823.0
116,526112.94,5361834.0
117,526341.7,5361444.0
118,526385.2,5361512.5
119,526273.5,5361567.5
120,526301.75,5361652.5
121,526350.4,5361719.5
122,526353.0,5361803.5
123,526457.0,5361422.5
124,526510.6,5361495.0
125,526477.75,5361585.5
126,526370.4,5361592.0
127,526409.7,5361658.0
128,526446.25,5361735.0
129,526466.94,5361798.5
130,526573.44,5361410.0
131,526627.6,5361486.0
132,526575.94,5361559.0
133,526587.8,5361642.5
134,526503.3,5361674.0
135,526575.94,5361746.0
136,526574.0,5361856.0
137,526688.5,5361392.0
138,526726.7,5361502.0
139,526674.56,5361582.5
140,526690.0,5361684.5
141,526685.6,5361795.0
142,526681.4,5361913.0
143,526821.9,5361461.5
144,526800.06,5361356.0
145,526793.25,5361599.0
146,526796.1,5361725.0
147,526797.0,5361834.5
148,526805.1,5361917.5
149,526907.0,5361348.5
150,526935.25,5361457.0
151,526908.6,5361556.5
152,526901.4,5361669.0
153,526907.0,5361785.0
154,526916.56,5361898.5
155,527032.94,5361411.0
156,527041.06,5361328.5
157,527027.8,5361518.0
158,527014.7,5361618.5
159,527008.6,5361730.0
160,527025.3,5361843.5
161,527046.06,5361959.5
162,527169.44,5361356.5
163,527126.25,5361463.5
164,527102.0,5361257.5
165,527149.4,5361571.5
166,527107.7,5361674.5
167,527123.44,5361776.0
168,527149.9,5361897.5
169,527197.2,5362022.5
170,527082.9,5362094.0
171,527234.5,5361240.5
172,527320.94,5361349.5
173,527246.5,5361460.5
174,527119.6,5361147.0
175,527278.4,5361567.0
176,527231.3,5361687.0
177,527225.56,5361814.0
178,527285.06,5361927.0
179,527357.3,5362073.5
180,527240.7,5362155.5
181,527148.44,5362210.5
182,527286.3,5361121.5
183,527385.0,5361218.0
184,527474.5,5361335.0
185,527400.75,5361481.5
186,527177.0,5361059.0
187,527369.9,5361642.5
188,527333.9,5361786.5
189,527412.9,5361913.0
190,527506.8,5362037.5
191,527482.9,5362178.0
192,527364.3,5362260.0
193,527216.0,5362299.0
194,527327.6,5360985.5
195,527439.9,5361076.5
196,527541.5,5361187.0
197,527639.75,5361309.5
198,527567.2,5361456.0
199,527507.2,5361601.0
200,527224.06,5360875.5
201,527459.6,5361754.0
202,527541.9,5361875.0
203,527619.75,5361994.5
204,527649.44,5362168.0
205,527514.8,5362337.5
206,527368.0,5362451.0
207,527374.8,5360855.5
208,527487.56,5360925.5
209,527599.25,5361032.0
210,527707.5,5361155.5
211,527813.25,5361290.5
212,527738.0,5361441.5
213,527665.94,5361586.0
214,527600.2,5361727.5
215,527314.3,5360747.0
216,527143.8,5360725.5
217,527682.1,5361861.0
218,527735.75,5362008.0
219,527866.56,5362085.0
220,527783.0,5362244.5
221,527662.9,5362371.5
222,527549.0,5362539.0
223,527502.8,5360751.0
224,527639.8,5360863.5
225,527763.06,5360990.5
226,527880.9,5361131.5
227,527994.3,5361278.5
228,527914.0,5361436.5
229,527834.75,5361586.5
230,527757.75,5361729.0
231,527257.06,5360622.5
232,527407.0,5360642.0
233,527117.25,5360600.0
234,526991.5,5360629.0
235,527834.0,5361892.0
236,527996.2,5361924.5
237,528061.44,5362096.5
238,527935.94,5362264.0
239,527814.0,5362387.0
240,527735.0,5362534.0
241,527545.4,5360557.0
242,527660.3,5360688.5
243,527805.4,5360812.0
244,527932.44,5360964.0
245,528062.2,5361113.5
246,528184.25,5361269.5
247,528093.44,5361437.5
248,528009.56,5361596.0
249,527923.7,5361748.0
250,527172.9,5360501.5
251,527369.44,5360522.0
252,527015.1,5360504.0
253,528100.06,5361765.5
254,528183.75,5361933.5
255,528248.44,5362089.5
256,528170.0,5362250.0
257,528268.4,5361448.0
258,528190.3,5361608.5
259,528293.6,5361779.5
260,528387.0,5361966.0
261,528399.0,5362187.0
262,528389.0,5362375.0
263,528377.0,5361613.0
264,528494.0,5361760.5
265,528571.3,5362078.0
266,528552.94,5362334.0
267,528523.0,5362548.0
268,528686.8,5361910.0
269,528767.4,5362134.5
270,528709.3,5362313.0
271,528676.3,5362527.5
272,528556.2,5362742.5
273,528877.44,5362027.5
274,528967.3,5362186.0
275,528871.1,5362303.0
276,528857.1,5362463.5
277,528830.44,5362611.5
278,528722.7,5362701.0
279,528728.25,5362853.0
280,528589.44,5362937.5
281,529080.06,5362034.0
282,529138.94,5362206.0
283,529036.9,5362386.5
284,528997.8,5362602.5
285,528877.0,5362754.5
286,528887.9,5362919.5
287,528763.6,5363032.5
288,528646.44,5363118.5
289,529280.6,5362033.5
290,529368.8,5362205.0
291,529236.1,5362379.5
292,529157.0,5362529.5
293,529165.0,5362680.5
294,529032.44,5362806.5
295,529026.2,5362977.0
296,528919.94,5363095.0
297,528798.4,5363244.5
298,529552.94,5362041.5
299,529438.4,5361906.5
300,529643.75,5362282.5
301,529433.7,5362390.0
302,529347.7,5362579.5
303,529299.5,5362784.0
304,529168.2,5362810.0
305,529179.94,5362952.5
306,529100.5,5363116.0
307,528999.9,5363231.5
308,528950.3,5363370.5
309,529592.9,5361776.0
310,529741.5,5361897.5
311,529813.6,5362091.5
312,529923.0,5362298.5
313,529845.9,5362506.0
314,529583.9,5362527.0
315,529482.7,5362739.0
316,529369.75,5362941.0
317,529265.1,5363117.0
318,529162.7,5363295.0
319,529115.2,5363459.0
320,529846.9,5361696.5
321,529705.0,5361607.0
322,529973.9,5361907.0
323,530112.56,5362143.0
324,530184.2,5362477.5
325,529991.06,5362739.0
326,529712.75,5362721.0
327,529575.5,5362921.0
328,529453.06,5363106.0
329,529348.9,5363284.0
330,529312.56,5363453.0
331,529808.1,5361435.0
332,529978.9,5361508.5
333,530081.1,5361701.0
334,530256.9,5361909.5
335,530431.75,5362192.0
336,530494.2,5362582.5
337,530299.06,5362842.0
338,530035.0,5362984.5
339,529801.25,5362930.5
340,529662.8,5363109.5
341,529532.5,5363262.0
342,529509.94,5363446.5
343,530030.94,5361289.0
344,529823.7,5361233.0
345,530178.25,5361479.5
346,530313.06,5361685.5
347,530553.7,5361814.5
348,530747.25,5362029.5
349,530687.7,5362352.5
350,530814.0,5362583.0
351,530639.25,5362928.0
352,530447.25,5363131.5
353,530225.9,5363092.0
354,530081.4,5363204.0
355,529872.3,5363142.5
356,529731.6,5363312.0
357,529705.4,5363470.0
358,529985.0,5361084.0
359,530165.0,5361070.5
360,530271.9,5361289.5
361,529841.9,5361031.0
362,530448.0,5361510.5
363,530717.94,5361511.0
364,530874.2,5361738.5
365,531063.56,5361952.5
366,531018.0,5362159.0
367,530862.0,5362235.0
368,530992.0,5362350.0
369,530999.7,5362553.0
370,531053.44,5362717.0
371,530947.2,5362899.5
372,530859.5,5363125.5
373,530665.2,5363246.5
374,530497.4,5363375.0
375,530300.25,5363286.5
376,530153.1,5363381.0
377,529953.5,5363340.5
378,529900.3,5363502.0
379,530026.75,5360914.0
380,530183.44,5360883.5
381,530352.0,5360947.0
382,530358.7,5361135.0
383,530547.8,5361284.5
384,529875.4,5360831.0
385,530819.8,5361241.5
386,531034.06,5361447.0
387,531173.9,5361724.5
388,531366.9,5361975.5
389,531238.25,5362189.0
390,531182.0,5362515.0
391,531253.75,5362690.0
392,531204.6,5362894.5
393,531097.5,5363092.5
394,531010.25,5363275.5
395,530849.75,5363382.5
396,530687.44,5363491.0
397,530530.4,5363566.5
398,530334.6,5363495.0
399,530091.56,5363545.0
400,530074.8,5360739.0
401,530269.06,5360774.5
402,530421.75,5360787.5
403,530578.5,5360901.0
404,530497.06,5361064.0
405,530666.56,5361082.5
406,529938.3,5360648.5
407,530848.1,5360946.0
408,531056.7,5361122.5
409,531295.25,5361271.0
410,531348.3,5361526.5
411,531447.56,5361766.0
412,531690.56,5361932.5
413,531586.94,5362142.0
414,531418.06,5362226.0
415,531314.0,5362427.0
416,531306.0,5362556.0
417,531443.0,5362590.0
418,531367.9,5362777.0
419,531406.75,5362916.5
420,531299.2,5363087.0
421,531223.25,5363314.0
422,531040.5,5363487.0
423,530867.06,5363609.0
424,530692.0,5363701.5
425,530443.9,5363723.5
426,530267.7,5363634.5
427,530097.25,5360522.5
428,530210.9,5360653.0
429,530370.8,5360654.5
430,530516.8,5360690.5
431,530668.06,5360771.0
432,530793.2,5360704.5
433,530939.9,5360726.0
434,531102.1,5360820.0
435,531296.6,5361007.5
436,531551.56,5361132.5
437,531579.94,5361375.5
438,531640.2,5361636.5
439,531896.25,5361740.0
440,531978.7,5361996.0
441,531814.3,5362236.0
442,531525.0,5362426.0
443,531689.0,5362570.0
444,531500.0,5362746.0
445,531590.6,5362921.5
446,531499.3,5363043.5
447,531461.5,5363207.0
448,531434.3,5363444.0
449,531234.56,5363590.0
450,531067.25,5363731.5
451,530889.44,5363819.5
452,530774.56,5363939.0
453,530611.1,5363828.0
454,530291.2,5360547.5
455,530264.44,5360410.5
456,530446.8,5360512.0
457,530637.94,5360614.0
458,530786.4,5360542.5
459,530908.25,5360568.5
460,531061.7,5360562.5
461,531209.06,5360604.5
462,531343.94,5360752.0
463,531526.5,5360929.0
464,531784.3,5360938.0
465,531822.94,5361209.5
466,531851.6,5361465.5
467,532080.7,5361563.5
468,532170.0,5361787.0
469,532249.06,5362028.5
470,532087.8,5362222.5
471,531969.7,5362430.0
472,531982.6,5362639.5
473,531903.44,5362780.0
474,531700.94,5362772.0
475,531730.5,5363062.5
476,531635.3,5363310.5
477,531666.75,5363597.0
478,531435.9,5363692.0
479,531293.5,5363902.0
480,531071.7,5363947.0
481,530927.25,5364059.0
482,530450.56,5360330.0
483,530563.6,5360425.5
484,530688.8,5360416.0
485,530851.94,5360390.5
486,530968.56,5360426.5
487,531067.5,5360353.0
488,531212.1,5360378.5
489,531356.0,5360514.0
490,532027.56,5361027.5
491,532117.2,5361312.0
492,532339.3,5361546.5
493,532419.9,5361839.5
494,532485.56,5362090.0
495,532335.0,5362254.0
496,532198.1,5362414.5
497,532127.6,5362566.5
498,532196.75,5362734.0
499,532095.56,5362829.0
500,531869.8,5363204.5
501,531799.75,5363409.0
502,531965.7,5363554.5
503,531885.94,5363761.5
504,531601.1,5363907.0
505,531434.25,5364159.0
506,531174.7,5364156.0
507,531008.25,5364239.0
508,530804.06,5360209.5
509,530635.1,5360222.5
510,530955.3,5360242.5
511,531106.06,5360177.5
512,531285.6,5360157.0
513,531403.06,5360351.0
514,532274.3,5361106.5
515,532430.44,5361285.5
516,532610.25,5361450.5
517,532562.8,5361682.5
518,532684.2,5361925.0
519,532650.44,5362179.5
520,532552.4,5362375.0
521,532386.3,5362455.0
522,532307.56,5362606.5
523,532389.8,5362798.0
524,532277.5,5362918.5
525,531982.2,5363376.0
526,532060.4,5363254.5
527,532205.25,5363447.5
528,532203.25,5363681.5
529,532085.56,5363896.0
530,531884.1,5364046.5
531,531713.2,5364227.0
532,531533.44,5364431.5
533,531292.06,5364361.0
534,531089.2,5364419.0
535,530768.5,5360000.0
536,530948.75,5360051.5
537,530603.94,5360024.0
538,531127.2,5359976.0
539,531329.0,5359935.0
540,531512.6,5360106.0
541,531610.0,5360327.0
542,532523.0,5361048.0
543,532729.1,5361192.0
544,532849.5,5361438.5
545,532761.44,5361665.0
546,532907.1,5361855.5
547,532932.5,5362066.0
548,532796.2,5362159.0
549,532754.3,5362375.0
550,532698.8,5362621.0
551,532502.0,5362623.0
552,532573.8,5362855.5
553,532450.44,5363023.5
554,532255.9,5363248.5
555,532443.75,5363372.5
556,532439.8,5363549.0
557,532467.1,5363752.0
558,532312.8,5363919.5
559,532175.4,5364141.0
560,532051.56,5364372.0
561,531791.3,5364483.5
562,531636.1,5364698.5
563,531338.2,5364592.5
564,531124.6,5364609.0
565,530607.7,5359819.5
566,530761.56,5359804.0
567,530946.75,5359839.0
568,531155.25,5359765.5
569,531368.4,5359698.5
570,531539.5,5359856.5
571,531748.1,5359967.5
572,531740.0,5360186.5
573,531874.44,5360414.5
574,532744.1,5360883.0
575,532539.06,5360782.5
576,532962.75,5361025.0
577,532991.3,5361281.0
578,533070.5,5361501.0
579,532961.4,5361625.5
580,533057.06,5361804.0
581,533118.4,5361992.5
582,533133.4,5362194.5
583,532944.94,5362292.0
584,532904.94,5362508.0
585,532883.6,5362730.5
586,532750.0,5362895.0
587,532619.5,5363135.0
588,532453.06,5363226.0
589,532625.9,5363249.5
590,532684.06,5363439.5
591,532657.5,5363635.5
592,532691.06,5363826.5
593,532543.7,5363965.0
594,532412.94,5364126.5
595,532397.56,5364375.5
596,532257.5,5364641.0
597,531944.75,5364663.5
598,531840.3,5364935.0
599,531618.56,5364937.0
600,531435.4,5364840.0
601,531269.25,5364781.5
602,531122.44,5364806.5
603,530631.9,5359617.0
604,530822.9,5359655.5
605,530992.6,5359614.0
606,531201.56,5359544.0
607,531430.3,5359452.0
608,531593.0,5359612.5
609,531748.0,5359758.0
610,531992.1,5359808.5
611,531950.0,5360111.0
612,532167.1,5360258.5
613,532108.06,5360528.5
614,532692.94,5360578.5
615,533007.3,5360739.5
616,532351.7,5360619.5
617,533227.0,5360958.0
618,533157.0,5361170.0
619,533235.56,5361385.5
620,533117.75,5362395.0
621,533082.06,5362594.5
622,533024.8,5362789.0
623,532961.6,5362981.5
624,532807.0,5363086.0
625,532754.0,5364015.0
626,532610.6,5364191.5
627,532671.5,5364406.0
628,532547.3,5364621.0
629,532463.0,5364832.5
630,532285.4,5364978.0
631,532073.06,5364862.0
632,532063.3,5365101.0
633,531880.9,5365178.0
634,531679.4,5365151.5
635,531467.7,5365070.0
636,531278.8,5364998.0
637,531120.25,5365004.0
638,530822.94,5359452.5
639,530661.06,5359414.5
640,531031.6,5359410.5
641,531257.1,5359320.0
642,531493.7,5359177.5
643,531673.7,5359372.0
644,531848.25,5359560.0
645,532108.56,5359544.0
646,532303.3,5359773.5
647,532175.0,5360002.0
648,532458.5,5360065.0
649,532419.5,5360382.5
650,532731.1,5360292.0
651,533013.2,5360432.0
652,533228.5,5360546.0
653,533316.25,5360733.5
654,533492.2,5360853.5
655,533431.0,5361040.5
656,533362.75,5361228.0
657,532817.75,5364203.0
658,532881.9,5364391.0
659,532764.1,5364626.5
660,532697.06,5364886.5
661,532551.5,5365061.0
662,532423.06,5365203.5
663,532233.7,5365245.0
664,532021.75,5365317.5
665,531801.6,5365371.5
666,531612.75,5365354.5
667,531470.0,5365272.5
668,531310.75,5365192.5
669,531120.44,5365201.0
670,530713.2,5359217.0
671,530884.4,5359247.5
672,531078.75,5359215.0
673,531266.3,5359094.5
674,531371.1,5358900.5
675,531597.25,5358921.5
676,531764.6,5359122.5
677,531934.2,5359321.0
678,532192.1,5359284.0
679,532391.0,5359503.5
680,532639.8,5359717.5
681,532759.8,5360009.0
682,533040.5,5360128.5
683,533333.7,5360259.0
684,533436.1,5360497.0
685,533565.75,5360619.5
686,533680.6,5360779.0
687,532948.0,5364578.5
688,532885.9,5364818.5
689,532923.56,5365039.5
690,532776.3,5365157.0
691,532625.75,5365308.5
692,532418.9,5365419.5
693,532187.0,5365423.0
694,531997.06,5365497.0
695,531812.4,5365589.0
696,531639.4,5365515.0
697,531459.4,5365464.0
698,531291.25,5365365.0
699,531120.8,5365399.0
700,530765.1,5359019.5
701,530942.0,5359074.0
702,531092.3,5359026.0
703,531171.06,5358861.0
704,531239.2,5358668.0
705,531455.06,5358674.5
706,531701.06,5358653.0
707,531867.0,5358866.0
708,532034.06,5359070.0
709,532310.3,5359028.0
710,532434.3,5359240.5
711,532664.94,5359365.0
712,532957.6,5359476.5
713,532999.25,5359803.0
714,533326.06,5359917.5
715,533591.8,5360051.0
716,533651.56,5360321.5
717,533773.25,5360542.5
718,533866.2,5360700.5
719,533014.8,5364765.5
720,533084.2,5364951.5
721,533154.2,5365137.5
722,533005.6,5365254.0
723,532847.7,5365383.0
724,532671.0,5365545.0
725,532457.25,5365606.5
726,532230.8,5365592.0
727,532010.94,5365672.0
728,531859.6,5365759.5
729,531716.75,5365770.0
730,531638.1,5365659.5
731,531486.0,5365620.0
732,531297.94,5365560.5
733,531144.75,5365592.0
734,530980.6,5358867.5
735,530816.94,5358821.5
736,531037.25,5358679.5
737,531100.56,5358503.5
738,531329.6,5358464.5
739,531549.8,5358429.5
740,531802.9,5358392.0
741,531972.56,5358610.0
742,532146.94,5358821.0
743,532450.3,5358788.0
744,532608.06,5359029.5
745,532897.1,5359115.0
746,533242.75,5359211.0
747,533315.06,5359574.5
748,533694.1,5359702.5
749,533912.0,5360069.0
750,533899.8,5360355.0
751,534005.5,5360553.0
752,533239.25,5365317.0
753,533084.56,5365466.5
754,532901.25,5365570.5
755,532839.2,5365756.5
756,532594.0,5365765.0
757,532352.9,5365768.0
758,532159.2,5365779.5
759,531993.56,5365864.5
760,531810.25,5365938.5
761,531652.9,5365904.0
762,531540.2,5365773.5
763,531376.44,5365714.5
764,531212.3,5365777.5
765,530875.9,5358626.0
766,530945.2,5358434.5
767,531040.9,5358254.0
768,531200.9,5358311.0
769,531416.2,5358203.5
770,531649.94,5358134.0
771,531907.6,5358140.5
772,532079.25,5358367.0
773,532257.6,5358569.0
774,532536.44,5358536.5
775,532794.25,5358720.5
776,533140.0,5358828.0
777,533499.2,5358917.0
778,533622.56,5359307.5
779,534040.2,5359390.0
780,534048.8,5359770.0
781,534269.4,5360062.5
782,534144.8,5360406.0
783,533327.25,5365495.0
784,533205.3,5365635.5
785,533047.7,5365711.0
786,533024.44,5365944.0
787,532781.06,5365934.0
788,532588.94,5365927.0
789,532391.56,5365934.5
790,532198.06,5365961.0
791,532012.94,5366030.0
792,531827.8,5366098.5
793,531637.75,5366085.0
794,531526.06,5365921.5
795,531388.3,5365857.0
796,531279.8,5365963.5
797,531210.9,5358165.5
798,531081.25,5358056.0
799,531260.4,5358015.0
800,531402.06,5357880.5
801,531590.9,5357768.5
802,531852.0,5357820.5
803,532062.9,5357969.0
804,532155.9,5358166.5
805,532387.75,5358300.5
806,532739.4,5358305.0
807,533052.5,5358430.5
808,533392.56,5358517.5
809,533732.06,5358590.0
810,533865.06,5358985.5
811,534230.75,5359001.0
812,534470.44,5359361.0
813,534373.0,5359712.5
814,533366.9,5365688.5
815,533208.9,5365844.0
816,533222.1,5366065.5
817,533058.44,5366215.0
818,532923.3,5366071.0
819,531445.8,5366039.0
820,531105.94,5357853.0
821,531328.0,5357588.0
822,531721.4,5357504.5
823,532047.6,5357527.0
824,532166.56,5357771.5
825,532304.5,5358011.0
826,532534.9,5358083.0
827,532727.3,5357917.5
828,532999.1,5358039.0
829,533318.0,5358130.0
830,533652.9,5358208.5
831,533982.25,5358283.0
832,534052.06,5358643.5
833,534331.7,5358639.5
834,534559.3,5358737.0
835,534523.25,5359050.0
836,533400.1,5365884.5
837,533433.7,5366080.5
838,533291.25,5366259.5
839,533168.9,5366377.0
840,530996.0,5357525.0
841,531206.3,5357116.5
842,531590.44,5357194.5
843,531965.7,5357241.0
844,532355.94,5357306.5
845,532333.2,5357582.5
846,532456.0,5357816.5
847,532609.7,5357586.0
848,532916.44,5357670.0
849,533240.25,5357757.0
850,533575.7,5357844.0
851,533915.6,5357936.5
852,534271.56,5358016.0
853,534296.5,5358343.5
854,534591.06,5358424.0
855,533464.8,5366276.5
856,533369.44,5366439.5
857,533260.4,5366552.0
858,530795.25,5357224.0
859,530932.2,5356891.5
860,531187.0,5356613.0
861,531514.4,5356827.0
862,531864.75,5356932.0
863,532204.25,5356991.5
864,532530.1,5357051.0
865,532756.94,5357331.0
866,533106.94,5357427.0
867,533459.4,5357469.5
868,533810.1,5357584.0
869,534126.3,5357676.5
870,534398.75,5357705.5
871,534612.25,5357852.5
872,534619.0,5358140.5
873,533512.9,5366532.5
874,533402.9,5366597.5
875,533345.2,5366730.0
876,530601.44,5356918.5
877,530759.25,5356576.0
878,530905.6,5356265.0
879,531290.8,5356181.5
880,531576.5,5356423.5
881,531816.75,5356619.0
882,532114.4,5356654.0
883,532397.06,5356753.5
884,532676.06,5356817.5
885,532787.25,5357053.0
886,533004.4,5357150.5
887,533245.44,5357156.5
888,533511.25,5357197.5
889,533757.0,5357326.0
890,534084.0,5357413.0
891,534350.0,5357525.0
892,534639.56,5357594.5
893,534878.9,5357613.5
894,534843.75,5357912.0
895,534838.0,5358149.5
896,533534.4,5366660.0
897,530403.06,5356615.5
898,530461.4,5356239.5
899,530609.5,5355962.5
900,530984.8,5355895.0
901,531374.0,5355781.5
902,531684.56,5356035.0
903,531992.06,5356280.5
904,532344.2,5356403.0
905,532559.75,5356595.5
906,532786.0,5356560.5
907,532885.75,5356732.0
908,532940.8,5356908.0
909,533184.0,5356952.0
910,533484.0,5357020.0
911,533734.8,5357084.5
912,533955.0,5357141.5
913,534175.5,5357222.0
914,534404.1,5357290.5
915,534632.9,5357350.5
916,534873.1,5357405.0
917,535116.2,5357487.5
918,535065.75,5357787.0
919,535024.25,5358011.0
920,535074.06,5358220.5
921,530094.06,5356357.5
922,529778.0,5356040.0
923,530163.0,5355776.0
924,530593.7,5355633.5
925,531037.25,5355532.5
926,531444.4,5355387.5
927,531756.2,5355626.5
928,532048.5,5355866.5
929,532336.0,5356059.0
930,532618.56,5356175.5
931,532632.44,5356398.5
932,532852.06,5356300.5
933,532990.3,5356450.5
934,533031.8,5356622.0
935,533109.75,5356780.5
936,533353.0,5356818.0
937,533542.0,5356873.0
938,533729.0,5356932.0
939,533912.0,5356978.0
940,534079.0,5357028.0
941,534246.0,5357086.0
942,534412.0,5357148.0
943,534575.0,5357198.0
944,534728.06,5357245.0
945,534887.0,5357294.0
946,535053.0,5357352.0
947,535224.0,5357406.0
948,535299.3,5357556.5
949,535240.1,5357750.0
950,535233.6,5358016.5
951,535288.06,5358256.5
952,531843.0,5355221.0
953,532121.4,5355458.5
954,532390.9,5355693.5
955,532662.25,5355891.5
956,532915.6,5356065.0
957,533135.0,5356256.5
958,533189.9,5356515.5
959,533253.0,5356686.0
960,533468.06,5356751.0
961,533657.56,5356818.5
962,533846.0,5356878.0
963,534029.0,5356932.0
964,534196.0,5356986.0
965,534362.0,5357048.0
966,534513.94,5357105.5
967,534681.0,5357161.0
968,534833.0,5357215.0
969,534995.0,5357265.0
970,535161.56,5357324.5
971,535315.94,5357370.0
972,535378.0,5357456.0
973,535467.3,5357599.0
974,535439.3,5357749.0
975,535370.9,5357880.5
976,535450.7,5357973.0
977,535446.06,5358156.5
978,532237.0,5355046.0
979,532465.56,5355316.5
980,532718.0,5355577.5
981,532984.06,5355791.5
982,533213.3,5355991.0
983,533405.7,5356119.0
984,533345.8,5356421.0
985,533391.0,5356628.0
986,533592.0,5356696.0
987,533771.0,5356765.0
988,533958.06,5356824.0
989,534150.0,5356886.0
990,534296.0,5356940.0
991,534465.94,5357004.0
992,534625.0,5357065.0
993,534787.0,5357123.0
994,534933.0,5357173.0
995,535087.0,5357219.0
996,535258.0,5357290.0
997,535411.94,5357340.0
998,535478.0,5357419.0
999,535545.0,5357506.0
1000,535586.0,5357638.0
1001,535597.25,5357766.0
1002,535505.7,5357856.5
1003,535555.0,5357929.0
1004,532741.9,5371742.0
1005,532440.25,5354927.0
1006,532680.0,5355063.5
1007,532740.75,5355292.0
1008,532959.56,5355338.5
1009,533008.06,5355539.0
1010,533232.8,5355559.0
1011,533286.56,5355759.5
1012,533521.75,5355828.0
1013,533679.8,5356039.0
1014,533559.5,5356262.0
1015,533557.5,5356504.0
1016,533751.94,5356600.0
1017,533940.06,5356688.0
1018,534096.0,5356752.0
1019,534252.56,5356820.5
1020,534385.9,5356906.5
1021,534756.25,5357047.5
1022,534885.75,5357050.5
1023,535046.1,5357096.5
1024,535198.6,5357153.5
1025,535371.25,5357213.5
1026,535503.0,5357269.0
1027,535582.0,5357390.0
1028,535639.94,5357474.5
1029,535702.4,5357553.5
1030,535632.5,5357837.5
1031,535679.7,5357778.0
1032,535653.6,5357889.0
1033,533000.3,5371682.0
1034,533150.5,5371860.0
1035,532825.5,5371490.5
1036,532639.1,5354800.5
1037,532884.5,5354885.5
1038,532943.75,5355106.0
1039,533175.44,5355134.0
1040,533202.9,5355341.0
1041,533433.1,5355342.0
1042,533484.9,5355558.0
1043,533733.6,5355575.5
1044,533838.1,5355812.0
1045,533956.75,5356060.0
1046,533749.1,5356321.0
1047,533912.0,5356484.0
1048,534100.0,5356604.0
1049,534211.75,5356695.0
1050,534989.94,5356973.0
1051,535158.9,5357020.5
1052,535327.75,5357078.0
1053,535500.0,5357140.0
1054,535657.0,5357204.0
1055,535701.3,5357329.0
1056,535737.0,5357433.0
1057,535805.94,5357533.0
1058,535855.9,5357594.5
1059,535734.06,5357856.5
1060,535755.6,5357781.0
1061,533103.4,5371457.0
1062,533247.8,5371642.0
1063,533357.1,5371834.0
1064,532954.44,5371260.5
1065,533456.9,5372013.5
1066,532828.6,5354662.0
1067,533071.44,5354721.5
1068,533129.5,5354925.0
1069,533355.1,5354936.0
1070,533395.4,5355132.0
1071,533609.9,5355126.0
1072,533670.0,5355345.5
1073,533911.75,5355353.5
1074,534019.4,5355590.0
1075,534116.8,5355840.5
1076,534215.75,5356124.5
1077,534024.94,5356297.5
1078,534112.75,5356478.5
1079,534296.5,5356599.0
1080,535144.3,5356874.5
1081,535318.0,5356932.0
1082,535491.44,5357019.0
1083,535661.0,5357099.5
1084,535740.5,5357176.0
1085,535833.4,5357269.0
1086,535885.94,5357393.0
1087,535905.3,5357490.0
1088,535949.0,5357573.0
1089,535994.4,5357625.5
1090,535795.8,5357831.5
1091,535820.25,5357754.5
1092,533199.2,5371227.5
1093,533361.1,5371407.0
1094,533455.2,5371630.0
1095,533534.94,5371837.5
1096,533061.25,5371025.5
1097,533638.06,5371997.0
1098,533020.0,5354528.0
1099,533252.9,5354545.5
1100,533306.1,5354738.0
1101,533528.75,5354730.0
1102,533567.2,5354926.5
1103,533779.4,5354914.5
1104,533837.7,5355128.5
1105,534065.0,5355126.0
1106,534161.44,5355346.0
1107,534314.0,5355599.5
1108,534325.94,5355884.5
1109,534488.75,5356078.5
1110,534426.9,5356285.0
1111,534252.1,5356375.0
1112,534416.75,5356512.0
1113,535293.6,5356764.5
1114,535471.1,5356872.5
1115,535648.6,5356980.5
1116,535826.1,5357088.5
1117,536003.56,5357196.5
1118,536043.2,5357335.0
1119,536066.2,5357435.5
1120,536021.0,5357525.0
1121,536070.0,5357594.0
1122,536041.4,5357654.5
1123,535882.4,5357797.0
1124,535884.9,5357728.0
1125,533298.56,5370992.0
1126,533410.06,5371175.0
1127,533593.1,5371220.0
1128,533544.0,5371435.5
1129,533635.5,5371553.0
1130,533614.2,5371702.0
1131,533723.56,5371815.0
1132,533157.7,5370792.0
1133,533797.8,5371945.5
1134,533809.06,5372079.0
1135,533193.7,5354369.5
1136,533429.2,5354343.0
1137,533483.5,5354531.5
1138,533704.9,5354506.0
1139,533741.2,5354711.5
1140,533953.56,5354698.5
1141,534001.5,5354908.0
1142,534222.94,5354890.0
1143,534278.9,5355099.5
1144,534411.7,5355291.0
1145,534508.4,5355452.0
1146,534623.3,5355592.5
1147,534538.3,5355814.5
1148,534737.6,5356020.5
1149,534703.0,5356308.0
1150,534559.75,5356409.5
1151,534564.3,5356533.5
1152,536181.06,5357304.5
1153,536207.1,5357425.5
1154,536220.06,5357527.5
1155,536124.0,5357552.0
1156,536211.0,5357631.0
1157,536131.1,5357666.0
1158,536050.06,5357714.0
1159,535959.6,5357688.0
1160,535969.0,5357762.0
1161,533415.6,5370773.0
1162,533532.0,5370978.5
1163,533724.9,5371003.5
1164,533813.94,5371189.5
1165,533704.25,5371368.5
1166,533769.3,5371504.0
1167,533759.75,5371650.5
1168,533908.6,5371705.5
1169,533892.2,5371851.0
1170,533280.9,5370577.0
1171,533960.56,5371994.0
1172,533929.4,5372150.5
1173,533364.0,5354207.0
1174,533553.0,5354074.0
1175,533651.5,5354291.5
1176,533882.2,5354282.0
1177,533921.56,5354493.5
1178,534137.1,5354476.0
1179,534175.0,5354681.5
1180,534404.25,5354662.5
1181,534442.7,5354868.5
1182,534473.5,5355057.0
1183,534621.9,5355141.5
1184,534716.2,5355337.0
1185,534889.6,5355537.0
1186,534793.75,5355780.0
1187,534991.8,5355957.5
1188,534923.0,5356216.0
1189,534840.3,5356405.0
1190,534703.6,5356514.5
1191,536358.56,5357412.5
1192,536364.0,5357515.5
1193,536337.9,5357624.0
1194,536286.75,5357704.5
1195,536245.25,5357771.5
1196,533529.3,5370551.5
1197,533665.94,5370750.5
1198,533843.3,5370839.5
1199,533920.0,5370997.5
1200,534008.4,5371136.5
1201,533953.0,5371280.0
1202,533854.44,5371379.5
1203,533889.56,5371540.5
1204,534033.8,5371555.5
1205,534072.06,5371690.0
1206,534059.9,5371846.0
1207,533394.3,5370362.5
1208,534121.2,5372020.0
1209,534042.06,5372134.0
1210,534150.06,5372199.0
1211,533820.44,5354065.0
1212,533746.0,5353835.0
1213,534068.94,5354064.5
1214,534106.3,5354272.5
1215,534329.7,5354251.5
1216,534364.75,5354452.5
1217,534605.94,5354448.5
1218,534648.5,5354678.5
1219,534667.7,5354910.5
1220,534841.2,5355073.0
1221,534998.7,5355292.5
1222,535186.4,5355516.5
1223,535027.6,5355730.5
1224,535245.3,5355845.5
1225,535193.75,5356122.5
1226,535173.6,5356309.5
1227,535009.7,5356391.5
1228,536536.06,5357521.0
1229,536456.56,5357608.0
1230,536422.4,5357716.5
1231,536346.94,5357816.0
1232,536285.3,5357862.5
1233,533629.06,5370322.0
1234,533765.6,5370500.5
1235,533899.5,5370652.0
1236,534017.9,5370807.0
1237,534097.4,5370965.0
1238,534171.94,5371114.0
1239,534096.94,5371279.0
1240,534003.44,5371416.5
1241,534178.75,5371422.0
1242,534185.6,5371584.5
1243,534218.4,5371747.5
1244,534227.44,5371910.5
1245,533485.7,5370143.5
1246,534254.1,5372069.0
1247,534265.0,5372187.5
1248,534010.75,5353841.0
1249,533950.0,5353605.0
1250,534261.4,5353841.5
1251,534299.0,5354051.0
1252,534523.9,5354028.5
1253,534563.5,5354233.5
1254,534809.5,5354234.5
1255,534854.2,5354482.0
1256,534902.0,5354767.0
1257,535082.4,5355005.5
1258,535271.75,5355201.5
1259,535473.0,5355375.5
1260,535405.5,5355637.0
1261,535524.25,5355821.5
1262,535424.75,5356055.0
1263,535405.94,5356304.0
1264,535277.5,5356449.0
1265,535151.8,5356460.0
1266,536569.5,5357598.0
1267,536533.1,5357691.5
1268,536511.2,5357774.0
1269,536433.06,5357801.5
1270,536400.3,5357917.5
1271,536321.5,5357953.0
1272,536232.8,5358028.5
1273,533710.3,5370093.0
1274,533864.06,5370266.5
1275,533994.8,5370443.0
1276,534104.7,5370623.0
1277,534196.94,5370789.0
1278,534270.0,5370945.0
1279,534334.2,5371084.0
1280,534246.44,5371251.5
1281,534372.7,5371344.0
1282,534334.06,5371491.5
1283,534322.1,5371616.0
1284,534381.75,5371698.0
1285,534359.7,5371826.5
1286,534368.6,5371980.0
1287,533549.5,5369920.5
1288,534382.94,5372144.0
1289,534426.75,5372267.5
1290,534780.2,5372423.0
1291,534214.06,5353622.5
1292,534170.94,5353405.5
1293,534463.6,5353606.0
1294,534495.75,5353820.0
1295,534726.2,5353791.0
1296,534759.0,5354008.0
1297,535007.75,5354000.5
1298,535064.3,5354250.0
1299,535109.4,5354509.5
1300,535157.4,5354748.5
1301,535361.94,5354885.0
1302,535562.6,5355063.5
1303,535769.25,5355293.0
1304,535651.7,5355570.5
1305,535782.5,5355777.5
1306,535663.8,5355996.5
1307,535597.2,5356218.0
1308,535555.1,5356439.0
1309,535395.0,5356553.0
1310,535225.56,5356618.5
1311,536603.0,5357674.5
1312,536635.4,5357751.5
1313,536358.7,5358052.0
1314,536291.0,5358067.0
1315,536227.25,5358145.0
1316,536124.9,5358116.5
1317,533769.3,5369864.5
1318,533941.94,5370036.0
1319,534102.0,5370221.0
1320,534198.4,5370444.0
1321,534306.2,5370614.5
1322,534386.75,5370776.5
1323,534455.0,5370942.5
1324,534506.7,5371082.5
1325,534385.6,5371197.0
1326,534501.5,5371223.0
1327,534581.75,5371319.0
1328,534493.06,5371437.5
1329,534497.1,5371572.5
1330,534507.75,5371730.0
1331,534490.94,5371881.0
1332,534505.2,5372036.0
1333,533586.75,5369695.0
1334,534545.4,5372179.0
1335,534566.8,5372350.0
1336,534707.3,5372231.0
1337,534874.5,5372267.5
1338,535013.0,5372387.0
1339,535188.44,5372515.0
1340,535364.75,5372648.5
1341,534430.7,5353389.0
1342,534393.0,5353207.0
1343,534674.1,5353343.0
1344,534699.56,5353572.5
1345,534936.25,5353544.5
1346,534965.1,5353768.0
1347,535222.56,5353754.5
1348,535274.4,5354008.5
1349,535338.6,5354285.5
1350,535385.4,5354573.5
1351,535661.7,5354697.0
1352,535841.6,5354958.5
1353,536009.9,5355158.0
1354,536075.4,5355385.0
1355,535915.5,5355561.5
1356,536008.0,5355800.5
1357,535867.06,5355959.5
1358,535809.94,5356154.5
1359,535743.2,5356365.0
1360,535701.1,5356575.0
1361,535539.8,5356651.0
1362,535294.75,5356762.5
1363,536328.94,5358164.5
1364,536413.7,5358196.5
1365,536296.56,5358243.5
1366,536159.0,5358233.0
1367,533822.7,5369641.5
1368,533997.25,5369805.5
1369,534175.7,5369974.5
1370,534305.5,5370145.0
1371,534308.5,5370302.0
1372,534421.2,5370433.5
1373,534538.8,5370582.5
1374,534566.7,5370795.0
1375,534658.5,5370968.0
1376,534649.0,5371150.5
1377,534756.7,5371274.0
1378,534673.75,5371459.5
1379,534654.3,5371635.0
1380,534646.56,5371800.0
1381,534622.2,5371938.0
1382,534677.44,5372065.5
1383,533636.6,5369478.5
1384,534854.75,5372102.0
1385,535038.9,5372195.0
1386,535217.06,5372308.0
1387,535406.9,5372422.5
1388,535610.44,5372526.0
1389,535809.44,5372623.0
1390,536010.56,5372729.0
1391,534637.0,5353097.0
1392,534897.44,5353090.0
1393,534916.94,5353321.0
1394,535163.1,5353292.0
1395,535184.7,5353518.0
1396,535455.94,5353505.5
1397,535504.8,5353762.5
1398,535562.5,5354043.5
1399,535626.0,5354355.5
1400,535925.6,5354421.5
1401,536026.8,5354705.0
1402,536166.4,5354963.0
1403,536269.2,5355227.0
1404,536328.75,5355464.5
1405,536158.5,5355623.5
1406,536213.8,5355867.0
1407,536040.9,5356060.5
1408,535936.44,5356297.5
1409,535871.44,5356510.0
1410,535833.6,5356709.5
1411,535669.75,5356782.5
1412,535472.3,5356870.5
1413,536397.7,5358298.0
1414,536503.4,5358359.0
1415,536362.0,5358407.5
1416,533893.44,5369432.0
1417,534061.5,5369579.0
1418,534210.5,5369732.5
1419,534348.75,5369860.5
1420,534424.8,5370020.0
1421,534517.1,5370212.0
1422,534652.8,5370353.5
1423,534800.6,5370483.5
1424,534701.44,5370661.0
1425,534736.8,5370811.5
1426,534866.8,5370900.0
1427,534815.2,5371079.5
1428,534940.1,5371201.5
1429,534867.44,5371394.5
1430,534821.2,5371564.0
1431,534807.94,5371736.0
1432,534807.06,5371921.0
1433,533739.0,5369285.0
1434,535014.9,5372007.0
1435,535203.7,5372106.0
1436,535393.8,5372213.5
1437,535599.0,5372309.0
1438,535851.75,5372355.0
1439,536057.7,5372469.0
1440,536258.25,5372581.5
1441,536217.06,5372836.5
1442,536422.44,5372953.0
1443,534867.0,5352868.0
1444,535138.06,5352820.5
1445,535152.4,5353063.0
1446,535408.75,5353038.5
1447,535423.56,5353267.0
1448,535706.75,5353268.0
1449,535756.44,5353527.0
1450,535814.2,5353807.0
1451,535868.4,5354108.0
1452,536199.44,5354198.0
1453,536280.0,5354498.0
1454,536384.5,5354776.5
1455,536471.6,5355058.0
1456,536519.94,5355315.0
1457,536558.0,5355556.0
1458,536381.3,5355698.0
1459,536423.0,5355918.5
1460,536263.5,5356089.0
1461,536116.1,5356265.5
1462,536034.7,5356461.5
1463,535988.3,5356652.0
1464,535962.7,5356827.5
1465,535818.3,5356902.5
1466,535649.8,5356979.0
1467,536446.4,5358451.0
1468,536528.56,5358533.0
1469,536394.44,5358566.5
1470,533976.94,5369226.5
1471,534136.3,5369364.0
1472,534305.8,5369513.0
1473,534417.9,5369698.0
1474,534530.4,5369853.0
1475,534633.5,5370007.5
1476,534766.8,5370124.0
1477,534890.25,5370248.0
1478,535007.0,5370378.0
1479,535020.0,5370539.5
1480,534889.0,5370696.0
1481,535062.9,5370832.5
1482,535011.06,5371011.0
1483,535144.94,5371127.0
1484,535047.94,5371321.0
1485,535008.75,5371495.0
1486,534977.6,5371657.0
1487,534979.6,5371834.5
1488,533824.8,5369088.5
1489,535190.4,5371907.0
1490,535369.6,5372023.0
1491,535557.5,5372107.5
1492,535741.06,5372179.0
1493,535936.6,5372088.0
1494,536109.9,5372212.5
1495,536305.6,5372327.0
1496,536501.1,5372450.5
1497,536458.06,5372701.0
1498,536655.3,5372830.0
1499,536850.2,5372965.5
1500,535078.0,5352573.0
1501,535388.0,5352561.5
1502,535402.56,5352807.0
1503,535664.94,5352794.5
1504,535676.2,5353025.5
1505,535959.75,5353036.0
1506,536017.75,5353301.5
1507,536087.9,5353583.0
1508,536145.4,5353883.0
1509,536494.5,5353996.0
1510,536557.7,5354317.0
1511,536639.56,5354613.0
1512,536712.3,5354896.0
1513,536733.9,5355165.0
1514,536746.8,5355420.5
1515,536776.8,5355650.0
1516,536590.2,5355775.5
1517,536617.2,5355983.0
1518,536482.4,5356102.0
1519,536387.75,5356215.5
1520,536268.5,5356295.5
1521,536188.9,5356452.0
1522,536121.8,5356607.0
1523,536111.1,5356777.0
1524,536079.1,5356912.5
1525,535981.44,5357016.5
1526,535827.4,5357087.0
1527,536474.0,5358622.5
1528,536552.06,5358706.5
1529,536407.3,5358706.0
1530,534052.44,5369026.0
1531,534209.4,5369144.5
1532,534364.7,5369288.0
1533,534541.6,5369407.0
1534,534516.25,5369566.0
1535,534629.8,5369690.5
1536,534705.1,5369828.0
1537,534856.7,5369899.0
1538,535021.4,5370006.0
1539,535105.94,5370214.0
1540,535224.6,5370405.0
1541,535214.06,5370587.0
1542,535090.0,5370690.5
1543,535308.7,5370739.5
1544,535223.0,5370928.0
1545,535352.1,5371029.0
1546,535316.8,5371173.0
1547,535211.06,5371273.0
1548,535189.44,5371412.0
1549,535189.44,5371581.5
1550,535126.2,5371743.5
1551,533907.0,5368895.0
1552,535311.3,5371726.5
1553,535388.1,5371860.5
1554,535552.44,5371926.5
1555,535749.44,5371996.0
1556,535942.4,5371828.5
1557,536150.75,5371949.5
1558,536348.7,5372073.0
1559,536545.2,5372200.5
1560,536737.1,5372336.5
1561,536694.25,5372582.5
1562,536884.5,5372721.0
1563,537072.44,5372861.5
1564,537043.7,5373102.0
1565,535426.0,5352279.0
1566,535670.9,5352337.5
1567,535660.56,5352567.0
1568,535925.06,5352556.5
1569,535932.44,5352788.0
1570,536208.2,5352800.0
1571,536264.2,5353073.0
1572,536369.75,5353362.0
1573,536449.75,5353663.0
1574,536795.7,5353792.5
1575,536841.1,5354142.5
1576,536903.94,5354458.5
1577,536968.4,5354750.5
1578,536972.2,5355021.5
1579,536959.44,5355284.0
1580,536960.25,5355507.0
1581,537006.1,5355668.5
1582,536925.56,5355786.5
1583,536771.9,5355867.0
1584,536767.5,5356058.5
1585,536663.25,5356180.0
1586,536532.5,5356257.0
1587,536413.6,5356340.0
1588,536334.56,5356436.0
1589,536311.94,5356538.5
1590,536247.94,5356614.0
1591,536217.1,5356720.0
1592,536273.0,5356830.0
1593,536205.4,5356913.0
1594,536149.6,5357023.0
1595,536129.7,5357145.5
1596,536004.94,5357195.0
1597,536487.2,5358782.0
1598,536567.2,5358853.5
1599,536422.0,5358864.0
1600,534090.8,5368845.5
1601,534277.4,5368911.0
1602,534428.25,5369073.0
1603,534588.7,5369219.0
1604,534777.56,5369352.0
1605,534719.6,5369531.0
1606,534843.3,5369690.0
1607,535067.0,5369732.5
1608,535261.1,5369876.0
1609,535229.0,5370062.5
1610,535303.94,5370218.5
1611,535460.2,5370328.5
1612,535414.5,5370542.0
1613,535575.5,5370690.5
1614,535457.56,5370860.0
1615,535538.8,5370984.0
1616,535479.5,5371133.0
1617,535384.7,5371299.0
1618,535339.0,5371453.5
1619,535423.56,5371574.5
1620,533985.3,5368705.0
1621,535546.2,5371723.0
1622,535717.6,5371827.0
1623,535777.2,5371653.5
1624,535988.9,5371574.5
1625,536178.2,5371699.0
1626,536384.3,5371821.5
1627,536585.56,5371952.5
1628,536779.7,5372091.0
1629,536966.8,5372236.5
1630,536924.8,5372478.5
1631,537109.3,5372623.0
1632,537291.9,5372764.0
1633,537258.94,5372997.5
1634,537236.44,5373234.5
1635,535736.0,5352108.0
1636,535954.25,5352108.5
1637,535929.25,5352333.5
1638,536185.7,5352318.5
1639,536190.3,5352549.5
1640,536464.6,5352556.5
1641,536490.56,5352829.0
1642,536597.75,5353120.0
1643,536787.44,5353418.0
1644,537129.4,5353619.5
1645,537109.94,5353968.0
1646,537150.9,5354306.5
1647,537204.9,5354604.5
1648,537232.8,5354895.0
1649,537175.44,5355166.5
1650,537165.5,5355398.5
1651,537167.75,5355579.0
1652,537178.4,5355714.5
1653,537110.9,5355800.0
1654,537064.06,5355886.0
1655,536955.25,5355930.5
1656,536882.56,5356006.0
1657,536901.0,5356122.5
1658,536824.2,5356209.0
1659,536778.6,5356333.5
1660,536655.8,5356352.0
1661,536535.9,5356382.0
1662,536449.8,5356459.0
1663,536444.3,5356578.0
1664,536363.25,5356640.0
1665,536345.06,5356743.0
1666,536416.44,5356864.0
1667,536346.2,5356939.0
1668,536287.44,5357013.5
1669,536259.7,5357110.5
1670,536276.25,5357211.0
1671,536182.5,5357303.0
1672,536504.9,5358914.5
1673,536584.5,5358955.5
1674,536433.6,5358955.0
1675,536360.7,5358941.5
1676,536316.6,5358861.0
1677,534192.1,5368686.5
1678,534387.75,5368704.5
1679,534510.3,5368872.0
1680,534639.4,5369020.5
1681,534774.7,5369151.5
1682,534891.9,5369223.5
1683,535014.6,5369306.5
1684,534939.2,5369511.0
1685,535139.8,5369493.0
1686,535320.94,5369646.0
1687,535490.75,5369833.5
1688,535456.75,5370070.5
1689,535660.25,5370248.5
1690,535643.06,5370484.0
1691,535838.7,5370650.0
1692,535707.0,5370862.5
1693,535661.8,5371059.0
1694,535575.94,5371231.5
1695,535513.6,5371400.0
1696,535628.1,5371527.0
1697,534058.56,5368517.0
1698,535824.8,5371445.0
1699,536026.5,5371348.5
1700,536213.5,5371455.5
1701,536414.8,5371575.5
1702,536620.0,5371707.5
1703,536819.6,5371846.5
1704,537008.56,5371993.5
1705,537189.25,5372148.0
1706,537149.25,5372386.0
1707,537329.4,5372532.5
1708,537508.4,5372670.0
1709,537473.3,5372896.5
1710,537444.25,5373125.0
1711,535978.0,5351878.0
1712,536201.25,5351866.5
1713,536192.7,5352094.5
1714,536441.0,5352077.5
1715,536449.06,5352308.0
1716,536730.75,5352314.0
1717,536753.06,5352584.5
1718,536762.75,5352858.0
1719,536956.44,5353062.5
1720,537216.9,5353268.5
1721,537503.0,5353498.0
1722,537421.0,5353838.5
1723,537359.1,5354144.5
1724,537464.7,5354437.5
1725,537426.5,5354714.5
1726,537549.06,5354929.0
1727,537373.3,5355093.0
1728,537359.3,5355306.5
1729,537358.8,5355515.5
1730,537310.5,5355687.0
1731,537270.0,5355823.5
1732,537217.3,5355939.5
1733,537102.9,5356004.0
1734,537015.94,5356090.5
1735,536967.1,5356228.5
1736,536902.44,5356330.0
1737,536460.9,5356700.0
1738,536568.44,5356683.5
1739,536467.1,5356792.0
1740,536557.56,5356870.0
1741,536530.44,5356943.5
1742,536455.3,5356966.5
1743,536431.7,5357050.5
1744,536354.8,5357085.0
1745,536412.6,5357162.5
1746,536415.3,5357250.0
1747,536334.9,5357306.5
1748,536360.06,5357411.5
1749,536518.2,5359026.5
1750,536617.6,5359082.0
1751,536482.8,5359129.5
1752,536287.8,5358941.5
1753,536245.1,5358875.0
1754,536268.0,5358810.5
1755,536331.75,5358767.5
1756,534291.44,5368488.0
1757,534489.9,5368546.5
1758,534600.2,5368688.5
1759,534739.75,5368836.0
1760,534819.8,5368992.0
1761,534964.75,5369081.5
1762,535124.1,5369128.5
1763,535207.0,5369284.5
1764,535307.2,5369430.0
1765,535476.8,5369456.0
1766,535565.94,5369622.0
1767,535706.75,5369794.0
1768,535671.9,5370015.5
1769,535870.2,5370185.5
1770,535865.0,5370413.0
1771,536086.44,5370518.0
1772,536093.44,5370714.0
1773,535925.06,5370850.5
1774,535850.4,5371038.5
1775,535734.3,5371174.5
1776,535689.9,5371337.0
1777,534153.6,5368344.0
1778,535866.0,5371243.5
1779,536036.2,5371153.0
1780,536242.5,5371232.5
1781,536445.4,5371332.5
1782,536648.8,5371465.0
1783,536851.94,5371605.0
1784,537050.94,5371749.0
1785,537230.56,5371905.5
1786,537404.56,5372073.5
1787,537367.25,5372302.0
1788,537544.75,5372445.5
1789,537722.06,5372579.0
1790,537687.0,5372798.0
1791,537653.9,5373018.5
1792,537627.0,5373242.0
1793,536175.0,5351636.0
1794,536432.7,5351631.0
1795,536440.4,5351854.0
1796,536688.8,5351830.5
1797,536705.1,5352064.5
1798,536998.2,5352075.5
1799,537036.4,5352364.5
1800,537037.9,5352701.5
1801,537304.25,5352890.5
1802,537618.5,5353107.0
1803,537858.75,5353421.0
1804,537765.06,5353790.5
1805,537623.75,5354123.5
1806,537789.25,5354394.5
1807,537675.6,5354658.0
1808,537830.8,5354856.0
1809,537749.5,5355087.5
1810,537547.9,5355186.5
1811,537532.06,5355400.5
1812,537543.4,5355576.0
1813,537445.3,5355685.5
1814,537400.7,5355820.0
1815,537365.5,5355949.5
1816,537319.75,5356079.5
1817,537215.25,5356071.0
1818,537141.1,5356138.5
1819,537076.1,5356235.5
1820,537020.6,5356366.5
1821,536573.9,5356780.5
1822,536541.94,5357039.0
1823,536630.5,5357005.0
1824,536536.44,5357136.5
1825,536554.1,5357245.5
1826,536479.4,5357334.5
1827,536538.5,5357424.5
1828,536537.56,5357519.5
1829,536585.0,5359199.5
1830,536680.7,5359212.0
1831,536566.5,5359301.5
1832,536204.7,5358934.0
1833,536280.7,5359022.5
1834,536163.0,5358894.0
1835,536193.8,5358822.0
1836,536238.8,5358733.5
1837,536285.56,5358688.5
1838,536326.6,5358614.0
1839,534295.0,5368240.0
1840,534478.2,5368376.5
1841,534685.0,5368485.0
1842,534774.4,5368650.0
1843,534922.1,5368723.5
1844,534946.0,5368885.0
1845,535096.8,5368948.0
1846,535231.06,5369010.5
1847,535317.4,5369133.5
1848,535403.3,5369276.0
1849,535585.3,5369295.5
1850,535695.6,5369426.0
1851,535782.56,5369592.5
1852,535902.2,5369763.0
1853,535867.6,5369966.0
1854,536063.2,5370094.5
1855,536091.0,5370307.0
1856,536340.25,5370369.5
1857,536300.0,5370586.0
1858,536323.5,5370769.5
1859,536152.25,5370882.5
1860,536027.6,5370995.5
1861,536222.1,5371051.0
1862,536471.6,5371087.5
1863,536674.3,5371224.5
1864,536875.7,5371365.5
1865,537077.44,5371507.5
1866,537284.5,5371650.5
1867,537444.56,5371852.0
1868,537617.3,5372003.0
1869,537580.3,5372223.0
1870,537755.75,5372362.0
1871,537933.94,5372493.5
1872,537900.6,5372703.0
1873,537865.1,5372916.5
1874,537833.75,5373131.0
1875,537802.3,5373348.0
1876,536433.44,5351404.0
1877,536243.0,5351420.0
1878,536669.1,5351376.5
1879,536682.6,5351603.5
1880,536935.56,5351569.5
1881,536949.8,5351814.0
1882,537225.1,5351819.0
1883,537342.56,5352117.0
1884,537330.44,5352491.0
1885,537612.25,5352674.0
1886,537885.25,5352825.0
1887,538045.1,5353126.0
1888,538278.9,5353499.0
1889,538020.3,5353662.0
1890,538152.2,5353924.5
1891,537899.8,5354102.5
1892,538096.6,5354307.5
1893,537970.56,5354594.0
1894,538096.25,5354804.5
1895,537985.3,5355034.5
1896,537906.25,5355239.0
1897,537709.25,5355302.5
1898,537698.56,5355489.5
1899,537708.06,5355636.5
1900,537586.6,5355724.5
1901,537519.25,5355814.0
1902,537514.94,5355942.5
1903,537448.7,5356094.5
1904,537360.0,5356235.5
1905,537255.4,5356191.0
1906,537177.1,5356250.5
1907,537132.5,5356336.5
1908,537115.4,5356424.0
1909,536638.6,5357099.5
1910,536723.6,5357061.5
1911,536652.06,5357190.0
1912,536700.6,5357277.5
1913,536632.2,5357349.0
1914,536653.0,5357441.0
1915,536638.5,5357532.0
1916,536571.94,5357597.5
1917,536679.2,5359326.0
1918,536804.25,5359309.0
1919,536720.9,5359443.5
1920,536212.1,5359011.0
1921,536244.56,5359065.5
1922,536347.1,5359085.0
1923,536094.44,5358873.0
1924,536109.2,5358800.0
1925,536232.2,5358633.0
1926,536257.7,5358567.5
1927,536270.56,5358493.0
1928,534481.0,5368204.0
1929,534661.1,5368291.5
1930,534854.5,5368357.5
1931,534908.75,5368526.0
1932,535049.7,5368630.5
1933,535114.3,5368773.5
1934,535269.94,5368870.0
1935,535395.1,5368985.5
1936,535535.9,5369134.5
1937,535781.75,5369214.0
1938,535926.8,5369416.5
1939,535971.1,5369601.0
1940,536103.9,5369745.0
1941,536032.06,5369904.0
1942,536211.2,5369940.0
1943,536277.06,5370154.5
1944,536503.2,5370163.0
1945,536619.75,5370320.5
1946,536515.9,5370493.0
1947,536479.1,5370663.0
1948,536555.4,5370839.0
1949,536357.75,5370927.5
1950,536712.25,5370989.5
1951,536898.4,5371129.5
1952,537091.2,5371265.0
1953,537283.0,5371391.5
1954,537477.3,5371478.5
1955,537505.2,5371668.5
1956,537663.75,5371790.0
1957,537823.75,5371928.0
1958,537788.3,5372145.5
1959,537961.9,5372283.5
1960,538141.75,5372410.0
1961,538120.56,5372615.0
1962,538076.4,5372818.0
1963,538045.75,5373027.0
1964,538012.7,5373237.0
1965,537953.3,5373444.5
1966,536371.0,5351186.0
1967,536624.0,5351151.5
1968,536875.4,5351102.5
1969,536919.3,5351334.0
1970,537179.94,5351297.0
1971,537198.56,5351548.5
1972,537476.9,5351542.0
1973,537494.06,5351801.5
1974,537714.7,5351939.0
1975,537652.0,5352286.0
1976,537957.8,5352460.5
1977,538219.5,5352727.5
1978,538390.56,5353101.0
1979,538598.2,5353329.5
1980,538663.94,5353622.0
1981,538474.4,5353876.0
1982,538370.4,5354213.0
1983,538276.56,5354545.0
1984,538314.25,5354817.5
1985,538214.5,5355015.0
1986,538107.8,5355214.5
1987,538018.5,5355405.0
1988,537846.4,5355409.0
1989,537888.25,5355561.5
1990,537838.56,5355720.5
1991,537712.3,5355768.0
1992,537656.06,5355873.0
1993,537678.56,5356004.0
1994,537578.9,5356070.0
1995,537574.6,5356204.5
1996,537467.25,5356251.5
1997,537431.5,5356385.0
1998,537328.44,5356369.5
1999,537250.6,5356322.5
2000,537193.06,5356414.5
2001,537197.0,5356533.0
2002,536748.94,5357150.5
2003,536855.0,5357136.5
2004,536763.8,5357226.0
2005,536845.2,5357296.5
2006,536763.5,5357353.0
2007,536743.44,5357428.0
2008,536729.7,5357502.0
2009,536756.4,5357585.0
2010,536678.44,5357647.0
2011,536606.0,5357675.0
2012,536858.2,5359445.0
2013,536997.25,5359471.0
2014,536884.5,5359568.5
2015,536206.2,5359111.5
2016,536138.1,5359079.0
2017,536136.7,5359000.5
2018,536281.8,5359132.0
2019,536359.75,5359139.5
2020,536022.2,5358871.5
2021,536037.0,5358772.5
2022,536107.4,5358705.0
2023,536194.7,5358525.5
2024,534642.3,5368105.0
2025,534817.2,5368186.0
2026,535007.8,5368237.5
2027,535059.1,5368385.5
2028,535100.5,5368510.0
2029,535213.56,5368610.5
2030,535298.4,5368730.5
2031,535461.8,5368801.5
2032,535548.1,5368960.5
2033,535688.5,5369036.5
2034,535854.3,5368973.0
2035,535961.5,5369113.5
2036,535999.6,5369254.5
2037,536162.94,5369365.5
2038,536146.75,5369552.5
2039,536298.1,5369739.0
2040,536409.25,5369956.5
2041,536622.94,5369958.0
2042,536748.1,5370143.0
2043,536883.6,5370315.0
2044,536719.7,5370455.0
2045,536659.5,5370628.0
2046,536780.4,5370763.5
2047,536931.75,5370901.0
2048,537110.75,5371033.5
2049,537296.56,5371153.0
2050,537481.06,5371255.5
2051,537667.8,5371356.0
2052,537679.9,5371572.0
2053,537866.1,5371694.5
2054,538017.4,5371876.5
2055,537990.9,5372076.5
2056,538165.6,5372208.5
2057,536565.0,5350940.0
2058,536798.1,5350874.5
2059,537062.5,5350822.0
2060,537136.9,5351056.0
2061,537409.5,5351025.5
2062,537454.5,5351281.0
2063,537748.06,5351305.0
2064,537766.1,5351598.5
2065,538042.7,5351722.5
2066,538007.8,5352089.0
2067,538333.94,5352277.5
2068,538519.8,5352550.0
2069,538546.94,5352832.5
2070,538794.1,5353045.5
2071,538901.8,5353381.5
2072,538999.56,5353683.0
2073,538813.2,5353917.5
2074,538664.7,5354176.0
2075,538559.2,5354459.0
2076,538509.75,5354732.5
2077,538459.25,5355000.0
2078,538308.06,5355198.0
2079,538204.25,5355384.0
2080,538099.7,5355569.5
2081,537979.2,5355685.5
2082,537956.94,5355825.0
2083,537816.56,5355858.5
2084,537805.25,5355972.5
2085,537814.25,5356098.5
2086,537697.7,5356152.5
2087,537691.56,5356314.5
2088,537555.4,5356355.0
2089,537520.3,5356488.0
2090,537421.25,5356523.5
2091,537352.2,5356466.5
2092,537266.3,5356464.0
2093,537254.9,5356586.0
2094,537197.3,5356655.5
2095,536860.1,5357214.0
2096,536962.7,5357198.5
2097,536957.5,5357277.0
2098,536971.0,5357357.0
2099,536867.7,5357373.0
2100,536827.3,5357428.5
2101,536839.1,5357515.5
2102,536875.8,5357622.0
2103,536784.4,5357680.5
2104,536728.7,5357750.0
2105,536640.4,5357752.0
2106,537001.75,5359602.5
2107,537114.5,5359667.5
2108,536998.75,5359729.0
2109,536167.5,5359154.0
2110,536044.8,5359034.5
2111,536064.4,5359121.0
2112,536061.9,5358953.5
2113,536292.0,5359182.5
2114,536209.7,5359214.5
2115,536387.1,5359199.0
2116,535952.4,5358816.0
2117,535972.9,5358954.5
2118,535983.06,5358725.5
2119,536044.8,5358677.0
2120,536087.2,5358594.5
2121,534795.25,5368011.0
2122,534954.9,5368083.5
2123,535132.56,5368114.0
2124,535211.25,5368274.5
2125,535264.7,5368451.5
2126,535391.25,5368609.0
2127,535573.6,5368643.5
2128,535670.94,5368835.5
2129,535848.75,5368792.5
2130,536041.06,5368824.5
2131,536048.6,5368993.5
2132,536168.5,5369152.0
2133,536341.94,5369289.0
2134,536365.7,5369523.5
2135,536504.06,5369745.5
2136,536725.5,5369747.5
2137,536848.9,5369932.5
2138,536980.8,5370097.5
2139,537118.5,5370244.0
2140,537047.1,5370452.5
2141,536857.25,5370545.0
2142,536985.5,5370677.0
2143,537132.7,5370814.0
2144,537314.5,5370929.0
2145,537494.4,5371023.5
2146,537672.2,5371136.5
2147,537851.25,5371241.5
2148,537852.75,5371458.5
2149,538032.0,5371533.5
2150,538061.56,5371706.0
2151,538208.2,5371812.0
2152,538193.9,5372010.0
2153,536644.0,5350673.0
2154,536953.3,5350602.0
2155,537235.44,5350535.5
2156,537335.94,5350777.0
2157,537620.7,5350758.5
2158,537697.4,5351026.5
2159,538003.8,5351067.0
2160,538061.3,5351368.5
2161,538360.3,5351493.0
2162,538345.4,5351879.5
2163,538682.9,5352020.0
2164,538751.2,5352341.0
2165,538821.2,5352681.0
2166,539102.6,5352827.5
2167,539123.2,5353148.5
2168,539198.9,5353457.0
2169,539301.4,5353738.5
2170,539129.7,5353960.0
2171,538969.1,5354188.5
2172,538836.6,5354429.0
2173,538747.2,5354679.0
2174,538675.3,5354902.0
2175,538667.6,5355105.0
2176,538532.75,5355206.5
2177,538425.7,5355339.5
2178,538371.0,5355469.5
2179,538282.25,5355581.0
2180,538240.3,5355722.0
2181,538098.94,5355764.0
2182,538078.56,5355921.0
2183,537943.44,5355958.0
2184,537935.94,5356076.5
2185,537947.56,5356225.0
2186,537816.44,5356241.5
2187,537771.7,5356394.0
2188,537649.75,5356442.0
2189,537606.25,5356554.5
2190,537482.1,5356596.5
2191,537394.44,5356637.0
2192,537328.7,5356565.0
2193,537293.44,5356686.0
2194,537192.5,5356772.5
2195,537088.25,5356736.0
2196,537089.3,5357299.5
2197,537039.0,5357410.0
2198,536924.94,5357443.0
2199,536962.6,5357528.5
2200,536982.2,5357620.0
2201,536964.0,5357719.5
2202,536869.4,5357727.0
2203,536802.06,5357793.0
2204,537089.8,5359791.0
2205,537187.0,5359862.0
2206,537072.8,5359928.0
2207,536327.6,5359249.0
2208,536427.3,5359271.0
2209,535893.7,5358877.0
2210,535862.0,5358779.0
2211,535903.9,5358719.0
2212,535978.6,5358645.5
2213,534940.2,5367922.0
2214,535063.5,5367981.5
2215,535197.8,5367929.0
2216,535247.44,5368038.5
2217,535305.0,5368135.5
2218,535410.9,5368231.5
2219,535374.7,5368353.0
2220,535476.3,5368479.0
2221,535678.44,5368467.5
2222,535753.56,5368645.0
2223,535945.06,5368658.5
2224,536131.75,5368652.0
2225,536252.4,5368776.5
2226,536215.6,5368953.0
2227,536363.8,5369089.5
2228,536532.9,5369214.0
2229,536511.8,5369389.5
2230,536607.5,5369556.0
2231,536831.6,5369545.0
2232,536952.5,5369720.0
2233,537078.94,5369883.0
2234,537209.56,5370036.0
2235,537340.0,5370193.0
2236,537259.1,5370395.5
2237,537183.06,5370597.0
2238,537311.75,5370735.5
2239,537507.4,5370776.0
2240,537683.2,5370915.0
2241,537859.7,5371030.5
2242,538034.56,5371133.0
2243,538029.4,5371335.0
2244,538209.75,5371423.0
2245,538214.5,5371616.5
2246,536858.25,5350396.0
2247,536662.56,5350451.0
2248,537120.5,5350300.0
2249,537396.06,5350240.5
2250,537520.6,5350500.5
2251,537825.44,5350500.0
2252,537917.5,5350769.5
2253,538192.44,5350822.0
2254,538367.5,5351092.0
2255,538676.5,5351273.5
2256,538673.44,5351659.0
2257,539011.8,5351814.5
2258,539051.6,5352151.0
2259,539093.4,5352486.0
2260,539400.06,5352638.0
2261,539386.1,5352945.5
2262,539398.8,5353248.0
2263,539475.3,5353522.0
2264,539579.7,5353785.5
2265,539423.5,5354001.0
2266,539261.94,5354216.0
2267,539115.4,5354430.5
2268,538999.44,5354652.5
2269,538892.8,5354856.0
2270,538821.1,5355041.0
2271,538845.06,5355208.0
2272,538694.06,5355281.0
2273,538584.56,5355381.0
2274,538514.3,5355498.5
2275,538432.8,5355602.0
2276,538408.25,5355738.0
2277,538333.25,5355846.5
2278,538211.7,5355870.0
2279,538187.44,5356003.0
2280,538061.9,5356064.5
2281,538042.56,5356161.5
2282,538101.94,5356256.0
2283,537989.0,5356347.0
2284,537887.9,5356347.0
2285,537842.8,5356476.5
2286,537732.6,5356525.5
2287,537679.2,5356628.5
2288,537563.5,5356645.0
2289,537491.75,5356714.0
2290,537394.2,5356740.5
2291,537295.4,5356798.0
2292,537191.9,5356885.0
2293,537088.2,5356867.5
2294,537135.6,5357452.5
2295,537208.06,5357374.0
2296,537075.1,5357563.0
2297,537053.9,5357672.0
2298,537074.2,5357765.5
2299,537003.2,5357814.5
2300,536916.4,5357816.0
2301,536849.6,5357848.0
2302,537155.44,5359988.5
2303,537245.7,5360079.5
2304,537116.0,5360125.5
2305,536369.6,5359316.0
2306,535077.5,5367837.5
2307,535207.6,5367757.5
2308,535313.0,5367839.5
2309,535362.4,5367984.5
2310,535462.56,5368096.0
2311,535578.0,5368195.0
2312,535543.94,5368339.0
2313,535706.44,5368284.5
2314,535854.0,5368353.0
2315,535875.2,5368501.0
2316,536039.75,5368528.5
2317,536201.1,5368482.5
2318,536311.8,5368598.0
2319,536441.1,5368723.0
2320,536406.25,5368898.5
2321,536548.44,5369023.5
2322,536708.8,5369148.5
2323,536715.94,5369358.0
2324,536951.4,5369370.0
2325,537066.8,5369522.0
2326,537186.5,5369677.0
2327,537308.1,5369834.0
2328,537430.8,5369994.5
2329,537553.6,5370162.0
2330,537469.44,5370360.5
2331,537393.5,5370562.5
2332,537588.94,5370541.5
2333,537711.94,5370703.0
2334,537875.9,5370827.0
2335,538047.06,5370928.0
2336,538220.94,5371043.5
2337,538210.5,5371232.0
2338,536691.25,5350230.0
2339,536953.56,5350118.0
2340,537248.8,5349968.0
2341,537565.56,5349967.0
2342,537690.06,5350235.5
2343,537985.9,5350249.0
2344,538171.1,5350511.0
2345,538466.25,5350679.5
2346,538714.9,5350875.5
2347,538998.7,5351069.0
2348,538991.94,5351453.0
2349,539320.5,5351616.0
2350,539353.9,5351962.5
2351,539382.0,5352301.5
2352,539679.8,5352459.5
2353,539704.8,5352803.5
2354,539603.75,5353075.0
2355,539661.25,5353317.5
2356,539728.7,5353567.0
2357,539844.75,5353801.5
2358,539710.3,5354038.0
2359,539535.6,5354249.5
2360,539387.6,5354451.5
2361,539258.5,5354650.5
2362,539106.75,5354797.5
2363,539047.5,5354938.0
2364,538971.2,5355076.0
2365,539012.44,5355222.0
2366,538954.94,5355311.0
2367,538880.0,5355350.0
2368,538792.06,5355365.0
2369,538684.7,5355419.0
2370,538640.8,5355542.0
2371,538556.5,5355658.0
2372,538552.5,5355787.5
2373,538442.3,5355867.0
2374,538458.2,5355958.5
2375,538315.0,5355968.0
2376,538275.6,5356097.0
2377,538148.4,5356145.5
2378,538203.0,5356211.0
2379,538235.0,5356282.0
2380,538170.1,5356337.0
2381,538091.9,5356364.0
2382,538059.5,5356438.5
2383,537958.2,5356444.0
2384,537908.1,5356553.5
2385,537802.44,5356599.0
2386,537754.2,5356676.0
2387,537614.25,5356712.5
2388,537585.0,5356801.5
2389,537492.3,5356822.5
2390,537402.3,5356846.5
2391,537304.94,5356903.0
2392,537218.75,5356980.0
2393,537099.2,5357007.0
2394,537247.5,5357501.5
2395,537176.06,5357572.0
2396,537337.94,5357426.5
2397,537154.4,5357679.5
2398,537171.44,5357803.0
2399,537079.3,5357879.5
2400,536989.6,5357902.0
2401,536912.0,5357923.5
2402,536833.7,5357934.5
2403,537190.1,5360183.0
2404,537270.4,5360277.0
2405,537129.9,5360291.0
2406,535331.0,5367682.0
2407,535409.0,5367768.0
2408,535435.0,5367876.0
2409,535525.2,5367960.0
2410,535602.44,5368066.0
2411,535729.3,5368118.0
2412,535857.75,5368199.5
2413,535993.56,5368249.5
2414,536050.1,5368377.5
2415,536234.4,5368340.0
2416,536394.25,5368410.0
2417,536470.6,5368553.5
2418,536603.7,5368636.0
2419,536608.4,5368829.0
2420,536715.9,5368982.0
2421,536897.4,5369049.5
2422,536863.56,5369224.5
2423,537048.5,5369189.5
2424,537180.1,5369332.5
2425,537303.4,5369478.0
2426,537416.94,5369637.5
2427,537530.4,5369801.0
2428,537644.5,5369969.5
2429,537762.8,5370140.5
2430,537674.2,5370332.5
2431,537785.5,5370495.0
2432,537886.8,5370642.0
2433,538055.44,5370707.0
2434,538234.2,5370857.5
2435,536713.1,5350009.0
2436,536978.06,5349849.5
2437,537192.0,5349639.0
2438,537472.6,5349688.0
2439,537770.7,5349710.0
2440,537864.94,5349982.0
2441,538153.4,5349999.5
2442,538260.1,5350224.5
2443,538511.4,5350320.0
2444,538780.1,5350451.5
2445,539036.0,5350663.5
2446,539309.44,5350874.0
2447,539301.6,5351253.0
2448,539617.44,5351419.0
2449,539645.4,5351771.0
2450,539671.1,5352119.5
2451,539970.75,5352283.0
2452,539949.75,5352601.0
2453,540039.75,5352915.5
2454,539845.75,5353099.5
2455,539906.0,5353365.5
2456,539953.8,5353600.0
2457,540133.3,5353765.0
2458,539995.4,5353984.5
2459,539920.56,5354175.0
2460,539776.1,5354311.0
2461,539644.5,5354493.0
2462,539516.44,5354673.5
2463,539441.4,5354854.5
2464,539279.94,5354852.0
2465,539227.0,5354991.0
2466,539112.2,5355054.5
2467,539118.9,5355167.5
2468,539138.7,5355283.0
2469,539040.06,5355338.0
2470,538988.2,5355417.0
2471,538890.6,5355466.5
2472,538764.4,5355488.5
2473,538742.7,5355595.5
2474,538679.4,5355699.0
2475,538666.1,5355830.5
2476,538566.4,5355901.5
2477,538541.25,5356007.0
2478,538459.06,5356045.5
2479,538385.6,5356040.5
2480,538364.9,5356151.0
2481,538305.56,5356226.5
2482,538342.3,5356348.5
2483,538238.5,5356387.5
2484,538144.6,5356450.5
2485,538105.3,5356507.0
2486,538012.8,5356554.5
2487,537954.1,5356636.0
2488,537867.1,5356663.5
2489,537823.0,5356748.5
2490,537685.4,5356765.0
2491,537680.1,5356884.5
2492,537586.6,5356897.5
2493,537506.9,5356933.0
2494,537410.9,5356955.0
2495,537322.25,5357021.5
2496,537217.0,5357091.5
2497,537095.75,5357131.5
2498,537356.25,5357547.0
2499,537273.4,5357635.5
2500,537473.2,5357479.0
2501,537245.0,5357737.0
2502,537291.2,5357831.5
2503,537236.75,5357883.5
2504,537157.44,5357904.0
2505,537123.25,5357999.5
2506,537042.94,5357978.0
2507,536967.1,5358005.0
2508,536880.3,5358019.5
2509,536794.4,5358014.0
2510,537207.1,5360388.0
2511,537282.7,5360485.5
2512,537145.44,5360494.5
2513,535532.8,5367782.5
2514,535606.7,5367875.5
2515,535685.06,5367959.0
2516,535808.1,5367989.5
2517,535879.2,5368069.0
2518,536014.44,5368107.5
2519,536164.5,5368210.5
2520,536360.9,5368231.0
2521,536530.4,5368263.5
2522,536601.7,5368434.0
2523,536738.3,5368545.0
2524,536770.25,5368701.0
2525,536815.56,5368865.0
2526,536985.9,5368899.0
2527,537106.6,5369014.0
2528,537251.3,5369146.5
2529,537420.44,5369276.5
2530,537533.94,5369446.5
2531,537639.75,5369613.0
2532,537742.94,5369782.0
2533,537848.2,5369953.5
2534,537968.1,5370122.5
2535,537885.1,5370307.5
2536,537985.2,5370481.5
2537,538155.94,5370500.0
2538,538211.06,5370661.0
2539,536726.94,5349787.0
2540,536918.06,5349570.0
2541,537090.3,5349333.5
2542,537386.94,5349386.0
2543,537687.25,5349427.5
2544,537992.8,5349467.0
2545,538059.0,5349741.5
2546,538322.1,5349793.0
2547,538470.9,5350008.0
2548,538805.25,5350002.5
2549,539099.94,5350237.5
2550,539349.94,5350478.0
2551,539613.06,5350704.0
2552,539604.6,5351062.5
2553,539910.9,5351223.0
2554,539925.8,5351573.5
2555,539949.94,5351932.0
2556,540242.94,5352099.0
2557,540267.1,5352479.0
2558,540150.4,5352709.0
2559,540331.3,5352830.0
2560,540329.56,5353079.5
2561,540102.5,5353204.0
2562,540137.25,5353478.0
2563,540344.75,5353611.0
2564,540388.1,5353854.5
2565,540242.9,5354013.5
2566,540135.75,5354196.5
2567,540017.5,5354372.0
2568,539886.44,5354532.0
2569,539772.7,5354720.5
2570,539629.06,5354887.0
2571,539533.1,5355047.5
2572,539385.0,5355017.5
2573,539325.9,5355102.5
2574,539226.06,5355127.5
2575,539238.94,5355257.5
2576,539223.25,5355381.0
2577,539116.3,5355403.0
2578,539063.06,5355512.5
2579,538963.8,5355552.5
2580,538850.0,5355577.5
2581,538804.6,5355687.0
2582,538765.9,5355799.0
2583,538762.5,5355921.0
2584,538656.25,5355953.0
2585,538634.94,5356065.5
2586,538528.56,5356127.5
2587,538452.2,5356157.5
2588,538417.75,5356268.0
2589,538407.1,5356385.0
2590,538371.25,5356479.0
2591,538309.4,5356425.0
2592,538280.4,5356504.0
2593,538212.0,5356468.5
2594,538189.8,5356561.5
2595,538102.25,5356596.0
2596,538027.06,5356664.5
2597,537948.9,5356731.5
2598,537944.6,5356832.5
2599,537833.56,5356817.0
2600,537759.6,5356815.5
2601,537781.0,5356908.0
2602,537747.4,5356977.0
2603,537641.9,5357004.0
2604,537511.75,5357034.5
2605,537419.8,5357078.5
2606,537332.7,5357151.5
2607,537227.1,5357224.0
2608,537443.0,5357580.0
2609,537388.5,5357668.0
2610,537342.56,5357752.5
2611,537544.44,5357597.5
2612,537609.3,5357525.5
2613,537446.3,5357791.0
2614,537392.3,5357864.5
2615,537330.4,5357934.5
2616,537221.56,5357965.0
2617,537207.94,5358057.0
2618,537125.7,5358110.0
2619,537038.3,5358081.5
2620,536941.06,5358100.5
2621,536847.06,5358113.5
2622,536765.25,5358095.0
2623,537217.9,5360604.5
2624,537287.44,5360692.5
2625,537148.44,5360703.0
2626,535677.3,5367792.0
2627,535580.0,5367660.5
2628,535799.44,5367875.0
2629,535951.6,5367931.0
2630,536068.2,5367990.5
2631,536169.5,5368061.0
2632,536310.3,5368091.0
2633,536488.9,5368084.0
2634,536654.3,5368126.5
2635,536705.6,5368282.0
2636,536806.6,5368412.5
2637,536916.56,5368564.0
2638,536947.9,5368746.0
2639,537146.8,5368818.0
2640,537283.6,5368954.5
2641,537432.0,5369069.5
2642,537589.25,5369130.5
2643,537668.0,5369271.0
2644,537761.3,5369434.5
2645,537854.1,5369602.0
2646,537943.8,5369770.5
2647,538036.2,5369936.5
2648,538162.75,5370085.0
2649,538104.44,5370286.5
2650,538272.7,5370366.0
2651,538351.8,5370526.0
2652,536659.0,5349553.0
2653,536788.3,5349291.0
2654,536951.0,5349033.0
2655,537269.56,5349084.5
2656,537585.25,5349134.5
2657,537901.44,5349178.0
2658,538221.6,5349236.5
2659,538298.75,5349533.0
2660,538593.6,5349695.0
2661,538899.8,5349518.0
2662,539150.5,5349834.5
2663,539485.4,5350071.5
2664,539654.7,5350361.0
2665,539905.75,5350517.5
2666,539902.1,5350874.0
2667,540202.1,5351024.5
2668,540211.5,5351371.5
2669,540204.9,5351723.0
2670,540432.6,5351840.5
2671,540566.0,5352062.0
2672,540471.2,5352295.5
2673,540614.75,5352516.5
2674,540514.2,5352715.5
2675,540610.2,5352983.0
2676,540557.7,5353238.5
2677,540336.6,5353344.5
2678,540544.94,5353491.0
2679,540569.3,5353724.5
2680,540608.7,5353953.0
2681,540471.4,5354093.0
2682,540355.4,5354246.0
2683,540241.3,5354408.0
2684,540122.06,5354564.5
2685,540016.9,5354715.5
2686,539952.9,5354861.5
2687,539822.7,5354949.5
2688,539689.75,5355073.0
2689,539605.8,5355194.0
2690,539459.25,5355175.0
2691,539342.94,5355224.5
2692,539333.56,5355354.5
2693,539305.7,5355476.5
2694,539186.8,5355500.0
2695,539147.8,5355614.0
2696,539034.1,5355631.5
2697,538906.6,5355709.5
2698,538856.5,5355831.0
2699,538884.0,5355962.0
2700,538757.3,5356027.0
2701,538723.6,5356146.0
2702,538637.9,5356178.0
2703,538608.44,5356280.5
2704,538506.5,5356256.5
2705,538495.1,5356369.0
2706,538469.9,5356466.5
2707,538441.0,5356540.0
2708,538353.4,5356554.5
2709,538263.7,5356611.0
2710,538182.3,5356649.5
2711,538098.3,5356682.0
2712,538030.5,5356766.0
2713,538045.44,5356866.0
2714,538041.2,5356955.0
2715,537958.1,5356937.0
2716,537863.2,5356892.0
2717,537862.94,5356975.0
2718,537839.56,5357057.5
2719,537745.9,5357086.5
2720,537663.3,5357100.0
2721,537595.0,5357101.0
2722,537502.2,5357136.0
2723,537436.25,5357211.0
2724,537350.0,5357284.5
2725,537497.56,5357696.0
2726,537652.6,5357616.0
2727,537597.06,5357699.0
2728,537706.94,5357542.0
2729,537563.2,5357784.5
2730,537485.94,5357873.5
2731,537456.8,5357974.5
2732,537369.6,5358021.0
2733,537286.44,5358016.0
2734,537310.6,5358097.5
2735,537213.94,5358148.0
2736,537145.94,5358216.0
2737,537068.3,5358190.5
2738,536996.7,5358175.0
2739,536920.56,5358197.0
2740,536846.0,5358210.5
2741,536767.7,5358183.5
2742,537219.06,5360784.5
2743,537293.56,5360882.0
2744,537153.06,5360883.5
2745,535712.6,5367663.0
2746,535805.56,5367754.0
2747,535654.9,5367532.5
2748,535911.06,5367823.0
2749,536086.5,5367878.5
2750,536162.1,5367934.5
2751,536267.5,5367938.5
2752,536388.75,5367964.0
2753,536502.1,5367897.0
2754,536640.1,5367971.0
2755,536808.1,5368020.5
2756,536807.06,5368158.0
2757,536887.0,5368270.5
2758,536993.8,5368399.5
2759,537108.75,5368512.0
2760,537068.44,5368657.0
2761,537228.1,5368650.5
2762,537345.5,5368777.5
2763,537451.1,5368899.5
2764,537609.75,5368956.5
2765,537790.44,5369068.5
2766,537887.0,5369259.0
2767,537977.56,5369432.0
2768,538059.1,5369600.5
2769,538132.75,5369763.0
2770,538198.75,5369912.0
2771,538339.1,5369980.5
2772,538328.3,5370183.5
2773,538443.75,5370375.0
2774,536475.1,5349278.0
2775,536622.94,5349008.5
2776,536786.2,5348719.5
2777,537128.2,5348776.0
2778,537459.4,5348839.0
2779,537783.75,5348883.5
2780,538107.0,5348925.5
2781,538431.25,5348992.0
2782,538551.7,5349345.5
2783,538762.94,5349094.0
2784,539102.06,5349140.5
2785,539285.75,5349435.5
2786,539471.8,5349714.0
2787,539804.8,5349778.5
2788,539929.7,5350116.0
2789,540163.75,5350365.0
2790,540189.7,5350687.5
2791,540493.25,5350812.0
2792,540495.8,5351155.0
2793,540493.5,5351519.5
2794,540681.75,5351796.5
2795,540844.0,5352023.5
2796,540740.44,5352286.5
2797,540916.7,5352530.0
2798,540776.1,5352762.0
2799,540912.94,5352997.0
2800,540809.3,5353203.0
2801,540733.44,5353400.0
2802,540768.3,5353610.5
2803,540771.5,5353835.0
2804,540797.94,5354041.0
2805,540670.3,5354178.5
2806,540568.9,5354329.0
2807,540449.7,5354461.0
2808,540328.2,5354606.5
2809,540229.4,5354754.0
2810,540128.7,5354895.0
2811,540014.06,5355026.5
2812,539842.6,5355129.5
2813,539737.6,5355248.5
2814,539657.75,5355349.5
2815,539546.4,5355289.0
2816,539442.56,5355320.0
2817,539423.7,5355451.0
2818,539387.94,5355572.0
2819,539268.3,5355593.5
2820,539228.94,5355705.5
2821,539113.2,5355730.5
2822,539002.56,5355749.0
2823,538948.4,5355858.5
2824,539011.9,5355951.5
2825,538970.7,5356068.5
2826,538842.0,5356077.0
2827,538802.25,5356192.5
2828,538687.4,5356260.0
2829,538644.3,5356367.5
2830,538565.3,5356358.0
2831,538569.1,5356463.0
2832,538538.3,5356555.5
2833,538360.0,5356652.0
2834,538292.6,5356728.5
2835,538112.06,5356770.0
2836,538126.25,5356857.5
2837,538133.5,5356946.0
2838,538086.1,5357013.5
2839,538017.7,5357038.0
2840,537934.0,5357034.5
2841,537905.3,5357114.5
2842,537845.4,5357172.5
2843,537745.75,5357184.5
2844,537632.0,5357200.5
2845,537538.94,5357262.0
2846,537464.06,5357336.0
2847,537750.1,5357621.0
2848,537702.25,5357696.5
2849,537652.7,5357773.5
2850,537795.7,5357535.5
2851,537657.2,5357862.0
2852,537567.25,5357916.5
2853,537562.5,5358006.0
2854,537518.44,5358085.0
2855,537428.6,5358087.0
2856,537385.3,5358158.0
2857,537299.6,5358184.5
2858,537224.56,5358247.5
2859,537158.5,5358331.0
2860,537085.06,5358283.5
2861,536996.75,5358279.5
2862,536903.1,5358293.5
2863,536808.94,5358291.0
2864,536715.75,5358269.0
2865,537223.56,5360982.0
2866,537298.25,5361076.5
2867,537145.4,5361072.0
2868,535772.4,5367564.5
2869,535840.56,5367644.5
2870,535929.5,5367710.0
2871,535763.94,5367469.5
2872,535728.0,5367399.0
2873,536182.0,5367802.0
2874,536348.94,5367805.5
2875,536495.25,5367742.0
2876,536633.3,5367810.0
2877,536767.2,5367865.0
2878,536872.25,5367906.0
2879,536975.94,5367958.5
2880,536974.56,5368116.5
2881,537045.5,5368261.5
2882,537201.0,5368355.5
2883,537276.7,5368501.5
2884,537404.5,5368612.0
2885,537556.2,5368753.0
2886,537750.06,5368841.5
2887,537931.6,5368914.0
2888,538014.2,5369103.0
2889,538109.25,5369275.5
2890,538189.0,5369448.5
2891,538258.06,5369617.0
2892,538313.6,5369787.5
2893,538471.44,5369836.0
2894,538515.0,5370018.0
2895,538502.6,5370207.5
2896,536270.44,5349018.5
2897,536432.25,5348717.5
2898,536604.9,5348368.0
2899,536981.25,5348450.0
2900,537331.0,5348539.0
2901,537648.8,5348591.5
2902,537971.0,5348622.0
2903,538287.06,5348643.5
2904,538612.06,5348708.0
2905,538934.1,5348779.5
2906,539245.2,5348832.0
2907,539514.75,5349058.0
2908,539668.3,5349417.0
2909,540042.56,5349470.5
2910,540202.0,5349804.5
2911,540351.0,5350106.0
2912,540450.75,5350462.0
2913,540756.6,5350579.0
2914,540814.56,5350931.5
2915,540744.4,5351282.5
2916,540772.25,5351561.0
2917,540967.75,5351758.0
2918,541117.4,5352013.5
2919,540993.75,5352249.5
2920,541144.8,5352422.0
2921,541209.5,5352625.0
2922,541049.94,5352794.0
2923,541192.25,5353021.5
2924,541066.6,5353213.5
2925,540954.44,5353424.0
2926,540957.4,5353602.5
2927,540952.44,5353752.0
2928,540952.25,5353940.0
2929,540961.8,5354136.0
2930,540829.7,5354227.0
2931,540773.5,5354408.5
2932,540656.7,5354563.0
2933,540501.6,5354643.5
2934,540425.7,5354802.0
2935,540297.8,5354934.0
2936,540183.4,5355065.5
2937,540066.5,5355194.0
2938,539953.0,5355224.5
2939,539853.9,5355304.0
2940,539781.56,5355415.0
2941,539645.1,5355491.0
2942,539542.5,5355413.0
2943,539521.1,5355544.5
2944,539483.8,5355654.5
2945,539350.5,5355694.0
2946,539288.94,5355794.0
2947,539187.1,5355818.0
2948,539068.06,5355843.0
2949,539138.5,5355920.0
2950,539094.5,5356022.0
2951,539095.7,5356119.5
2952,539016.6,5356184.5
2953,538906.6,5356179.0
2954,538811.6,5356299.0
2955,538744.3,5356348.0
2956,538717.56,5356432.5
2957,538653.56,5356477.5
2958,538634.44,5356576.5
2959,538384.0,5356781.0
2960,538314.6,5356867.0
2961,538042.7,5357128.5
2962,537980.75,5357113.5
2963,537937.5,5357190.0
2964,537897.94,5357266.0
2965,537806.9,5357268.5
2966,537718.3,5357269.5
2967,537647.1,5357320.5
2968,537568.06,5357390.5
2969,537862.7,5357596.0
2970,537799.56,5357697.0
2971,537747.75,5357780.0
2972,537897.9,5357528.5
2973,537752.06,5357880.0
2974,537662.2,5357972.5
2975,537623.8,5358078.0
2976,537575.94,5358173.0
2977,537478.6,5358180.0
2978,537396.25,5358236.0
2979,537318.3,5358251.0
2980,537261.6,5358333.5
2981,537217.8,5358423.5
2982,537130.8,5358427.0
2983,537047.7,5358383.0
2984,536947.3,5358385.0
2985,536851.0,5358388.0
2986,536756.0,5358379.0
2987,536675.1,5358360.5
2988,537221.0,5361182.0
2989,537296.6,5361296.0
2990,537137.56,5361294.5
2991,535844.94,5367472.0
2992,535875.56,5367543.5
2993,535954.5,5367582.5
2994,535845.75,5367366.0
2995,535767.3,5367298.0
2996,536232.3,5367674.0
2997,536092.0,5367698.0
2998,536367.94,5367648.5
2999,536500.25,5367601.5
3000,536635.0,5367663.5
3001,536771.2,5367720.0
3002,536933.06,5367791.5
3003,537097.3,5367867.0
3004,537121.4,5368021.5
3005,537161.7,5368178.5
3006,537338.0,5368243.5
3007,537427.7,5368415.5
3008,537554.6,5368561.5
3009,537713.9,5368634.0
3010,537887.6,5368710.5
3011,538057.4,5368774.0
3012,538118.1,5368957.5
3013,538245.4,5369127.0
3014,538324.9,5369308.0
3015,538394.7,5369480.0
3016,538445.6,5369653.0
3017,538617.4,5369707.0
3018,538619.0,5369872.0
3019,536047.75,5348768.0
3020,536187.6,5348445.0
3021,536262.4,5348105.5
3022,536593.06,5348011.0
3023,536945.4,5348069.0
3024,537226.06,5348258.0
3025,537539.4,5348274.5
3026,537819.56,5348350.5
3027,538106.2,5348305.5
3028,538447.0,5348337.5
3029,538794.25,5348409.5
3030,539146.3,5348499.5
3031,539500.06,5348633.0
3032,539833.1,5348746.5
3033,539910.7,5349112.5
3034,540273.8,5349159.5
3035,540423.0,5349510.0
3036,540638.2,5349821.5
3037,540679.0,5350215.0
3038,540996.5,5350339.5
3039,541084.25,5350667.5
3040,541180.3,5350960.0
3041,540996.56,5351170.5
3042,540983.9,5351436.0
3043,541153.6,5351568.5
3044,541243.8,5351797.5
3045,541408.1,5352019.5
3046,541264.5,5352231.0
3047,541384.2,5352455.5
3048,541485.9,5352659.0
3049,541330.1,5352833.5
3050,541458.75,5353031.5
3051,541335.75,5353240.0
3052,541177.94,5353401.5
3053,541136.7,5353606.5
3054,541119.3,5353826.5
3055,541101.9,5354029.0
3056,541098.44,5354235.0
3057,540948.44,5354334.5
3058,540952.06,5354523.0
3059,540858.6,5354637.5
3060,540782.7,5354765.0
3061,540622.0,5354772.0
3062,540558.2,5354921.5
3063,540436.5,5354991.0
3064,540331.75,5355101.5
3065,540225.94,5355218.5
3066,540157.8,5355362.0
3067,540041.44,5355330.0
3068,539937.5,5355406.0
3069,539849.2,5355524.5
3070,539731.75,5355548.0
3071,539638.44,5355638.0
3072,539574.3,5355741.5
3073,539444.56,5355748.5
3074,539369.3,5355835.0
3075,539256.9,5355891.0
3076,539209.6,5355982.5
3077,539198.5,5356072.0
3078,539224.06,5356154.5
3079,539136.6,5356197.5
3080,539066.06,5356265.5
3081,538949.8,5356275.0
3082,538915.3,5356388.0
3083,538843.4,5356438.5
3084,538732.5,5356526.5
3085,538795.44,5356490.0
3086,538717.0,5356622.0
3087,538410.0,5356890.0
3088,538363.3,5356977.0
3089,538017.94,5357202.5
3090,537978.1,5357273.5
3091,537948.8,5357344.0
3092,537850.9,5357353.0
3093,537752.75,5357359.0
3094,537681.3,5357436.0
3095,537960.75,5357580.0
3096,537892.3,5357665.0
3097,537981.3,5357505.0
3098,537747.6,5357980.5
3099,537727.06,5358077.5
3100,537679.3,5358166.0
3101,537634.0,5358255.5
3102,537516.94,5358273.0
3103,537434.75,5358328.5
3104,537183.7,5358518.0
3105,537086.25,5358504.0
3106,536989.8,5358483.0
3107,536877.4,5358486.0
3108,536770.44,5358475.0
3109,536667.4,5358460.0
3110,537220.2,5361381.5
3111,537305.94,5361472.0
3112,537137.6,5361479.5
3113,535946.2,5367438.5
3114,535867.1,5367228.5
3115,535949.6,5367314.5
3116,535784.0,5367151.0
3117,536122.06,5367554.0
3118,536255.8,5367528.0
3119,536379.9,5367504.5
3120,536512.7,5367481.0
3121,536626.5,5367533.0
3122,536762.5,5367553.0
3123,536880.94,5367636.0
3124,536991.9,5367662.5
3125,537092.25,5367735.5
3126,537236.44,5367778.0
3127,537248.4,5367919.5
3128,537277.25,5368079.0
3129,537436.2,5368113.0
3130,537525.25,5368270.5
3131,537661.56,5368423.0
3132,537853.6,5368511.5
3133,538027.75,5368586.0
3134,538190.2,5368650.5
3135,538219.5,5368819.0
3136,538279.6,5368962.0
3137,538424.75,5369020.0
3138,538463.9,5369183.0
3139,538538.8,5369353.0
3140,538592.8,5369525.0
3141,538766.4,5369600.0
3142,538784.0,5369797.5
3143,535809.0,5348520.0
3144,535863.6,5348180.0
3145,535975.75,5347837.0
3146,536356.7,5347736.0
3147,536746.5,5347719.0
3148,537128.3,5347713.5
3149,537372.06,5347983.0
3150,537804.3,5348010.5
3151,538230.7,5347981.5
3152,538622.94,5348031.0
3153,539011.1,5348141.0
3154,539396.1,5348259.5
3155,539765.3,5348358.5
3156,540119.0,5348423.0
3157,540196.8,5348797.5
3158,540563.44,5348854.5
3159,540584.56,5349218.0
3160,540803.06,5349474.0
3161,541081.4,5349709.0
3162,540921.5,5350017.0
3163,541215.1,5350074.5
3164,541317.44,5350414.5
3165,541444.7,5350729.0
3166,541459.6,5351080.5
3167,541250.25,5351287.0
3168,541344.5,5351549.0
3169,541476.7,5351727.5
3170,541614.7,5351901.0
3171,541682.94,5352112.5
3172,541527.2,5352277.0
3173,541649.44,5352491.5
3174,541759.94,5352676.0
3175,541602.5,5352848.5
3176,541721.94,5353030.5
3177,541599.44,5353203.5
3178,541514.94,5353369.0
3179,541357.2,5353506.0
3180,541293.5,5353726.0
3181,541255.94,5353924.0
3182,541229.9,5354099.0
3183,541241.56,5354218.5
3184,541200.94,5354363.0
3185,541074.5,5354440.0
3186,540792.9,5354895.5
3187,540683.56,5354927.0
3188,540666.56,5355049.5
3189,540547.25,5355058.0
3190,540460.75,5355149.5
3191,540359.5,5355240.5
3192,540287.5,5355372.0
3193,540250.06,5355477.0
3194,540139.2,5355515.5
3195,540052.2,5355460.0
3196,539960.75,5355551.0
3197,539883.06,5355641.0
3198,539779.06,5355648.0
3199,539721.5,5355758.5
3200,539607.56,5355840.0
3201,539486.06,5355835.5
3202,539425.7,5355928.5
3203,539320.3,5355947.5
3204,539301.44,5356036.5
3205,539312.6,5356112.5
3206,539004.7,5356342.0
3207,538987.8,5356433.5
3208,538962.7,5356492.5
3209,538880.4,5356536.5
3210,538812.1,5356596.0
3211,538800.0,5356675.0
3212,538450.0,5356999.0
3213,538405.9,5357128.5
3214,538043.6,5357556.5
3215,538007.5,5357639.5
3216,537982.25,5357707.5
3217,538043.9,5357486.0
3218,537583.06,5358341.5
3219,537501.5,5358396.0
3220,537149.6,5358612.0
3221,537049.0,5358597.0
3222,536954.2,5358574.5
3223,536861.7,5358584.5
3224,536777.56,5358574.5
3225,536685.25,5358558.5
3226,537229.25,5361581.0
3227,537316.7,5361675.5
3228,537146.9,5361683.5
3229,535887.9,5367083.5
3230,535962.56,5367160.5
3231,535802.6,5366991.0
3232,536156.44,5367416.0
3233,536270.7,5367365.5
3234,536410.25,5367390.0
3235,536985.56,5367523.5
3236,537087.7,5367607.5
3237,537202.94,5367643.5
3238,537343.94,5367669.0
3239,537396.9,5367816.5
3240,537375.3,5367972.5
3241,537510.5,5367955.5
3242,537585.0,5368117.0
3243,537701.1,5368241.0
3244,537848.94,5368326.5
3245,538016.2,5368403.0
3246,538185.6,5368480.5
3247,538360.56,5368566.5
3248,538326.9,5368718.5
3249,538386.3,5368856.0
3250,538544.7,5368885.0
3251,538598.2,5369051.0
3252,538663.7,5369220.5
3253,538756.56,5369397.0
3254,538919.8,5369504.0
3255,538923.44,5369703.0
3256,535440.0,5348214.0
3257,535538.7,5347914.5
3258,535709.2,5347622.0
3259,536089.94,5347416.0
3260,536502.75,5347406.0
3261,536884.8,5347393.0
3262,537277.1,5347392.0
3263,537553.5,5347680.0
3264,537969.06,5347674.5
3265,538431.8,5347631.0
3266,538863.0,5347763.0
3267,539266.4,5347894.0
3268,539660.75,5347991.5
3269,540038.25,5348047.5
3270,540394.94,5348091.0
3271,540466.1,5348471.0
3272,540802.9,5348518.5
3273,540899.8,5348815.5
3274,540865.6,5349117.5
3275,541140.4,5349333.5
3276,541429.75,5349497.5
3277,541427.3,5349826.5
3278,541519.06,5350160.0
3279,541652.9,5350445.5
3280,541812.6,5350691.0
3281,541674.3,5350922.0
3282,541734.4,5351182.0
3283,541540.4,5351402.5
3284,541696.94,5351666.5
3285,541823.94,5351897.5
3286,541926.3,5352093.5
3287,541797.4,5352317.5
3288,541936.3,5352503.5
3289,542026.6,5352702.5
3290,541864.25,5352859.5
3291,541961.25,5353053.5
3292,541837.6,5353215.0
3293,541727.2,5353391.0
3294,541574.2,5353535.0
3295,541473.25,5353686.0
3296,541416.44,5353863.5
3297,541383.94,5354023.5
3298,541323.2,5354156.0
3299,541331.2,5354293.0
3300,541296.0,5354375.0
3301,540793.6,5355026.0
3302,540783.6,5355156.5
3303,540692.1,5355158.0
3304,540601.6,5355168.0
3305,540530.7,5355233.5
3306,540459.75,5355298.5
3307,540388.8,5355364.0
3308,540388.3,5355486.0
3309,540346.1,5355569.0
3310,540228.56,5355575.0
3311,540130.2,5355647.5
3312,540046.6,5355601.5
3313,539962.6,5355693.0
3314,539848.06,5355751.5
3315,539813.9,5355867.5
3316,539710.4,5355870.5
3317,539635.5,5355937.0
3318,539536.5,5355932.0
3319,539502.5,5356010.5
3320,539406.0,5356021.0
3321,539409.9,5356103.5
3322,539111.0,5356450.0
3323,539050.0,5356353.0
3324,539067.0,5356510.0
3325,538972.1,5356567.5
3326,538896.2,5356661.0
3327,538859.0,5356738.0
3328,538505.4,5357080.0
3329,538516.5,5357149.5
3330,538442.9,5357186.0
3331,538360.1,5357191.5
3332,538123.7,5357526.0
3333,538099.8,5357623.0
3334,538077.94,5357735.5
3335,538107.44,5357452.5
3336,537103.1,5358701.0
3337,536996.56,5358685.0
3338,536905.4,5358658.0
3339,536798.06,5358685.0
3340,536689.3,5358658.0
3341,537237.9,5361780.0
3342,537330.6,5361876.5
3343,537145.44,5361873.0
3344,535910.1,5366900.0
3345,535975.56,5367011.5
3346,535834.44,5366807.0
3347,537152.4,5367500.5
3348,537059.06,5367390.5
3349,537283.4,5367551.5
3350,537415.8,5367527.0
3351,537486.56,5367654.0
3352,537551.9,5367785.5
3353,537629.0,5367885.0
3354,537655.25,5367996.0
3355,537730.2,5368088.5
3356,537858.75,5368137.5
3357,538009.7,5368214.5
3358,538170.6,5368298.5
3359,538335.2,5368383.0
3360,538485.44,5368456.5
3361,538553.94,5368600.5
3362,538474.6,5368724.0
3363,538644.06,5368751.0
3364,538712.8,5368909.0
3365,538766.75,5369074.0
3366,538850.4,5369229.0
3367,538976.4,5369344.0
3368,539125.56,5369443.0
3369,539035.4,5369581.0
3370,535119.1,5347953.0
3371,535278.8,5347522.0
3372,535718.8,5347309.0
3373,535950.4,5346966.5
3374,536298.4,5347097.5
3375,536650.06,5347059.5
3376,537014.7,5347062.0
3377,537359.56,5347083.5
3378,537692.25,5347312.5
3379,538092.8,5347373.5
3380,538380.0,5347190.0
3381,538755.7,5347364.0
3382,539143.56,5347516.0
3383,539540.94,5347635.5
3384,539940.06,5347688.5
3385,540319.3,5347717.0
3386,540679.8,5347786.0
3387,540739.9,5348162.0
3388,541080.44,5348296.0
3389,541141.1,5348639.5
3390,541170.6,5348986.5
3391,541456.3,5349159.5
3392,541754.2,5349327.5
3393,541720.44,5349651.0
3394,541696.3,5349940.5
3395,541847.0,5350183.0
3396,541994.94,5350438.5
3397,542135.7,5350723.5
3398,541936.4,5350961.5
3399,542005.56,5351234.0
3400,541813.25,5351437.0
3401,541934.2,5351664.0
3402,542055.9,5351846.0
3403,542157.4,5352022.0
3404,542031.7,5352264.5
3405,542150.56,5352391.5
3406,542200.0,5352563.0
3407,542295.44,5352765.0
3408,542108.9,5352898.5
3409,542168.44,5353104.0
3410,542076.2,5353252.5
3411,541923.06,5353389.5
3412,541890.8,5353569.5
3413,541736.2,5353578.0
3414,541654.4,5353716.5
3415,541566.94,5353839.0
3416,541549.8,5353999.5
3417,541476.0,5354158.0
3418,541401.9,5354236.0
3419,541444.25,5354345.0
3420,541387.25,5354403.0
3421,540059.25,5355735.0
3422,539934.0,5355810.5
3423,539909.1,5355924.0
3424,539813.1,5355991.0
3425,539726.5,5355968.0
3426,539614.0,5356027.5
3427,539507.94,5356100.5
3428,539182.9,5356384.0
3429,539123.94,5356284.5
3430,539067.0,5356601.5
3431,539023.56,5356643.0
3432,538971.5,5356735.5
3433,538915.0,5356817.0
3434,538569.4,5357055.5
3435,538594.2,5357127.5
3436,538572.6,5357241.0
3437,538500.5,5357227.0
3438,538441.75,5357250.5
3439,538412.25,5357295.5
3440,538325.2,5357296.0
3441,538195.8,5357479.5
3442,538185.1,5357572.5
3443,538177.7,5357672.5
3444,538176.75,5357747.5
3445,538177.56,5357408.5
3446,537041.56,5358780.0
3447,536905.75,5358752.5
3448,536780.75,5358787.0
3449,536679.9,5358758.0
3450,537228.1,5361979.0
3451,537313.56,5362083.0
3452,537126.8,5362069.0
3453,535933.06,5366693.5
3454,535992.2,5366825.0
3455,535874.4,5366592.0
3456,537165.44,5367373.0
3457,537297.0,5367428.0
3458,537088.06,5367240.0
3459,537446.9,5367383.5
3460,537573.4,5367491.5
3461,537629.7,5367645.5
3462,537710.1,5367765.0
3463,537813.2,5367938.5
3464,537989.1,5368014.5
3465,538158.06,5368105.5
3466,538319.8,5368209.0
3467,538495.06,5368285.0
3468,538582.1,5368373.5
3469,538656.06,5368488.0
3470,538730.94,5368626.0
3471,538827.1,5368772.0
3472,538880.25,5368942.5
3473,538922.9,5369088.0
3474,539042.0,5369186.5
3475,539185.75,5369291.5
3476,534749.06,5347756.5
3477,534922.4,5347380.5
3478,535095.75,5347004.5
3479,535476.06,5347071.5
3480,535646.9,5346695.0
3481,536094.75,5346562.0
3482,536395.06,5346756.0
3483,536806.4,5346711.0
3484,537197.06,5346733.5
3485,537586.9,5346864.5
3486,537963.8,5347022.5
3487,538244.5,5346796.0
3488,538659.06,5346924.5
3489,539035.44,5347093.0
3490,539422.44,5347269.0
3491,539828.44,5347352.5
3492,540239.2,5347361.0
3493,540614.25,5347397.5
3494,540979.5,5347561.5
3495,541030.44,5347936.5
3496,541372.56,5348126.0
3497,541406.75,5348478.5
3498,541444.56,5348822.0
3499,541753.3,5349005.0
3500,542079.56,5349194.0
3501,542009.44,5349545.0
3502,541960.75,5349882.0
3503,542174.7,5350140.5
3504,542296.2,5350442.5
3505,542446.6,5350677.0
3506,542358.06,5350889.0
3507,542188.0,5351044.0
3508,542288.5,5351325.0
3509,542050.44,5351448.5
3510,542184.56,5351599.5
3511,542290.9,5351785.5
3512,542385.0,5351971.5
3513,542257.44,5352187.0
3514,542351.1,5352360.5
3515,542424.6,5352545.0
3516,542525.94,5352715.5
3517,542484.0,5352931.5
3518,542324.1,5353024.0
3519,542334.56,5353284.5
3520,542211.25,5353422.5
3521,542064.5,5353404.5
3522,542049.9,5353545.0
3523,542046.3,5353755.5
3524,541825.75,5353734.0
3525,541721.4,5353923.0
3526,541664.9,5354147.0
3527,541510.3,5354247.5
3528,541531.7,5354341.0
3529,541464.6,5354459.5
3530,540022.25,5355850.0
3531,540004.3,5355968.5
3532,539902.6,5356047.0
3533,539821.2,5356095.0
3534,539723.7,5356069.5
3535,539604.9,5356115.5
3536,539213.06,5356238.5
3537,539274.8,5356360.0
3538,539097.0,5356687.5
3539,539051.6,5356735.5
3540,539026.3,5356826.5
3541,538911.8,5356899.5
3542,538660.2,5357094.5
3543,538642.75,5357015.0
3544,538642.3,5357191.0
3545,538502.4,5357323.0
3546,538450.8,5357393.5
3547,538356.5,5357382.5
3548,538266.3,5357358.5
3549,538256.94,5357436.0
3550,538257.44,5357520.0
3551,538249.25,5357624.5
3552,538276.1,5357742.0
3553,536962.44,5358841.0
3554,536854.44,5358830.5
3555,536783.9,5358907.5
3556,536702.25,5358853.0
3557,537207.06,5362186.5
3558,537258.0,5362307.0
3559,537082.75,5362245.5
3560,535983.0,5366505.5
3561,536011.75,5366617.0
3562,535972.2,5366380.5
3563,537224.1,5367293.0
3564,537592.5,5367326.5
3565,537744.06,5367406.0
3566,537712.06,5367535.5
3567,537781.94,5367639.0
3568,538617.0,5368254.0
3569,538678.0,5368352.5
3570,538766.25,5368392.0
3571,538812.56,5368506.5
3572,538900.4,5368613.5
3573,538980.44,5368703.5
3574,538996.06,5368844.5
3575,539061.0,5369010.0
3576,539218.0,5369136.0
3577,534503.4,5347289.0
3578,534320.0,5347691.0
3579,534686.75,5346886.5
3580,535269.1,5346628.5
3581,535442.44,5346252.5
3582,535813.9,5346317.5
3583,536271.4,5346188.0
3584,536564.8,5346407.0
3585,537009.5,5346361.5
3586,537439.9,5346424.5
3587,537833.7,5346606.5
3588,538113.4,5346430.5
3589,538499.0,5346526.5
3590,538937.6,5346596.0
3591,539327.06,5346868.5
3592,539729.9,5347019.0
3593,540111.2,5347080.5
3594,540510.5,5346990.5
3595,540921.06,5347175.0
3596,541288.7,5347395.0
3597,541334.4,5347766.0
3598,541682.06,5347957.0
3599,541682.6,5348333.0
3600,541714.8,5348674.0
3601,542021.9,5348850.5
3602,542326.2,5348939.5
3603,542429.0,5349213.0
3604,542287.5,5349478.0
3605,542218.44,5349798.5
3606,542452.7,5349955.5
3607,542484.4,5350222.0
3608,542609.8,5350469.0
3609,542730.75,5350717.0
3610,542601.06,5350911.0
3611,542450.9,5351120.5
3612,542605.2,5351351.0
3613,542422.75,5351549.0
3614,542517.6,5351762.0
3615,542607.1,5351950.5
3616,542474.44,5352152.0
3617,542557.0,5352335.0
3618,542639.1,5352511.5
3619,542723.94,5352676.0
3620,542662.2,5352860.5
3621,542641.44,5353042.5
3622,542505.2,5353178.0
3623,542553.56,5353409.5
3624,542397.25,5353528.0
3625,542199.06,5353590.0
3626,542269.4,5353730.5
3627,542183.0,5353925.5
3628,542018.1,5354020.5
3629,541894.8,5353890.0
3630,541845.44,5354101.5
3631,539996.2,5356090.0
3632,539886.1,5356201.5
3633,539790.8,5356178.5
3634,539697.9,5356147.0
3635,539307.6,5356202.0
3636,539352.06,5356272.5
3637,539374.3,5356360.5
3638,539134.9,5356781.5
3639,539150.9,5356867.5
3640,539099.0,5356933.5
3641,539005.44,5356979.5
3642,538933.25,5357048.0
3643,538827.1,5356949.0
3644,538739.8,5357065.5
3645,538756.7,5357167.0
3646,538737.2,5356989.5
3647,538398.0,5357475.0
3648,538319.75,5357446.0
3649,538322.06,5357550.5
3650,538341.0,5357622.0
3651,538372.3,5357716.0
3652,536881.9,5358900.5
3653,537145.4,5362366.5
3654,537190.1,5362515.5
3655,537028.0,5362435.0
3656,536075.56,5366333.0
3657,536078.7,5366448.5
3658,536072.44,5366206.0
3659,537739.56,5367273.5
3660,537873.0,5367304.5
3661,537933.25,5367392.5
3662,537852.56,5367512.5
3663,538750.25,5368258.0
3664,538844.0,5368303.0
3665,538874.94,5368391.0
3666,538965.0,5368487.0
3667,539097.0,5368571.0
3668,539104.0,5368723.0
3669,539152.0,5368861.0
3670,539215.0,5368986.0
3671,534092.4,5347338.0
3672,534238.7,5346975.0
3673,533921.94,5347691.5
3674,534408.1,5346596.0
3675,534870.1,5346484.0
3676,535053.5,5346082.0
3677,535615.8,5345876.5
3678,535988.44,5345951.0
3679,536457.56,5345768.5
3680,536749.06,5346061.0
3681,537258.8,5346001.0
3682,537780.1,5346135.5
3683,538258.94,5346121.0
3684,538673.06,5346228.0
3685,539017.0,5346050.0
3686,539290.2,5346456.0
3687,539686.7,5346695.5
3688,540109.1,5346780.0
3689,540462.94,5346562.0
3690,540866.25,5346791.5
3691,541256.5,5347023.0
3692,541608.75,5347216.5
3693,541628.6,5347577.5
3694,541941.2,5347659.5
3695,542003.6,5347934.5
3696,541963.6,5348217.0
3697,541983.75,5348531.5
3698,542279.4,5348644.5
3699,542574.5,5348695.0
3700,542638.06,5348963.5
3701,542742.06,5349227.5
3702,542592.2,5349476.5
3703,542464.8,5349700.0
3704,542739.5,5349769.5
3705,542694.0,5350035.5
3706,542780.0,5350259.0
3707,542914.8,5350512.5
3708,542960.2,5350766.5
3709,542875.06,5350987.5
3710,542688.75,5351128.0
3711,542873.25,5351267.5
3712,542861.9,5351523.5
3713,542642.3,5351578.0
3714,542744.56,5351754.5
3715,542816.06,5351955.0
3716,542684.3,5352138.5
3717,542758.1,5352321.0
3718,542840.3,5352497.0
3719,542882.0,5352669.5
3720,542831.9,5352823.5
3721,542793.4,5352992.0
3722,542785.1,5353169.5
3723,542656.3,5353182.0
3724,542680.9,5353316.0
3725,542790.56,5353495.0
3726,542630.1,5353612.5
3727,542474.94,5353733.5
3728,542358.25,5353916.0
3729,539983.75,5356211.5
3730,539406.9,5356183.5
3731,539420.8,5356279.5
3732,539474.5,5356346.0
3733,538830.1,5357038.5
3734,538877.7,5357131.0
3735,538807.3,5357113.0
3736,538828.7,5357217.5
3737,538734.56,5357251.5
3738,538462.9,5357674.5
3739,538432.0,5357594.0
3740,537071.25,5362595.5
3741,537103.75,5362754.0
3742,536944.2,5362693.5
3743,536175.9,5366157.0
3744,536171.25,5366274.0
3745,536182.1,5366036.5
3746,537877.3,5367200.0
3747,537982.3,5367209.5
3748,538026.75,5367281.5
3749,533689.44,5347355.5
3750,533808.5,5347011.5
3751,533963.7,5346673.5
3752,533524.4,5347711.0
3753,534130.8,5346307.0
3754,534583.75,5346202.0
3755,534761.4,5345808.5
3756,535236.9,5345680.0
3757,535784.0,5345495.0
3758,536117.56,5345584.5
3759,536347.0,5345281.0
3760,536797.8,5345365.0
3761,536904.7,5345735.5
3762,537260.4,5345553.0
3763,537619.5,5345763.0
3764,538072.2,5345701.5
3765,538558.5,5345843.0
3766,538897.25,5345581.0
3767,539312.0,5345660.0
3768,539433.0,5346100.0
3769,539618.25,5346451.5
3770,540063.75,5346442.5
3771,540364.06,5346086.5
3772,540808.44,5346398.5
3773,541220.4,5346645.5
3774,541591.1,5346848.0
3775,541924.1,5346981.0
3776,541930.6,5347327.5
3777,542231.75,5347410.0
3778,542244.75,5347725.0
3779,542253.44,5348041.0
3780,542253.4,5348345.5
3781,542537.5,5348416.5
3782,542825.4,5348463.0
3783,542871.6,5348724.0
3784,542938.0,5348985.0
3785,543038.56,5349246.0
3786,542879.9,5349496.5
3787,543038.0,5349744.0
3788,542973.44,5350014.5
3789,543021.6,5350276.0
3790,543196.94,5350431.5
3791,543160.4,5350671.5
3792,543132.75,5350924.5
3793,543094.5,5351160.0
3794,543079.9,5351402.0
3795,543092.1,5351629.0
3796,542946.3,5351774.5
3797,543009.56,5351986.5
3798,542881.94,5352142.5
3799,542932.56,5352310.5
3800,542997.8,5352444.0
3801,543001.94,5352586.0
3802,542993.44,5352772.0
3803,542936.7,5352944.0
3804,542909.0,5353100.5
3805,542919.94,5353247.5
3806,542819.0,5353327.5
3807,542920.0,5353377.5
3808,542981.06,5353460.0
3809,542975.0,5353584.0
3810,542851.0,5353694.0
3811,542687.06,5353822.0
3812,542533.06,5353902.0
3813,539517.0,5356275.0
3814,539507.94,5356186.5
3815,539574.4,5356352.0
3816,538781.6,5357305.5
3817,538686.8,5357338.5
3818,538545.56,5357619.0
3819,538511.8,5357549.5
3820,536983.5,5362843.5
3821,537011.1,5362967.5
3822,536886.0,5362926.0
3823,536285.5,5365988.5
3824,536271.56,5366109.0
3825,536294.8,5365868.0
3826,537999.2,5367103.5
3827,538117.25,5367168.5
3828,533299.2,5347353.5
3829,533398.8,5347017.5
3830,533541.9,5346685.0
3831,533705.3,5346365.0
3832,533133.9,5347636.5
3833,533868.2,5346011.5
3834,534300.44,5345917.5
3835,534465.7,5345529.0
3836,534941.3,5345417.5
3837,535420.25,5345277.5
3838,535962.5,5345124.5
3839,536135.9,5344748.5
3840,536551.7,5344938.5
3841,537022.0,5345024.5
3842,537321.2,5345161.0
3843,537701.25,5345376.5
3844,538094.75,5345185.0
3845,538462.6,5345419.5
3846,538806.44,5345168.0
3847,539202.0,5345216.0
3848,540804.06,5346047.5
3849,541197.2,5346277.5
3850,541572.06,5346476.0
3851,541920.8,5346623.0
3852,542231.6,5346754.0
3853,542232.3,5347084.0
3854,542519.0,5347201.0
3855,542505.0,5347512.5
3856,542508.5,5347823.0
3857,542518.2,5348127.0
3858,542790.5,5348198.0
3859,543076.0,5348253.0
3860,543114.6,5348501.0
3861,543158.56,5348760.0
3862,543228.4,5349015.5
3863,543329.0,5349268.0
3864,543164.94,5349491.0
3865,543288.9,5349700.0
3866,543264.5,5349931.0
3867,543245.2,5350170.5
3868,543443.44,5350327.0
3869,543395.6,5350581.0
3870,543359.44,5350826.5
3871,543328.3,5351068.5
3872,543298.06,5351299.0
3873,543276.06,5351516.5
3874,543285.06,5351724.0
3875,543140.3,5351845.5
3876,543194.94,5352035.0
3877,543071.25,5352170.0
3878,543066.7,5352333.0
3879,543139.4,5352469.0
3880,543125.9,5352644.5
3881,543126.9,5352797.5
3882,543068.7,5352924.0
3883,543033.25,5353073.0
3884,543018.75,5353195.0
3885,543050.7,5353318.5
3886,543105.8,5353413.0
3887,543109.75,5353509.0
3888,539607.75,5356204.0
3889,539630.3,5356288.0
3890,539662.8,5356367.5
3891,538736.3,5357394.5
3892,538641.6,5357413.5
3893,538624.9,5357559.0
3894,538578.1,5357483.0
3895,536923.06,5363035.5
3896,536970.9,5363137.5
3897,536833.5,5363131.5
3898,536402.5,5365813.5
3899,536385.94,5365934.5
3900,536407.56,5365700.0
3901,538099.44,5367075.0
3902,538091.9,5366979.5
3903,538194.25,5367045.5
3904,532970.5,5347524.0
3905,532987.06,5347318.0
3906,533086.25,5347108.5
3907,533211.9,5346790.0
3908,533301.25,5346378.0
3909,533462.44,5346058.0
3910,532953.2,5347718.5
3911,533609.3,5345736.0
3912,534017.0,5345613.0
3913,534126.75,5345181.5
3914,534644.8,5345161.5
3915,535122.0,5345026.0
3916,535603.6,5344875.0
3917,535787.0,5344473.0
3918,537331.56,5344681.5
3919,537716.56,5344908.0
3920,538123.06,5344702.0
3921,538499.6,5344924.0
3922,538964.44,5344720.0
3923,541167.0,5345924.5
3924,541549.44,5346102.0
3925,541905.8,5346272.5
3926,542249.4,5346402.0
3927,542527.2,5346617.5
3928,542532.25,5346902.0
3929,542840.44,5347050.0
3930,542762.9,5347348.0
3931,542753.56,5347634.5
3932,542763.75,5347922.5
3933,543030.7,5348008.0
3934,543318.9,5348064.5
3935,543356.9,5348302.5
3936,543386.56,5348551.5
3937,543436.0,5348800.0
3938,543510.06,5349049.0
3939,543612.0,5349305.5
3940,543452.44,5349516.0
3941,543506.3,5349779.0
3942,543518.0,5350056.5
3943,543681.7,5350260.0
3944,543622.94,5350504.0
3945,543583.75,5350747.5
3946,543550.8,5350988.0
3947,543518.56,5351223.0
3948,543488.4,5351446.0
3949,543442.6,5351624.5
3950,543474.3,5351788.0
3951,543323.6,5351910.0
3952,543374.0,5352087.5
3953,543260.5,5352199.5
3954,543171.2,5352304.5
3955,543285.56,5352374.0
3956,543262.4,5352551.0
3957,543248.0,5352727.0
3958,543226.0,5352914.0
3959,543144.5,5353045.0
3960,543158.75,5353202.5
3961,543200.5,5353334.0
3962,543204.2,5353455.0
3963,543190.75,5353566.0
3964,539700.8,5356243.0
3965,539760.4,5356388.0
3966,538687.06,5357481.0
3967,536893.75,5363234.5
3968,536943.1,5363344.5
3969,536813.5,5363321.0
3970,536508.2,5365650.0
3971,536510.9,5365763.0
3972,536508.0,5365544.5
3973,538243.56,5366910.5
3974,538127.06,5366833.5
3975,532792.5,5347609.5
3976,532792.75,5347406.5
3977,532764.6,5347112.5
3978,532934.1,5346895.0
3979,533000.44,5346598.5
3980,532904.7,5346299.0
3981,533130.4,5346105.0
3982,533221.0,5345709.0
3983,532775.9,5347805.0
3984,533637.7,5345372.0
3985,533675.1,5344968.5
3986,534052.2,5344654.0
3987,534414.56,5344870.5
3988,534822.25,5344787.5
3989,535276.44,5344621.0
3990,535431.44,5344292.5
3991,537696.25,5344398.5
3992,538155.2,5344312.5
3993,538600.4,5344434.0
3994,541545.44,5345720.5
3995,541880.2,5345928.5
3996,542189.75,5346059.0
3997,542475.0,5346119.0
3998,542579.75,5346374.0
3999,542813.0,5346524.0
4000,542817.0,5346761.0
4001,543097.1,5346844.0
4002,543217.2,5347111.5
4003,543022.5,5347270.5
4004,542996.94,5347496.0
4005,542987.75,5347756.0
4006,543238.8,5347841.5
4007,543503.44,5347860.5
4008,543604.0,5348108.5
4009,543611.06,5348367.0
4010,543645.1,5348609.0
4011,543706.94,5348842.0
4012,543780.44,5349086.0
4013,543881.06,5349336.0
4014,543735.6,5349581.0
4015,543708.3,5349845.0
4016,543797.4,5350035.0
4017,543909.75,5350241.5
4018,543842.6,5350463.0
4019,543799.6,5350694.5
4020,543764.8,5350929.5
4021,543730.06,5351164.0
4022,543692.9,5351398.0
4023,543657.8,5351639.5
4024,543631.8,5351853.5
4025,543488.8,5351963.0
4026,543543.56,5352131.5
4027,543429.2,5352269.5
4028,543401.25,5352464.5
4029,543384.75,5352641.5
4030,543366.75,5352817.0
4031,543370.1,5352983.0
4032,543263.25,5353097.0
4033,543343.6,5353264.5
4034,543311.8,5353408.5
4035,543289.8,5353520.0
4036,543264.1,5353632.5
4037,539795.2,5356280.0
4038,539858.25,5356407.0
4039,536872.1,5363417.0
4040,536933.0,5363539.5
4041,536797.7,5363517.5
4042,536613.94,5365487.0
4043,536606.56,5365602.5
4044,536619.0,5365374.0
4045,538266.7,5366769.5
4046,538104.6,5366679.5
4047,532631.25,5347718.0
4048,532613.2,5347533.0
4049,532632.5,5347320.5
4050,532465.1,5347179.5
4051,532459.7,5346914.0
4052,532705.7,5346783.0
4053,532681.3,5346494.0
4054,532478.7,5346187.0
4055,532832.6,5345989.0
4056,532885.0,5345552.0
4057,533241.56,5345269.5
4058,532650.3,5347958.5
4059,533259.3,5344865.0
4060,533615.0,5344560.5
4061,533867.94,5344231.5
4062,534239.25,5344225.5
4063,534490.8,5344525.0
4064,534880.06,5344477.0
4065,535031.1,5344232.0
4066,541933.56,5345626.0
4067,541909.75,5345326.5
4068,542198.06,5345742.5
4069,542439.1,5345839.5
4070,542649.9,5345876.0
4071,542756.6,5345993.5
4072,542700.9,5346186.0
4073,542848.9,5346311.0
4074,543034.94,5346397.5
4075,543084.4,5346591.0
4076,543349.2,5346624.0
4077,543343.06,5346876.5
4078,543511.94,5347040.0
4079,543510.1,5347293.5
4080,543287.5,5347410.0
4081,543180.4,5347623.5
4082,543380.6,5347658.0
4083,543595.06,5347585.5
4084,543740.56,5347852.5
4085,543858.44,5348053.0
4086,543849.6,5348259.0
4087,543830.56,5348459.0
4088,543907.8,5348653.5
4089,543965.6,5348885.5
4090,544038.6,5349126.5
4091,544154.5,5349362.0
4092,544030.3,5349558.5
4093,543952.4,5349801.0
4094,544035.5,5350040.0
4095,544107.44,5350242.5
4096,544057.9,5350439.0
4097,544011.44,5350650.5
4098,543969.3,5350871.5
4099,543932.9,5351096.5
4100,543895.06,5351316.5
4101,543861.9,5351527.0
4102,543883.0,5351704.0
4103,543789.9,5351824.0
4104,543771.5,5351982.0
4105,543633.9,5352014.5
4106,543736.4,5352150.5
4107,543617.2,5352280.0
4108,543530.25,5352402.0
4109,543526.8,5352562.0
4110,543509.4,5352732.5
4111,543500.9,5352897.0
4112,543520.5,5353061.0
4113,543390.8,5353127.0
4114,543488.25,5353207.5
4115,543574.7,5353331.0
4116,543423.7,5353383.0
4117,543416.56,5353518.0
4118,543351.94,5353584.5
4119,539893.94,5356303.0
4120,539957.5,5356417.0
4121,536868.9,5363621.5
4122,536940.1,5363699.5
4123,536805.9,5363715.5
4124,536718.9,5365329.0
4125,536717.75,5365440.5
4126,536719.3,5365216.5
4127,538243.5,5366626.5
4128,538064.94,5366528.0
4129,532503.9,5347869.0
4130,532452.3,5347668.5
4131,532458.9,5347432.0
4132,532303.7,5347382.5
4133,532198.9,5347281.5
4134,532240.5,5347049.5
4135,532073.75,5346772.5
4136,532378.2,5346586.5
4137,532057.44,5346345.5
4138,532220.1,5345928.5
4139,532572.1,5345771.0
4140,532570.44,5345330.0
4141,532902.2,5345124.0
4142,532523.6,5348111.0
4143,532879.56,5344722.0
4144,533203.4,5344475.5
4145,533475.44,5344181.0
4146,533719.3,5343847.0
4147,534074.4,5343851.0
4148,534434.8,5343861.5
4149,534626.7,5344202.0
4150,534804.2,5343928.5
4151,542251.0,5345419.5
4152,542335.9,5345099.5
4153,542502.56,5345549.5
4154,542704.56,5345659.5
4155,542906.25,5345750.5
4156,542964.06,5345909.5
4157,542905.94,5346104.5
4158,543089.44,5346190.0
4159,543275.2,5346350.5
4160,543489.4,5346410.5
4161,543628.56,5346561.0
4162,543562.4,5346785.5
4163,543751.1,5346933.5
4164,543742.2,5347176.5
4165,543776.25,5347422.0
4166,543885.56,5347669.0
4167,544007.4,5347899.5
4168,544065.1,5348165.5
4169,544062.9,5348429.0
4170,544148.2,5348695.0
4171,544204.6,5348942.0
4172,544285.0,5349169.5
4173,544396.5,5349377.0
4174,544328.8,5349579.5
4175,544195.9,5349731.5
4176,544221.6,5349923.0
4177,544261.5,5350135.5
4178,544255.2,5350367.5
4179,544227.1,5350595.0
4180,544168.3,5350811.0
4181,544122.56,5351023.0
4182,544088.75,5351237.0
4183,544051.44,5351435.0
4184,544044.56,5351624.0
4185,544071.94,5351788.5
4186,543956.25,5351853.0
4187,543922.25,5351965.0
4188,543895.4,5352102.5
4189,543903.75,5352248.0
4190,543771.94,5352318.5
4191,543668.9,5352464.5
4192,543652.2,5352649.5
4193,543641.25,5352810.5
4194,543639.5,5352951.0
4195,543672.7,5353049.5
4196,543623.6,5353203.0
4197,543491.9,5353453.5
4198,539994.56,5356315.0
4199,540056.9,5356424.5
4200,536889.06,5363789.0
4201,536984.8,5363850.5
4202,536858.2,5363901.5
4203,536825.25,5365160.5
4204,536822.75,5365280.0
4205,536822.7,5365042.5
4206,538203.94,5366487.0
4207,532374.94,5348018.0
4208,532310.8,5347823.0
4209,532291.3,5347592.5
4210,532130.3,5347522.0
4211,531990.75,5347429.5
4212,532005.8,5347139.5
4213,531760.0,5346957.5
4214,531696.56,5346599.5
4215,531587.3,5346264.5
4216,531876.94,5346031.0
4217,531946.5,5345637.0
4218,532316.3,5345552.5
4219,532185.9,5345218.0
4220,532530.25,5344938.5
4221,532379.8,5348248.0
4222,532469.56,5344544.5
4223,532784.3,5344327.0
4224,533074.7,5344086.0
4225,533349.2,5343792.0
4226,533627.25,5343451.0
4227,533973.9,5343458.5
4228,534322.6,5343477.5
4229,534683.8,5343538.5
4230,542613.8,5345235.0
4231,542706.3,5344912.5
4232,542780.3,5345423.5
4233,542966.2,5345532.5
4234,543156.94,5345590.5
4235,543153.44,5345762.5
4236,543128.06,5345957.0
4237,543313.94,5346056.0
4238,543500.56,5346186.5
4239,543681.06,5346339.5
4240,543877.25,5346471.0
4241,543808.2,5346697.5
4242,543979.06,5346839.0
4243,543957.9,5347064.0
4244,543987.06,5347295.5
4245,544024.56,5347511.0
4246,544180.06,5347716.0
4247,544223.1,5348000.5
4248,544271.6,5348269.5
4249,544268.06,5348497.5
4250,544353.3,5348655.0
4251,544374.06,5348818.0
4252,544434.06,5349015.5
4253,544509.44,5349210.0
4254,544605.94,5349381.0
4255,544531.94,5349524.5
4256,544561.2,5349687.5
4257,544414.6,5349811.0
4258,544446.4,5350030.0
4259,544425.94,5350255.0
4260,544405.56,5350455.5
4261,544407.75,5350614.0
4262,544361.06,5350781.0
4263,544305.2,5350970.5
4264,544259.5,5351164.5
4265,544247.4,5351376.0
4266,544186.6,5351546.0
4267,544238.9,5351723.5
4268,544207.4,5351882.5
4269,544094.8,5351964.5
4270,544026.5,5352073.0
4271,544037.9,5352204.0
4272,544054.25,5352352.5
4273,543919.94,5352394.0
4274,543807.5,5352455.5
4275,543790.5,5352595.5
4276,543788.25,5352743.5
4277,543775.94,5352890.5
4278,543789.3,5353020.0
4279,540095.7,5356323.0
4280,540155.75,5356437.5
4281,536944.7,5363952.5
4282,537031.06,5363991.0
4283,536918.44,5364054.5
4284,536916.1,5364982.5
4285,536930.8,5365104.0
4286,536886.06,5364882.5
4287,532231.75,5348154.5
4288,532167.56,5347971.5
4289,532135.6,5347748.5
4290,531957.75,5347684.0
4291,531798.7,5347590.5
4292,531782.06,5347305.5
4293,531496.4,5347160.0
4294,531370.25,5346846.5
4295,531260.0,5346498.5
4296,531225.4,5346096.0
4297,531561.56,5345866.5
4298,531488.6,5345516.5
4299,531798.1,5345324.5
4300,531801.9,5345004.5
4301,532150.6,5344823.5
4302,532236.7,5348385.0
4303,532076.0,5344433.5
4304,532370.3,5344151.0
4305,532672.75,5343933.5
4306,532972.06,5343692.0
4307,533270.44,5343394.0
4308,533581.56,5343051.5
4309,533924.9,5343049.0
4310,534265.94,5343075.0
4311,534596.3,5343139.5
4312,542914.06,5345027.5
4313,542903.8,5345220.5
4314,543004.06,5344805.5
4315,543058.4,5345317.5
4316,543212.0,5345400.5
4317,543375.44,5345461.0
4318,543361.0,5345625.5
4319,543376.56,5345819.0
4320,543545.44,5345985.0
4321,543714.8,5346128.0
4322,543857.75,5346270.5
4323,544044.25,5346295.5
4324,544096.7,5346441.5
4325,544047.1,5346629.0
4326,544201.3,5346781.5
4327,544163.25,5346962.5
4328,544178.6,5347183.5
4329,544249.1,5347432.5
4330,544427.94,5347632.0
4331,544403.25,5347866.5
4332,544407.4,5348093.5
4333,544524.1,5348249.0
4334,544415.0,5348412.0
4335,544471.56,5348567.0
4336,544537.94,5348728.5
4337,544583.4,5348895.0
4338,544640.94,5349063.0
4339,544694.0,5349231.5
4340,544771.5,5349387.5
4341,544707.75,5349544.5
4342,544723.8,5349720.0
4343,544604.7,5349876.0
4344,544626.56,5350041.5
4345,544592.1,5350192.0
4346,544574.9,5350364.5
4347,544555.4,5350526.5
4348,544529.0,5350678.0
4349,544524.25,5350808.0
4350,544480.3,5350953.0
4351,544429.2,5351121.5
4352,544387.94,5351276.5
4353,544442.75,5351428.0
4354,544345.6,5351570.0
4355,544428.7,5351750.5
4356,544362.8,5351905.5
4357,544263.44,5352029.5
4358,544153.6,5352122.0
4359,544179.06,5352258.5
4360,544201.2,5352362.0
4361,544144.94,5352472.5
4362,544019.8,5352511.0
4363,543903.94,5352534.5
4364,543954.4,5352678.5
4365,543912.25,5352840.0
4366,543905.8,5352990.5
4367,540196.6,5356333.0
4368,540252.06,5356463.5
4369,537003.3,5364094.5
4370,537091.06,5364118.5
4371,536956.9,5364186.0
4372,536974.1,5364796.5
4373,537017.7,5364894.0
4374,536925.06,5364693.5
4375,532091.2,5348293.0
4376,532021.06,5348118.5
4377,531980.44,5347904.0
4378,531772.75,5347854.0
4379,531617.2,5347736.5
4380,531572.0,5347483.5
4381,531313.06,5347384.0
4382,531065.56,5347124.0
4383,530952.6,5346761.5
4384,530910.3,5346327.5
4385,530839.1,5345916.0
4386,531147.44,5345717.5
4387,531066.1,5345350.5
4388,531428.7,5345159.0
4389,531417.1,5344785.5
4390,531754.2,5344635.0
4391,532104.8,5348533.5
4392,531675.2,5344247.0
4393,531985.1,5344039.0
4394,532279.6,5343754.5
4395,532591.7,5343535.0
4396,532906.1,5343292.0
4397,533223.06,5342995.0
4398,533516.6,5342697.5
4399,533881.8,5342610.0
4400,534251.44,5342668.5
4401,534598.25,5342732.5
4402,543203.0,5344899.0
4403,543147.9,5345093.5
4404,543325.56,5344714.0
4405,543300.2,5345181.5
4406,543431.0,5345272.0
4407,543566.75,5345357.0
4408,543544.44,5345513.5
4409,543556.3,5345676.5
4410,543613.44,5345822.5
4411,543788.3,5345943.0
4412,543923.2,5346124.5
4413,544132.2,5346168.5
4414,544271.7,5346349.0
4415,544227.0,5346513.5
4416,544260.6,5346642.5
4417,544417.6,5346718.0
4418,544386.9,5346884.0
4419,544342.75,5347055.5
4420,544411.6,5347231.5
4421,544517.1,5347421.0
4422,544674.2,5347587.5
4423,544625.06,5347792.0
4424,544585.94,5348009.5
4425,544724.6,5348169.0
4426,544727.0,5348352.0
4427,544603.0,5348434.0
4428,544651.7,5348614.0
4429,544711.06,5348785.5
4430,544778.25,5348943.5
4431,544813.25,5349112.0
4432,544839.94,5349257.5
4433,544929.44,5349354.5
4434,544879.7,5349486.0
4435,544840.6,5349616.5
4436,544888.7,5349753.5
4437,544770.94,5349846.5
4438,544756.44,5349979.0
4439,544751.5,5350133.0
4440,544741.5,5350294.5
4441,544710.56,5350458.0
4442,544679.06,5350600.0
4443,544653.1,5350736.0
4444,544632.94,5350870.0
4445,544628.0,5350992.0
4446,544569.0,5351114.0
4447,544549.9,5351278.5
4448,544609.56,5351449.5
4449,544519.8,5351593.5
4450,544593.3,5351753.0
4451,544543.44,5351937.5
4452,544429.2,5352096.0
4453,544285.5,5352168.5
4454,544351.2,5352284.0
4455,544271.44,5352428.5
4456,544232.06,5352555.0
4457,544109.94,5352608.5
4458,544119.75,5352737.5
4459,544056.8,5352827.0
4460,544022.06,5352959.5
4461,540296.06,5356352.5
4462,540347.56,5356494.0
4463,537048.1,5364224.0
4464,537137.44,5364310.0
4465,536994.1,5364313.5
4466,537017.0,5364600.0
4467,537061.56,5364699.5
4468,536969.56,5364483.0
4469,531959.8,5348440.5
4470,531876.6,5348269.5
4471,531830.8,5348062.0
4472,531626.0,5348049.0
4473,531502.0,5347934.5
4474,531377.44,5347685.0
4475,531083.94,5347582.0
4476,530773.5,5347401.5
4477,530647.7,5347031.5
4478,530621.4,5346581.0
4479,530556.75,5346120.5
4480,530437.4,5345714.0
4481,530727.06,5345527.0
4482,530673.0,5345150.0
4483,531067.2,5344987.0
4484,531035.2,5344606.0
4485,531339.94,5344399.5
4486,531973.06,5348682.0
4487,531269.5,5344019.0
4488,531593.8,5343848.0
4489,531909.06,5343641.5
4490,532217.3,5343353.5
4491,532542.06,5343131.5
4492,532870.9,5342886.5
4493,533202.6,5342585.0
4494,533556.75,5342322.5
4495,533905.4,5342161.5
4496,534255.5,5342266.0
4497,534617.1,5342324.5
4498,543452.3,5344774.0
4499,543396.94,5344952.5
4500,543526.4,5344553.5
4501,543540.06,5345038.0
4502,543640.25,5345166.5
4503,543731.1,5345277.0
4504,543735.75,5345415.5
4505,543696.44,5345573.0
4506,543773.8,5345728.5
4507,543917.3,5345851.0
4508,544008.3,5346001.0
4509,544191.8,5346030.0
4510,544313.8,5346187.0
4511,544448.56,5346320.5
4512,544462.3,5346455.0
4513,544388.3,5346546.5
4514,544575.3,5346623.0
4515,544584.6,5346828.5
4516,544559.5,5347032.5
4517,544638.2,5347235.0
4518,544759.56,5347400.5
4519,544898.7,5347549.0
4520,544849.6,5347734.5
4521,544805.94,5347945.5
4522,544866.7,5348129.0
4523,544855.8,5348302.0
4524,544778.0,5348486.5
4525,544796.44,5348649.5
4526,544869.06,5348781.0
4527,544926.8,5348907.0
4528,544933.8,5349042.5
4529,544969.4,5349198.5
4530,545055.56,5349342.0
4531,545019.4,5349471.5
4532,544981.8,5349611.5
4533,545021.1,5349740.0
4534,545010.0,5349856.5
4535,544892.2,5349911.0
4536,544887.9,5350053.5
4537,544881.56,5350189.0
4538,544889.4,5350301.5
4539,544848.25,5350416.5
4540,544837.5,5350563.5
4541,544773.8,5350679.0
4542,544764.94,5350800.5
4543,544745.6,5350930.5
4544,544742.0,5351032.0
4545,544691.94,5351195.5
4546,544701.8,5351329.0
4547,544760.7,5351455.5
4548,544695.2,5351601.0
4549,544736.2,5351737.0
4550,544707.3,5351877.0
4551,544726.2,5352024.5
4552,544604.94,5352124.5
4553,544512.44,5352253.5
4554,544458.9,5352388.0
4555,544370.25,5352419.0
4556,544328.25,5352508.5
4557,544324.75,5352613.0
4558,544218.2,5352710.0
4559,544253.06,5352878.0
4560,544115.56,5352941.0
4561,540390.9,5356382.0
4562,540445.2,5356516.5
4563,537057.4,5364422.0
4564,537109.8,5364506.0
4565,531829.06,5348588.5
4566,531738.9,5348425.0
4567,531667.5,5348224.0
4568,531407.4,5348171.5
4569,531250.3,5347933.0
4570,530965.3,5347958.5
4571,530806.44,5347741.5
4572,530486.25,5347689.0
4573,530330.2,5347288.0
4574,530311.8,5346810.5
4575,530313.8,5346398.0
4576,530185.25,5346038.0
4577,530063.1,5345649.0
4578,530298.94,5345287.0
4579,530399.6,5344850.0
4580,530761.94,5344821.5
4581,530601.3,5344505.5
4582,530881.4,5344227.0
4583,531844.6,5348833.0
4584,530951.3,5343852.0
4585,531212.25,5343602.5
4586,531533.0,5343445.5
4587,531856.75,5343241.0
4588,532179.44,5342950.0
4589,532515.1,5342727.0
4590,532853.9,5342480.5
4591,533200.2,5342180.0
4592,533547.9,5341915.0
4593,533895.1,5341755.0
4594,534256.44,5341855.5
4595,534615.8,5341916.5
4596,543655.94,5344765.5
4597,543710.7,5344448.0
4598,543760.9,5344950.5
4599,543842.25,5345105.0
4600,543907.6,5345269.0
4601,543905.5,5345433.5
4602,543842.06,5345572.0
4603,543952.2,5345718.5
4604,544077.44,5345870.5
4605,544240.9,5345893.5
4606,544368.44,5346049.5
4607,544491.9,5346193.5
4608,544596.25,5346331.0
4609,544602.8,5346461.5
4610,544745.0,5346567.5
4611,544737.1,5346744.0
4612,544784.2,5346937.0
4613,544759.4,5347099.5
4614,544868.9,5347242.0
4615,544982.94,5347381.5
4616,545075.44,5347506.5
4617,545072.0,5347668.0
4618,545011.6,5347846.0
4619,544994.7,5348071.0
4620,545006.0,5348236.0
4621,545042.75,5348352.5
4622,544923.5,5348412.5
4623,544938.3,5348615.5
4624,545004.44,5348785.5
4625,545042.44,5348940.5
4626,545073.4,5349079.5
4627,545092.1,5349226.0
4628,545182.5,5349311.0
4629,545145.06,5349434.0
4630,545118.56,5349560.0
4631,545117.1,5349678.5
4632,545129.75,5349808.0
4633,545122.44,5349937.0
4634,545012.2,5349990.0
4635,545011.3,5350120.0
4636,545005.25,5350242.5
4637,544979.06,5350363.5
4638,544959.2,5350489.0
4639,544975.8,5350612.0
4640,544889.0,5350722.0
4641,544863.56,5350868.5
4642,544838.3,5351001.5
4643,544817.8,5351123.0
4644,544812.1,5351239.5
4645,544827.44,5351348.0
4646,544908.9,5351428.5
4647,544838.7,5351547.5
4648,544869.44,5351675.0
4649,544835.44,5351808.5
4650,544874.2,5351938.0
4651,544882.94,5352097.5
4652,544769.25,5352180.5
4653,544666.9,5352290.5
4654,544571.3,5352399.0
4655,544511.4,5352509.0
4656,544420.56,5352534.5
4657,544405.06,5352665.5
4658,544313.4,5352746.5
4659,544339.94,5352828.0
4660,540482.44,5356420.5
4661,540539.44,5356550.5
4662,531701.1,5348739.0
4663,531605.5,5348584.0
4664,531529.0,5348381.0
4665,531309.75,5348392.0
4666,531139.1,5348193.5
4667,530844.94,5348262.0
4668,530619.1,5348036.0
4669,530263.5,5348066.0
4670,530077.9,5347693.0
4671,529985.1,5347288.5
4672,529996.25,5346903.5
4673,529964.4,5346454.0
4674,529824.3,5346028.5
4675,529728.9,5345656.0
4676,529884.8,5345285.0
4677,530047.8,5344912.5
4678,530184.0,5344503.0
4679,530382.2,5344128.0
4680,530632.56,5343818.0
4681,531715.0,5348983.0
4682,530852.25,5343469.5
4683,531155.56,5343194.0
4684,531489.94,5343043.0
4685,531823.3,5342840.0
4686,532159.3,5342546.0
4687,532501.0,5342321.5
4688,532847.1,5342075.5
4689,533193.2,5341773.0
4690,533554.1,5341468.0
4691,533925.9,5341378.0
4692,534252.9,5341447.0
4693,534604.0,5341508.0
4694,543813.06,5344575.5
4695,543858.4,5344758.0
4696,543889.0,5344341.5
4697,543973.8,5344915.5
4698,544033.0,5345087.5
4699,544106.56,5345218.5
4700,544088.2,5345369.5
4701,544027.0,5345486.0
4702,543996.7,5345590.0
4703,544116.1,5345730.5
4704,544279.4,5345751.5
4705,544422.1,5345909.5
4706,544567.94,5346072.0
4707,544682.5,5346245.5
4708,544751.0,5346420.5
4709,544942.2,5346519.5
4710,544862.4,5346664.5
4711,544913.1,5346823.0
4712,545025.56,5346974.0
4713,544958.6,5347099.5
4714,545094.06,5347251.0
4715,545190.94,5347397.0
4716,545213.94,5347544.5
4717,545290.94,5347650.5
4718,545208.44,5347783.0
4719,545151.7,5347938.0
4720,545143.2,5348083.0
4721,545156.0,5348245.0
4722,545165.6,5348425.5
4723,545060.44,5348519.0
4724,545081.1,5348679.5
4725,545125.7,5348830.0
4726,545168.1,5348958.0
4727,545204.6,5349057.0
4728,545182.06,5349168.0
4729,545271.9,5349232.0
4730,545308.1,5349304.0
4731,545269.75,5349392.5
4732,545234.0,5349488.5
4733,545235.6,5349619.0
4734,545228.06,5349731.5
4735,545243.94,5349824.0
4736,545211.8,5349898.5
4737,545245.8,5350002.0
4738,545128.75,5350060.0
4739,545129.5,5350204.5
4740,545102.9,5350309.0
4741,545058.1,5350421.5
4742,545080.3,5350530.0
4743,545095.06,5350666.5
4744,545005.44,5350726.5
4745,544977.25,5350838.0
4746,544943.5,5350962.5
4747,544934.1,5351079.5
4748,544911.2,5351179.5
4749,544926.4,5351285.0
4750,545017.4,5351330.5
4751,545014.8,5351456.5
4752,544958.5,5351563.5
4753,545036.3,5351672.0
4754,544969.44,5351796.0
4755,545042.0,5351911.5
4756,544988.1,5352032.0
4757,545037.2,5352174.0
4758,544934.5,5352243.5
4759,544812.5,5352311.5
4760,544760.0,5352416.5
4761,544665.4,5352442.0
4762,544607.8,5352552.5
4763,544499.5,5352648.5
4764,544435.6,5352796.5
4765,540576.2,5356453.0
4766,540670.44,5356484.0
4767,540630.9,5356592.0
4768,531567.56,5348884.0
4769,531443.6,5348749.0
4770,531428.8,5348548.0
4771,531254.94,5348590.5
4772,531072.44,5348440.5
4773,530825.3,5348529.5
4774,530500.25,5348387.0
4775,530110.5,5348427.0
4776,529881.06,5348081.0
4777,529703.9,5347763.0
4778,529700.94,5347440.0
4779,529666.9,5347041.0
4780,529627.1,5346639.5
4781,529537.2,5346241.5
4782,529415.44,5345795.5
4783,529516.2,5345357.5
4784,529656.8,5344950.5
4785,529803.25,5344587.5
4786,529920.56,5344208.5
4787,530020.75,5343884.5
4788,530237.3,5343608.0
4789,530517.5,5343343.5
4790,531560.2,5349107.0
4791,530808.44,5343038.0
4792,531127.2,5342767.0
4793,531459.0,5342640.5
4794,531811.1,5342439.5
4795,532144.8,5342141.5
4796,532488.44,5341917.0
4797,532831.25,5341672.0
4798,533167.06,5341372.5
4799,533479.56,5341033.0
4800,533838.1,5341027.5
4801,534215.8,5341038.0
4802,534591.9,5341100.0
4803,543972.5,5344560.0
4804,544025.06,5344731.5
4805,544017.5,5344392.0
4806,544009.44,5344231.5
4807,544170.25,5344786.5
4808,544180.94,5344936.5
4809,544262.4,5345092.5
4810,544323.8,5345274.0
4811,544258.6,5345454.0
4812,544152.5,5345575.5
4813,544320.44,5345611.5
4814,544466.44,5345739.0
4815,544628.75,5345910.5
4816,544796.2,5346103.0
4817,544877.06,5346339.0
4818,545140.8,5346406.5
4819,545120.1,5346644.0
4820,545008.0,5346719.0
4821,545096.6,5346838.5
4822,545234.06,5346998.0
4823,545181.3,5347134.0
4824,545293.5,5347297.0
4825,545360.2,5347479.5
4826,545455.8,5347610.0
4827,545391.6,5347766.5
4828,545316.06,5347897.5
4829,545254.75,5348035.5
4830,545292.44,5348178.5
4831,545275.3,5348340.5
4832,545263.75,5348499.0
4833,545170.56,5348588.0
4834,545200.94,5348738.5
4835,545254.3,5348876.5
4836,545318.8,5349001.0
4837,545306.9,5349128.5
4838,545401.5,5349217.5
4839,545399.0,5349340.0
4840,545361.3,5349445.5
4841,545313.7,5349536.0
4842,545358.44,5349604.5
4843,545338.25,5349692.5
4844,545334.25,5349794.5
4845,545313.3,5349899.5
4846,545377.1,5349974.5
4847,545334.94,5350076.0
4848,545229.6,5350127.5
4849,545239.3,5350243.5
4850,545187.0,5350317.0
4851,545153.6,5350416.5
4852,545204.1,5350487.5
4853,545161.6,5350583.0
4854,545205.9,5350662.5
4855,545180.5,5350763.5
4856,545088.3,5350793.5
4857,545081.5,5350876.5
4858,545030.1,5350949.0
4859,545037.06,5351057.5
4860,545023.06,5351186.0
4861,545118.06,5351260.0
4862,545105.8,5351400.0
4863,545083.0,5351552.5
4864,545197.0,5351627.5
4865,545128.94,5351777.5
4866,545179.56,5351932.5
4867,545109.1,5352055.5
4868,545171.94,5352212.0
4869,545116.2,5352348.0
4870,544920.2,5352356.0
4871,544875.7,5352436.0
4872,544831.25,5352516.0
4873,544729.4,5352545.5
4874,544699.56,5352664.5
4875,544593.06,5352660.0
4876,544569.9,5352768.5
4877,540762.44,5356521.0
4878,540721.5,5356634.5
4879,531412.9,5349007.0
4880,531261.7,5348907.0
4881,531226.1,5348749.0
4882,531047.6,5348654.0
4883,530857.1,5348755.5
4884,530639.25,5348659.5
4885,530383.9,5348686.5
4886,530140.9,5348736.0
4887,529901.1,5348684.5
4888,529700.0,5348399.0
4889,529431.44,5348026.0
4890,529372.6,5347633.5
4891,529366.06,5347251.0
4892,529319.8,5346864.0
4893,529218.7,5346469.5
4894,529144.4,5346059.5
4895,529019.3,5345702.5
4896,529154.44,5345412.5
4897,529289.2,5345029.5
4898,529383.7,5344644.5
4899,529523.2,5344301.0
4900,529616.4,5343928.5
4901,529730.6,5343603.0
4902,529860.44,5343302.5
4903,530198.44,5343116.5
4904,530497.06,5342912.5
4905,531404.2,5349229.5
4906,530761.44,5342619.0
4907,531103.56,5342298.0
4908,531488.6,5342278.0
4909,531793.9,5342031.0
4910,532126.5,5341738.0
4911,532463.7,5341513.5
4912,532797.9,5341271.0
4913,533114.44,5340972.0
4914,533414.4,5340630.0
4915,533770.7,5340631.5
4916,534134.9,5340648.5
4917,534521.6,5340699.5
4918,544125.7,5344475.5
4919,544141.9,5344620.0
4920,544116.94,5344329.0
4921,544110.2,5344217.0
4922,544042.2,5344138.0
4923,544283.06,5344656.5
4924,544375.2,5344768.0
4925,544359.4,5344946.5
4926,544532.75,5345078.0
4927,544543.56,5345295.5
4928,544466.7,5345507.0
4929,544663.56,5345697.0
4930,544851.56,5345891.0
4931,545049.5,5346110.0
4932,544963.8,5346245.0
4933,545326.7,5346231.0
4934,545483.3,5346473.5
4935,545299.7,5346619.5
4936,545271.75,5346817.5
4937,545423.06,5346966.5
4938,545382.75,5347165.0
4939,545434.5,5347354.5
4940,545558.06,5347456.5
4941,545616.56,5347606.0
4942,545538.06,5347754.5
4943,545465.7,5347904.0
4944,545388.8,5348035.5
4945,545445.4,5348162.5
4946,545398.6,5348293.0
4947,545366.3,5348421.0
4948,545378.06,5348549.0
4949,545280.44,5348645.5
4950,545324.0,5348783.0
4951,545392.9,5348898.5
4952,545461.7,5348990.5
4953,545430.06,5349091.5
4954,545526.9,5349173.0
4955,545509.9,5349284.5
4956,545589.9,5349392.5
4957,545469.2,5349441.0
4958,545434.1,5349522.0
4959,545436.5,5349654.5
4960,545434.3,5349759.5
4961,545420.06,5349868.5
4962,545494.2,5349948.0
4963,545447.75,5350049.0
4964,545409.56,5350140.5
4965,545324.7,5350188.0
4966,545331.6,5350285.0
4967,545277.6,5350380.0
4968,545308.44,5350483.0
4969,545252.2,5350566.5
4970,545302.06,5350629.0
4971,545278.0,5350726.0
4972,545267.1,5350825.5
4973,545176.75,5350886.5
4974,545123.4,5350980.5
4975,545141.06,5351123.0
4976,545228.44,5351215.0
4977,545206.94,5351334.5
4978,545188.3,5351465.0
4979,545287.9,5351723.5
4980,545239.2,5351823.0
4981,545305.8,5351894.0
4982,545296.2,5352000.0
4983,545224.6,5352084.0
4984,545286.1,5352206.5
4985,545290.0,5352345.0
4986,544830.25,5352635.0
4987,544829.2,5352754.5
4988,544699.4,5352758.0
4989,540817.0,5356665.0
4990,540858.8,5356545.0
4991,531247.3,5349111.5
4992,531080.2,5349005.0
4993,531060.6,5348835.0
4994,530868.44,5348926.5
4995,530645.5,5348845.0
4996,530466.94,5348913.5
4997,530265.2,5348909.0
4998,530025.56,5348910.5
4999,529784.25,5348954.0
5000,529656.56,5348742.5
5001,529411.2,5348687.0
5002,529353.6,5348360.0
5003,529038.9,5348180.0
5004,529020.9,5347807.5
5005,529078.94,5347450.0
5006,529036.4,5347092.5
5007,528962.7,5346778.5
5008,528862.44,5346511.0
5009,528868.06,5346225.0
5010,528740.6,5345857.5
5011,528699.25,5345390.0
5012,528955.06,5345106.0
5013,529002.2,5344733.0
5014,529058.6,5344327.5
5015,529279.8,5344034.0
5016,529302.3,5343690.5
5017,529396.5,5343357.5
5018,529569.75,5343070.0
5019,529907.7,5342888.5
5020,530265.2,5342636.0
5021,531225.1,5349315.0
5022,530581.0,5342331.0
5023,530814.0,5342051.5
5024,531101.5,5341809.5
5025,531432.5,5341909.5
5026,531765.8,5341630.5
5027,532087.25,5341336.5
5028,532423.0,5341113.5
5029,532743.44,5340870.0
5030,533051.7,5340573.5
5031,533354.2,5340233.0
5032,533700.56,5340227.0
5033,534052.25,5340247.5
5034,534408.94,5340307.5
5035,544224.25,5344382.0
5036,544274.9,5344516.0
5037,544205.9,5344250.5
5038,544159.8,5344137.0
5039,544078.25,5344045.0
5040,544411.75,5344589.5
5041,544557.94,5344622.5
5042,544559.7,5344756.5
5043,544498.5,5344883.5
5044,544659.3,5344872.0
5045,544789.94,5344973.5
5046,544786.9,5345200.5
5047,544696.2,5345463.0
5048,544899.9,5345648.0
5049,545080.56,5345830.5
5050,545362.56,5345910.5
5051,545679.06,5346158.0
5052,545686.0,5346452.5
5053,545794.4,5346724.0
5054,545498.6,5346752.5
5055,545648.4,5346927.0
5056,545540.06,5347101.5
5057,545548.6,5347273.0
5058,545680.0,5347339.0
5059,545766.4,5347449.5
5060,545741.44,5347624.5
5061,545687.9,5347773.5
5062,545595.56,5347894.0
5063,545535.44,5348039.5
5064,545569.75,5348170.0
5065,545525.94,5348289.0
5066,545489.3,5348426.0
5067,545500.0,5348564.0
5068,545403.5,5348689.5
5069,545464.44,5348809.5
5070,545549.94,5348913.5
5071,545573.94,5349056.0
5072,545654.4,5349173.5
5073,545620.2,5349280.0
5074,545700.44,5349400.0
5075,545639.94,5349513.5
5076,545544.5,5349497.0
5077,545505.06,5349572.0
5078,545577.75,5349620.5
5079,545542.1,5349702.0
5080,545531.2,5349834.0
5081,545607.8,5349941.0
5082,545551.06,5350044.5
5083,545499.9,5350141.5
5084,545422.1,5350254.0
5085,545405.75,5350343.5
5086,545375.5,5350425.5
5087,545426.2,5350501.0
5088,545352.6,5350554.0
5089,545274.8,5350925.0
5090,545202.9,5351030.5
5091,545276.3,5351113.5
5092,545361.9,5351182.0
5093,545323.56,5351285.5
5094,545300.4,5351387.0
5095,545347.4,5351788.0
5096,545411.6,5351854.5
5097,545399.56,5351951.0
5098,545399.1,5352040.0
5099,545345.44,5352117.5
5100,545399.4,5352231.0
5101,545439.0,5352338.0
5102,540934.1,5356665.5
5103,540959.8,5356501.0
5104,531067.9,5349197.5
5105,530893.3,5349088.0
5106,530655.8,5349022.0
5107,530409.1,5349061.5
5108,530190.25,5349068.0
5109,529985.94,5349065.0
5110,529863.7,5349179.0
5111,529676.75,5349150.0
5112,529519.06,5348998.5
5113,529309.94,5348993.0
5114,529143.5,5348883.0
5115,529137.4,5348570.0
5116,528917.4,5348510.5
5117,528755.3,5348351.5
5118,528723.7,5348133.0
5119,528748.8,5347886.0
5120,528786.3,5347580.0
5121,528825.1,5347278.5
5122,528655.44,5346997.5
5123,528623.2,5346689.5
5124,528581.4,5346397.5
5125,528567.0,5346131.0
5126,528379.9,5345943.0
5127,528459.2,5345666.0
5128,528264.94,5345441.0
5129,528334.6,5345109.5
5130,528655.2,5344924.0
5131,528661.5,5344510.0
5132,528660.06,5344125.5
5133,528953.9,5343884.0
5134,528949.4,5343454.5
5135,529146.44,5343034.0
5136,529495.56,5342757.0
5137,529830.06,5342524.5
5138,530134.2,5342271.5
5139,531045.7,5349399.5
5140,530421.4,5341999.0
5141,530711.75,5341716.5
5142,530986.44,5341430.0
5143,531387.1,5341511.0
5144,531685.94,5341224.5
5145,532051.1,5340944.0
5146,532367.25,5340712.5
5147,532683.5,5340472.0
5148,532991.8,5340178.0
5149,533270.5,5339883.0
5150,533626.8,5339798.0
5151,533993.5,5339840.0
5152,534347.7,5339904.0
5153,544303.0,5344290.0
5154,544329.0,5344398.0
5155,544417.8,5344455.0
5156,544279.06,5344159.5
5157,544206.56,5344048.0
5158,544126.0,5343958.0
5159,544518.4,5344499.0
5160,544632.9,5344470.0
5161,544715.7,5344556.5
5162,544698.56,5344697.0
5163,544824.1,5344773.0
5164,544968.5,5344829.0
5165,545006.4,5345030.0
5166,545096.9,5345251.5
5167,544928.25,5345418.0
5168,545189.5,5345565.0
5169,545484.7,5345585.0
5170,545690.56,5345863.5
5171,545892.0,5346901.0
5172,545806.5,5347045.5
5173,545687.8,5347150.0
5174,545873.8,5347236.0
5175,545980.5,5347413.0
5176,545885.0,5347543.0
5177,545818.9,5347719.0
5178,545868.5,5347864.5
5179,545731.7,5347909.5
5180,545652.44,5347996.0
5181,545673.44,5348107.0
5182,545656.94,5348241.0
5183,545631.06,5348365.0
5184,545611.7,5348496.0
5185,545613.25,5348626.0
5186,545541.0,5348715.5
5187,545599.4,5348810.5
5188,545692.9,5348873.5
5189,545666.2,5348981.0
5190,545727.44,5349086.0
5191,545781.25,5349208.0
5192,545720.56,5349288.0
5193,545809.4,5349313.0
5194,545814.7,5349414.5
5195,545733.2,5349522.0
5196,545685.5,5349640.0
5197,545612.3,5349734.0
5198,545630.5,5349835.0
5199,545709.5,5349880.0
5200,545714.94,5349982.0
5201,545647.1,5350058.0
5202,545596.7,5350148.5
5203,545536.3,5350226.5
5204,545527.0,5350322.5
5205,545482.2,5350398.0
5206,545515.6,5350487.0
5207,545310.7,5351016.5
5208,545369.3,5351093.5
5209,545479.3,5351145.0
5210,545451.4,5351243.0
5211,545415.56,5351355.5
5212,545501.4,5351917.0
5213,545500.75,5352016.0
5214,545469.1,5352124.5
5215,545532.06,5352226.0
5216,545595.3,5352342.5
5217,541042.0,5356607.0
5218,541118.8,5356557.0
5219,541058.0,5356421.0
5220,530889.3,5349276.0
5221,530734.25,5349172.5
5222,530542.44,5349192.0
5223,530312.7,5349231.5
5224,530079.1,5349215.0
5225,529944.4,5349364.0
5226,529745.4,5349334.5
5227,529526.6,5349284.5
5228,529333.6,5349211.0
5229,529135.94,5349153.0
5230,528955.06,5349076.0
5231,528922.1,5348805.0
5232,528714.3,5348614.5
5233,528556.75,5348431.0
5234,528521.4,5348244.0
5235,528534.4,5348011.5
5236,528538.3,5347761.5
5237,528543.75,5347535.5
5238,528593.56,5347311.0
5239,528382.4,5347188.5
5240,528317.8,5346998.5
5241,528354.5,5346797.0
5242,528342.1,5346540.5
5243,528306.8,5346248.5
5244,528116.8,5346020.0
5245,528156.5,5345745.5
5246,527919.4,5345587.0
5247,527963.7,5345280.0
5248,527977.6,5344940.5
5249,528312.0,5344711.0
5250,528267.94,5344302.0
5251,528338.4,5343926.5
5252,528602.2,5343707.0
5253,528509.94,5343347.5
5254,528780.06,5343136.5
5255,528770.2,5342799.5
5256,529112.6,5342638.0
5257,529443.6,5342400.5
5258,529749.56,5342142.5
5259,530049.4,5341881.0
5260,530857.6,5349462.5
5261,530342.5,5341610.5
5262,530624.44,5341323.5
5263,530890.5,5341017.0
5264,531246.9,5341138.0
5265,531461.3,5340876.5
5266,531746.06,5340826.0
5267,531997.3,5340527.0
5268,532314.6,5340310.0
5269,532635.06,5340070.0
5270,532956.7,5339774.0
5271,533296.7,5339513.0
5272,533599.75,5339384.5
5273,533948.6,5339410.5
5274,534315.0,5339497.0
5275,544373.9,5344232.0
5276,544416.06,5344335.0
5277,544537.44,5344370.0
5278,544323.9,5344055.5
5279,544402.3,5344142.5
5280,544261.4,5343949.5
5281,544192.8,5343885.0
5282,544667.75,5344343.5
5283,544762.0,5344422.5
5284,544839.0,5344490.5
5285,544836.06,5344613.0
5286,544961.56,5344648.5
5287,545090.25,5344681.5
5288,545140.2,5344855.5
5289,545300.3,5345018.0
5290,545386.56,5345293.0
5291,545717.5,5345275.5
5292,545709.75,5345570.0
5293,545987.0,5347031.0
5294,546099.0,5347258.0
5295,546223.94,5347474.0
5296,546045.56,5347570.5
5297,545964.7,5347712.0
5298,546036.4,5347826.0
5299,545976.2,5347918.0
5300,545857.8,5347963.5
5301,545763.44,5348020.5
5302,545803.0,5348101.5
5303,545766.3,5348186.0
5304,545767.7,5348301.5
5305,545741.44,5348450.5
5306,545730.2,5348590.0
5307,545705.1,5348730.0
5308,545801.5,5348824.0
5309,545804.7,5348973.5
5310,545854.75,5349119.0
5311,545883.56,5349262.5
5312,545911.3,5349412.0
5313,545839.3,5349508.0
5314,545785.3,5349607.0
5315,545777.4,5349712.0
5316,545704.2,5349768.0
5317,545798.2,5349821.0
5318,545798.6,5349929.0
5319,545819.9,5350028.0
5320,545739.2,5350078.0
5321,545695.7,5350164.0
5322,545625.75,5350250.5
5323,545649.75,5350343.5
5324,545578.6,5350413.5
5325,545631.56,5350513.0
5326,545582.2,5351206.5
5327,545533.6,5351337.5
5328,545603.9,5351958.5
5329,545591.8,5352094.5
5330,545654.2,5352219.5
5331,545695.2,5352340.5
5332,541240.2,5356453.0
5333,541153.0,5356359.0
5334,530698.2,5349336.5
5335,530505.2,5349367.5
5336,530328.8,5349410.5
5337,530145.7,5349383.5
5338,530077.44,5349551.0
5339,529879.9,5349532.5
5340,529685.06,5349495.0
5341,529490.4,5349456.5
5342,529299.56,5349402.0
5343,529108.9,5349347.5
5344,528921.94,5349281.0
5345,528735.06,5349214.0
5346,528766.7,5349023.5
5347,528713.0,5348834.0
5348,528536.9,5348742.5
5349,528483.7,5348560.5
5350,528313.4,5348381.5
5351,528338.94,5348146.0
5352,528373.75,5347933.0
5353,528265.75,5347778.0
5354,528380.1,5347621.5
5355,528374.25,5347415.5
5356,528179.9,5347344.0
5357,528129.5,5347137.5
5358,528079.06,5346902.5
5359,528101.06,5346669.5
5360,528111.56,5346443.0
5361,528071.7,5346236.5
5362,527902.06,5346114.5
5363,527898.06,5345869.0
5364,527660.1,5345766.5
5365,527633.1,5345486.0
5366,527646.9,5345173.5
5367,527617.1,5344830.5
5368,527935.0,5344584.5
5369,527872.56,5344265.5
5370,527990.0,5343930.0
5371,528197.06,5343541.0
5372,528181.3,5343100.5
5373,528488.9,5342997.0
5374,528364.1,5342657.5
5375,528748.4,5342435.0
5376,529083.5,5342301.0
5377,529324.9,5342049.5
5378,529621.94,5341802.0
5379,529918.1,5341537.5
5380,530669.2,5349524.5
5381,530211.3,5341267.5
5382,530487.4,5340974.0
5383,530737.44,5340665.0
5384,531164.1,5340679.5
5385,531609.44,5340455.5
5386,531927.0,5340113.0
5387,532258.8,5339903.0
5388,532613.94,5339669.5
5389,532959.0,5339372.5
5390,533316.8,5339105.5
5391,533664.06,5339021.5
5392,533971.5,5338988.5
5393,534302.2,5339088.5
5394,544478.5,5344248.0
5395,544589.8,5344250.0
5396,544368.94,5343971.0
5397,544449.0,5344044.5
5398,544517.9,5344147.5
5399,544271.56,5343824.5
5400,544356.5,5343876.5
5401,544706.3,5344227.0
5402,544790.94,5344309.5
5403,544908.75,5344376.5
5404,544953.3,5344500.0
5405,545073.9,5344519.5
5406,545179.44,5344552.5
5407,545228.6,5344680.0
5408,545294.25,5344819.5
5409,545485.5,5344805.5
5410,545534.6,5345027.5
5411,545749.5,5344982.5
5412,546164.2,5347688.5
5413,546387.3,5347741.5
5414,546204.6,5347837.0
5415,546110.1,5347929.0
5416,545995.1,5348025.0
5417,545894.0,5348057.0
5418,545877.94,5348692.0
5419,545916.44,5348875.5
5420,545934.94,5349028.5
5421,545960.6,5349174.5
5422,545990.06,5349302.5
5423,546003.4,5349427.0
5424,545940.4,5349512.5
5425,545874.0,5349575.5
5426,545858.7,5349669.0
5427,545867.0,5349763.5
5428,545950.44,5349846.5
5429,545916.1,5349919.0
5430,545915.8,5350073.5
5431,545814.6,5350148.0
5432,545735.4,5350260.0
5433,545780.6,5350358.0
5434,545688.25,5350423.0
5435,545767.0,5350466.0
5436,545732.9,5350576.0
5437,545663.2,5351297.5
5438,545626.6,5351395.5
5439,545696.6,5351992.0
5440,545694.06,5352104.0
5441,545763.44,5352162.0
5442,545766.1,5352261.5
5443,545791.75,5352351.0
5444,541270.0,5356296.0
5445,541318.5,5356406.0
5446,530472.1,5349547.5
5447,530275.0,5349569.0
5448,528555.06,5349130.5
5449,528572.7,5348952.5
5450,528398.94,5348862.5
5451,528322.7,5348637.0
5452,528155.06,5348518.5
5453,528042.3,5348371.0
5454,528130.6,5348201.0
5455,528200.44,5348004.5
5456,528088.0,5347882.5
5457,528056.5,5347689.0
5458,528209.06,5347560.0
5459,528024.75,5347495.5
5460,527965.56,5347308.5
5461,527906.44,5347121.5
5462,527878.75,5346927.5
5463,527851.7,5346733.5
5464,527886.1,5346541.0
5465,527923.94,5346348.5
5466,527761.8,5346261.5
5467,527706.4,5346018.5
5468,527489.25,5345955.5
5469,527388.4,5345720.0
5470,527326.75,5345401.0
5471,527361.44,5345091.0
5472,527243.56,5344816.5
5473,527527.8,5344474.0
5474,527615.1,5344040.5
5475,527655.75,5343658.0
5476,527915.56,5343595.0
5477,527834.7,5343243.5
5478,527958.9,5342793.5
5479,528100.75,5342377.0
5480,528479.8,5342209.0
5481,528882.0,5341997.0
5482,529211.8,5341701.5
5483,529487.94,5341463.0
5484,529779.4,5341199.0
5485,530076.5,5340978.0
5486,530282.06,5340688.5
5487,530526.5,5340380.0
5488,530946.2,5340333.0
5489,531307.3,5340296.5
5490,531546.5,5339987.0
5491,531823.8,5339661.0
5492,532261.56,5339508.5
5493,532617.0,5339267.5
5494,532996.94,5338977.0
5495,533367.94,5338665.0
5496,533741.56,5338628.5
5497,534096.0,5338644.0
5498,534421.5,5338709.0
5499,544634.5,5344141.5
5500,544458.3,5343920.0
5501,544529.25,5343982.5
5502,544571.5,5344057.5
5503,544354.7,5343769.5
5504,544442.56,5343814.0
5505,544748.75,5344112.5
5506,544816.7,5344193.0
5507,544892.9,5344266.5
5508,545010.0,5344267.0
5509,545050.9,5344387.5
5510,545196.5,5344413.5
5511,545296.44,5344526.5
5512,545370.56,5344666.5
5513,545507.7,5344648.0
5514,545673.3,5344705.0
5515,546324.2,5347939.0
5516,546508.94,5348009.5
5517,546221.3,5348001.5
5518,546103.7,5348088.5
5519,546006.4,5348138.5
5520,546023.0,5348794.0
5521,546043.4,5348947.0
5522,546052.3,5349084.5
5523,546079.7,5349194.5
5524,546104.9,5349318.0
5525,546046.8,5349375.0
5526,546099.8,5349430.5
5527,546059.25,5349512.0
5528,546051.1,5349910.0
5529,546016.8,5350002.5
5530,545830.5,5350265.0
5531,545909.3,5350330.5
5532,545848.1,5350434.5
5533,545863.8,5350559.0
5534,545788.06,5350674.5
5535,545744.7,5351387.5
5536,545708.0,5351483.0
5537,545784.56,5352038.0
5538,545846.06,5352115.5
5539,545861.44,5352213.5
5540,545869.4,5352312.0
5541,541411.0,5356378.0
5542,541384.94,5356244.0
5543,528375.06,5349047.0
5544,528199.44,5348955.0
5545,528245.9,5348787.5
5546,528081.5,5348682.0
5547,527942.25,5348542.0
5548,527818.2,5348402.0
5549,527895.5,5348222.0
5550,527994.3,5348052.5
5551,527581.94,5346183.5
5552,527404.94,5346129.5
5553,527245.4,5346009.0
5554,527153.5,5345854.5
5555,527137.9,5345654.5
5556,527040.4,5345463.0
5557,527055.44,5345166.5
5558,526870.25,5344855.5
5559,527110.2,5344514.0
5560,527318.3,5344189.0
5561,527298.3,5343776.0
5562,527458.8,5343326.0
5563,527594.7,5342904.5
5564,527720.3,5342492.5
5565,527850.3,5342099.5
5566,528219.0,5341965.0
5567,528575.8,5341777.5
5568,528896.1,5341534.0
5569,529194.5,5341261.0
5570,529495.9,5341001.0
5571,529816.7,5340743.5
5572,530094.9,5340399.0
5573,530340.6,5340120.0
5574,530731.44,5340035.0
5575,531139.1,5339969.0
5576,531338.94,5339620.0
5577,531525.5,5339284.5
5578,531933.06,5339294.0
5579,532240.94,5339069.5
5580,532663.7,5338878.0
5581,533012.6,5338619.0
5582,533145.5,5338262.5
5583,533500.3,5338249.5
5584,533875.2,5338255.5
5585,534238.94,5338262.5
5586,534598.4,5338340.5
5587,544685.6,5344034.0
5588,544540.25,5343832.0
5589,544563.7,5343908.0
5590,544629.5,5343960.5
5591,544435.3,5343711.5
5592,544518.2,5343737.0
5593,544798.25,5344001.0
5594,544861.2,5344084.0
5595,544926.56,5344170.0
5596,545019.1,5344150.5
5597,545108.9,5344178.5
5598,545138.44,5344290.0
5599,545257.75,5344299.0
5600,545349.8,5344391.0
5601,545426.8,5344509.5
5602,545548.5,5344481.5
5603,545615.4,5344596.0
5604,546419.1,5348112.0
5605,546298.9,5348106.0
5606,546577.3,5348144.5
5607,546181.9,5348157.5
5608,546070.6,5348215.0
5609,546123.0,5348851.0
5610,546151.2,5349012.0
5611,546189.75,5349148.0
5612,546183.1,5349414.0
5613,546177.75,5349524.0
5614,546153.4,5349970.5
5615,546135.06,5350045.0
5616,546031.2,5350397.0
5617,546018.2,5350308.0
5618,545933.56,5350464.0
5619,545876.7,5350677.0
5620,545817.56,5350790.5
5621,545835.56,5351467.5
5622,545796.3,5351563.0
5623,541493.0,5356228.0
5624,541521.25,5356360.5
5625,528023.8,5348862.5
5626,527883.06,5348722.5
5627,527742.25,5348583.0
5628,527248.5,5346247.5
5629,527044.1,5346174.5
5630,526970.1,5346000.0
5631,526951.3,5345826.5
5632,526867.9,5345662.5
5633,526815.7,5345418.0
5634,526774.3,5345181.0
5635,526576.44,5345072.5
5636,526535.8,5344806.5
5637,526742.06,5344484.0
5638,527011.44,5344139.5
5639,526918.7,5343759.5
5640,527115.2,5343402.0
5641,527238.8,5342985.5
5642,527338.8,5342596.0
5643,527476.8,5342202.0
5644,527587.9,5341822.5
5645,527954.75,5341720.0
5646,528310.44,5341558.0
5647,528622.94,5341321.0
5648,528909.75,5341057.0
5649,529203.3,5340798.0
5650,529507.5,5340549.5
5651,529785.0,5340325.5
5652,530015.9,5339987.0
5653,530474.1,5339790.0
5654,530902.0,5339676.0
5655,531071.7,5339319.0
5656,531283.5,5338988.5
5657,531761.2,5338963.5
5658,531996.6,5338660.5
5659,532372.7,5338699.0
5660,532720.8,5338462.0
5661,532812.06,5338082.5
5662,533277.3,5337841.0
5663,533648.2,5337912.0
5664,533995.3,5337867.5
5665,534402.25,5337866.5
5666,534762.44,5337967.5
5667,544732.56,5343923.0
5668,544610.06,5343754.0
5669,544654.5,5343851.5
5670,544497.8,5343635.0
5671,544580.75,5343652.5
5672,544842.44,5343893.0
5673,544911.3,5343979.0
5674,544970.8,5344063.0
5675,545078.7,5344068.5
5676,545182.7,5344093.5
5677,545214.1,5344195.5
5678,545318.1,5344203.5
5679,545359.2,5344281.5
5680,545458.0,5344284.0
5681,545491.44,5344356.5
5682,546509.0,5348226.0
5683,546377.0,5348211.0
5684,546257.8,5348226.0
5685,546653.0,5348292.0
5686,546134.5,5348269.0
5687,546230.44,5348885.0
5688,546261.7,5348978.0
5689,546288.4,5349080.5
5690,546300.56,5349457.0
5691,546372.4,5349546.0
5692,546258.5,5350026.0
5693,546248.25,5350099.5
5694,546140.0,5350350.0
5695,546129.44,5350272.0
5696,545909.75,5350791.0
5697,545855.0,5350904.5
5698,545934.7,5351537.5
5699,545890.5,5351636.5
5700,541604.0,5356215.0
5701,541630.0,5356339.0
5702,546286.1,5305939.5
5703,527092.06,5346366.0
5704,526876.5,5346320.0
5705,526793.3,5346131.5
5706,526699.06,5345896.5
5707,526649.56,5345622.5
5708,526567.56,5345360.5
5709,526378.25,5345230.0
5710,526325.3,5345033.0
5711,526213.7,5344833.0
5712,526391.2,5344586.0
5713,526429.25,5344310.0
5714,526683.06,5344087.5
5715,526568.4,5343731.5
5716,526750.2,5343404.0
5717,526928.8,5343093.5
5718,526911.2,5342712.0
5719,527105.5,5342310.5
5720,527218.6,5341919.5
5721,527308.56,5341549.5
5722,527682.8,5341452.0
5723,528051.8,5341364.0
5724,528355.6,5341139.5
5725,528617.7,5340851.5
5726,528903.06,5340587.0
5727,529225.06,5340342.0
5728,529567.75,5340067.0
5729,529799.6,5339699.0
5730,530202.6,5339599.0
5731,530637.25,5339424.5
5732,530797.75,5339027.0
5733,531076.8,5338692.5
5734,531527.56,5338667.5
5735,531784.7,5338348.5
5736,532305.6,5338309.5
5737,532461.1,5337920.5
5738,532916.3,5337690.5
5739,533285.56,5337417.0
5740,533681.9,5337510.5
5741,534081.3,5337486.5
5742,534438.75,5337468.0
5743,534808.8,5337566.0
5744,544770.4,5343816.5
5745,544673.1,5343667.5
5746,544699.9,5343759.0
5747,544542.4,5343546.0
5748,544629.9,5343562.0
5749,544876.75,5343779.0
5750,544946.8,5343880.0
5751,545030.8,5343965.5
5752,545147.44,5343997.5
5753,545254.3,5344018.5
5754,545284.6,5344115.5
5755,545392.9,5344137.5
5756,545424.94,5344211.0
5757,546587.0,5348373.0
5758,546436.0,5348321.0
5759,546336.1,5348295.0
5760,546236.5,5348352.0
5761,546708.94,5348398.5
5762,546344.6,5348890.5
5763,546372.7,5349000.5
5764,546478.2,5349483.0
5765,546524.9,5349568.5
5766,546362.25,5350083.5
5767,546352.75,5350168.0
5768,546240.25,5350299.0
5769,546240.7,5350398.5
5770,545949.4,5350903.0
5771,545901.5,5351014.5
5772,546037.25,5351602.5
5773,545987.6,5351706.0
5774,541749.06,5356333.0
5775,541731.0,5356172.0
5776,547530.56,5305563.5
5777,546900.4,5305750.0
5778,546644.6,5305827.0
5779,546430.6,5305990.0
5780,526952.06,5346502.5
5781,526729.4,5346473.5
5782,526640.7,5346302.0
5783,526557.3,5346119.5
5784,526425.6,5345961.5
5785,526470.8,5345760.5
5786,526456.1,5345552.0
5787,526313.2,5345412.5
5788,526147.7,5345257.5
5789,526110.1,5345057.0
5790,525954.0,5344965.5
5791,525957.1,5344771.5
5792,526128.94,5344640.0
5793,526158.56,5344436.5
5794,526134.44,5344211.0
5795,526361.3,5344016.5
5796,526257.2,5343740.5
5797,526392.75,5343382.0
5798,526601.0,5343023.0
5799,526430.3,5342639.5
5800,526751.7,5342391.5
5801,526858.3,5342030.5
5802,526955.56,5341632.0
5803,527029.2,5341219.5
5804,527382.2,5341236.0
5805,527612.7,5341081.0
5806,527853.8,5341145.5
5807,528090.3,5341013.5
5808,528278.6,5340740.0
5809,528548.2,5340394.5
5810,528902.0,5340153.5
5811,529238.5,5339925.0
5812,529496.2,5339675.5
5813,529652.06,5339297.5
5814,529978.56,5339371.0
5815,530348.25,5339221.0
5816,530445.06,5338837.5
5817,530732.0,5338564.0
5818,530990.06,5338310.5
5819,531330.56,5338369.5
5820,531551.4,5338046.5
5821,532002.0,5338022.5
5822,532230.0,5337750.0
5823,532576.9,5337568.0
5824,532871.2,5337264.5
5825,533278.25,5337020.5
5826,533594.25,5337132.5
5827,533940.0,5337064.0
5828,534292.8,5337128.5
5829,534695.2,5337175.0
5830,544779.5,5343698.0
5831,544724.94,5343584.5
5832,544575.9,5343452.5
5833,544674.94,5343472.5
5834,544873.56,5343674.5
5835,544968.75,5343689.0
5836,544974.75,5343789.5
5837,545042.2,5343856.0
5838,545121.0,5343907.0
5839,545215.56,5343928.5
5840,545297.56,5343916.5
5841,545328.4,5343990.5
5842,545360.56,5344064.0
5843,546583.0,5348542.5
5844,546508.94,5348436.0
5845,546348.0,5348414.0
5846,546774.9,5348544.0
5847,546471.0,5348855.0
5848,546598.2,5348923.5
5849,546630.7,5349515.5
5850,546643.75,5349609.5
5851,546455.75,5350156.5
5852,546450.06,5350247.5
5853,546319.5,5350383.0
5854,546282.8,5350486.0
5855,546000.0,5351010.5
5856,545968.2,5351113.5
5857,546124.6,5351686.0
5858,546077.75,5351782.5
5859,541862.0,5356310.0
5860,541865.0,5356169.0
5861,547789.2,5305489.5
5862,547722.6,5305830.0
5863,547496.9,5305882.0
5864,547335.8,5305772.0
5865,547145.7,5305716.5
5866,547145.9,5305893.0
5867,546990.6,5305964.5
5868,546814.0,5305912.0
5869,546634.4,5306014.0
5870,546507.0,5306174.0
5871,526815.44,5346643.0
5872,526591.3,5346630.5
5873,526490.0,5346466.5
5874,526391.1,5346300.0
5875,526328.0,5346142.5
5876,526187.1,5346035.5
5877,526255.5,5345828.5
5878,526279.3,5345622.0
5879,526112.3,5345484.5
5880,525936.7,5345379.0
5881,525936.6,5345179.5
5882,525757.9,5345084.0
5883,525760.44,5344884.5
5884,525761.1,5344684.5
5885,525935.8,5344561.5
5886,525920.5,5344359.0
5887,525875.5,5344156.5
5888,526064.8,5343981.0
5889,525963.9,5343774.0
5890,526109.0,5343553.0
5891,526053.4,5343313.0
5892,526241.06,5343021.0
5893,526009.9,5342738.5
5894,526080.5,5342345.5
5895,526476.3,5342199.5
5896,526613.0,5341796.0
5897,526677.75,5341380.5
5898,526622.3,5340999.5
5899,526972.0,5340879.0
5900,527340.44,5340871.0
5901,527836.56,5340782.0
5902,528074.2,5340463.0
5903,528311.75,5340144.5
5904,528607.25,5339880.0
5905,528980.1,5339746.0
5906,529262.75,5339470.0
5907,529362.2,5339086.0
5908,529661.5,5338897.5
5909,530019.9,5338983.0
5910,530174.25,5338615.5
5911,530443.44,5338364.5
5912,530738.8,5338056.0
5913,531176.8,5337991.5
5914,531438.25,5337642.0
5915,531778.56,5337756.5
5916,531900.44,5337419.5
5917,532353.7,5337297.0
5918,532495.44,5336944.5
5919,532920.3,5336850.5
5920,533306.44,5336621.0
5921,533630.6,5336758.5
5922,533923.4,5336645.5
5923,534241.56,5336692.5
5924,534473.0,5336832.0
5925,544819.2,5343593.5
5926,544767.1,5343492.5
5927,544626.5,5343370.0
5928,544723.5,5343374.0
5929,544921.0,5343593.5
5930,545016.56,5343583.5
5931,545069.75,5343653.5
5932,545050.56,5343750.0
5933,545119.44,5343810.0
5934,545188.8,5343854.0
5935,545275.5,5343840.0
5936,546643.56,5348657.5
5937,546824.7,5348722.0
5938,546671.94,5348782.0
5939,546712.9,5348896.0
5940,546750.8,5349588.5
5941,546742.8,5349675.0
5942,546545.56,5350234.5
5943,546538.0,5350337.0
5944,546375.6,5350501.0
5945,546367.75,5350599.5
5946,546063.3,5351110.5
5947,546049.1,5351201.5
5948,546186.75,5351787.5
5949,546132.9,5351886.5
5950,541979.94,5356178.0
5951,541984.2,5356308.0
5952,548229.6,5305384.5
5953,548021.5,5305480.0
5954,547971.56,5305752.5
5955,547964.5,5306039.0
5956,547770.2,5306090.0
5957,547564.0,5306145.0
5958,547295.3,5306037.0
5959,547118.7,5306085.5
5960,546994.94,5306132.0
5961,546829.94,5306054.0
5962,546701.6,5306201.5
5963,546561.7,5306367.0
5964,526688.94,5346792.5
5965,526468.3,5346793.0
5966,526352.9,5346630.0
5967,526231.6,5346456.0
5968,526120.75,5346263.5
5969,525978.56,5346103.0
5970,526059.9,5345899.5
5971,526094.25,5345696.0
5972,525929.25,5345580.5
5973,525746.1,5345483.5
5974,525748.44,5345284.0
5975,525733.9,5344487.0
5976,525700.6,5344290.0
5977,525640.8,5344099.5
5978,525806.56,5343960.0
5979,525719.06,5343765.0
5980,525861.1,5343561.5
5981,525760.56,5343357.5
5982,525893.4,5343080.5
5983,525680.6,5342895.0
5984,525662.56,5342546.0
5985,525690.44,5342227.5
5986,525881.25,5341992.5
5987,526242.8,5341919.0
5988,526411.56,5341562.5
5989,526315.56,5341198.5
5990,529327.0,5338693.0
5991,529808.25,5338541.0
5992,530099.8,5338219.0
5993,530377.1,5337931.5
5994,530624.7,5337624.0
5995,530985.6,5337690.0
5996,531197.5,5337354.5
5997,531611.56,5337245.0
5998,532053.4,5337056.0
5999,532166.6,5336678.5
6000,532567.44,5336554.0
6001,532963.4,5336454.5
6002,533317.3,5336256.5
6003,533654.0,5336311.0
6004,534018.0,5336301.0
6005,534362.94,5336288.0
6006,534655.94,5336486.5
6007,544865.0,5343510.0
6008,544812.6,5343418.0
6009,544965.75,5343505.0
6010,545060.8,5343486.5
6011,545112.2,5343557.0
6012,545160.56,5343625.0
6013,545132.4,5343716.5
6014,545196.75,5343778.0
6015,545263.4,5343761.0
6016,546875.4,5348845.5
6017,546815.8,5348943.0
6018,546848.4,5349672.0
6019,546831.7,5349754.0
6020,546635.2,5350312.5
6021,546635.7,5350415.5
6022,546443.94,5350577.0
6023,546490.1,5350671.5
6024,546152.5,5351188.0
6025,546142.5,5351276.5
6026,546223.75,5351902.5
6027,546156.5,5352003.0
6028,542100.0,5356192.0
6029,542100.0,5356310.0
6030,548493.75,5305361.0
6031,548452.56,5305610.5
6032,548215.94,5305682.0
6033,548193.9,5305955.0
6034,548173.06,5306245.5
6035,547866.06,5306325.5
6036,547568.94,5306430.5
6037,547304.9,5306260.0
6038,547096.56,5306361.5
6039,546895.4,5306269.0
6040,546750.3,5306395.0
6041,546599.8,5306564.0
6042,526571.0,5346949.0
6043,526364.2,5346967.0
6044,526244.56,5346805.5
6045,526103.0,5346630.5
6046,525969.8,5346448.5
6047,525849.06,5346271.0
6048,525761.1,5346089.5
6049,525888.4,5345954.0
6050,525918.3,5345777.0
6051,525766.7,5345682.0
6052,525576.25,5343910.5
6053,525474.7,5343739.0
6054,525618.75,5343583.5
6055,525531.7,5343417.0
6056,525601.44,5343185.0
6057,525405.6,5343065.0
6058,525441.1,5342807.0
6059,525274.2,5342613.5
6060,525322.5,5342261.5
6061,525490.56,5341918.0
6062,525682.5,5341687.0
6063,525965.6,5341705.5
6064,526150.7,5341529.5
6065,525804.94,5341383.5
6066,529506.4,5338339.0
6067,529779.8,5338050.5
6068,530063.75,5337772.0
6069,530324.06,5337471.5
6070,530543.56,5337140.0
6071,530840.06,5337290.5
6072,531040.4,5336993.0
6073,531360.1,5336990.0
6074,531760.75,5336870.5
6075,531862.56,5336482.5
6076,532251.4,5336289.0
6077,532640.7,5336161.0
6078,533037.25,5336062.0
6079,533434.5,5335858.0
6080,533787.1,5335909.5
6081,534133.7,5335929.0
6082,534451.8,5335924.5
6083,534733.06,5336104.5
6084,544907.7,5343437.0
6085,545003.5,5343411.0
6086,545101.25,5343395.5
6087,545158.06,5343465.0
6088,545206.25,5343535.5
6089,545245.4,5343609.0
6090,545210.06,5343692.5
6091,545280.5,5343684.5
6092,546945.75,5348943.5
6093,546888.3,5349037.0
6094,546942.0,5349751.5
6095,546917.4,5349836.5
6096,546728.3,5350386.0
6097,546735.7,5350491.5
6098,546554.9,5350611.5
6099,546620.1,5350680.5
6100,546250.7,5351253.5
6101,546279.7,5351351.5
6102,546236.75,5352023.5
6103,546183.06,5352119.0
6104,542226.5,5356287.5
6105,542219.6,5356166.0
6106,548754.25,5305309.0
6107,548700.06,5305547.5
6108,548683.6,5305813.0
6109,548438.9,5305877.5
6110,548391.7,5306126.0
6111,548486.56,5306391.0
6112,548164.4,5306514.5
6113,547845.9,5306612.5
6114,547540.94,5306729.5
6115,547305.0,5306518.0
6116,547031.7,5306621.0
6117,546916.9,5306459.0
6118,546783.5,5306592.0
6119,546620.75,5306763.5
6120,526471.8,5347114.5
6121,526286.25,5347159.0
6122,526163.4,5346998.0
6123,526028.3,5346817.0
6124,525840.3,5346635.0
6125,525707.7,5346436.0
6126,525593.44,5346245.5
6127,525596.5,5345999.0
6128,525744.2,5345864.5
6129,525368.2,5343570.0
6130,525371.94,5343316.0
6131,525198.06,5343200.5
6132,525205.6,5342933.0
6133,525014.2,5342802.0
6134,524992.4,5342474.0
6135,524982.2,5342145.0
6136,525137.3,5341852.5
6137,525360.4,5341492.0
6138,525500.8,5341132.0
6139,530744.4,5336797.0
6140,531167.1,5336604.0
6141,531512.1,5336658.5
6142,531545.9,5336303.0
6143,531934.06,5336095.5
6144,532325.8,5335900.0
6145,532715.25,5335771.0
6146,533086.7,5335699.5
6147,533237.44,5335373.5
6148,533599.5,5335466.5
6149,533938.25,5335539.0
6150,534294.8,5335568.0
6151,534671.3,5335612.5
6152,534977.1,5335802.0
6153,545198.25,5343374.5
6154,545256.9,5343447.5
6155,545297.75,5343529.5
6156,545323.2,5343618.5
6157,547017.4,5349040.0
6158,546961.7,5349131.0
6159,547040.0,5349866.0
6160,546964.8,5349942.0
6161,546822.3,5350458.5
6162,546781.0,5350612.5
6163,546666.25,5350580.5
6164,546364.44,5351286.5
6165,546429.3,5351362.5
6166,546278.5,5352139.5
6167,546232.9,5352227.0
6168,542333.3,5356144.0
6169,542371.0,5356283.0
6170,548991.3,5305232.0
6171,548943.44,5305477.0
6172,548927.06,5305737.0
6173,548900.9,5306031.0
6174,548632.3,5306099.0
6175,548810.56,5306308.5
6176,548744.0,5306597.5
6177,548457.3,5306698.5
6178,548149.6,5306799.5
6179,547843.0,5306898.5
6180,547544.75,5307028.5
6181,547282.1,5306934.5
6182,547245.25,5306729.5
6183,547023.7,5306860.5
6184,546814.2,5306793.0
6185,546615.3,5306964.5
6186,526422.4,5347304.5
6187,526224.75,5347355.0
6188,526093.7,5347207.5
6189,525978.0,5347024.0
6190,525852.2,5346850.0
6191,525663.7,5346767.5
6192,525574.94,5346598.0
6193,525453.94,5346428.5
6194,525319.25,5346286.0
6195,525451.8,5346136.5
6196,525206.94,5343454.0
6197,525040.7,5343343.0
6198,525015.9,5343090.5
6199,524832.5,5343001.5
6200,524797.6,5342743.5
6201,524715.9,5342519.0
6202,524708.2,5342244.5
6203,524717.1,5341873.0
6204,524951.1,5341506.5
6205,525108.9,5341092.0
6206,530873.06,5336421.0
6207,531225.1,5336174.5
6208,531614.8,5335915.5
6209,532010.94,5335707.0
6210,532409.94,5335510.0
6211,532812.1,5335380.0
6212,532930.6,5335019.5
6213,533363.1,5335025.5
6214,533749.2,5335096.5
6215,534107.06,5335171.0
6216,534470.0,5335218.5
6217,534838.8,5335192.0
6218,535034.5,5335415.5
6219,545295.2,5343352.5
6220,545359.1,5343446.0
6221,545379.1,5343561.0
6222,547086.9,5349138.5
6223,547037.4,5349223.5
6224,547126.1,5349830.5
6225,547070.7,5349755.5
6226,547104.6,5349917.0
6227,547076.6,5350032.0
6228,546962.0,5350060.0
6229,546904.6,5350543.5
6230,546884.8,5350694.0
6231,546482.6,5351292.5
6232,546577.2,5351367.5
6233,546332.1,5352251.5
6234,546296.5,5352328.0
6235,542498.0,5356172.0
6236,542469.06,5356339.0
6237,549223.56,5305163.5
6238,549178.1,5305409.5
6239,549171.25,5305670.0
6240,549154.5,5305950.0
6241,549139.0,5306261.0
6242,548998.94,5306497.5
6243,549032.5,5306764.0
6244,548758.94,5306889.0
6245,548460.5,5306995.5
6246,548151.1,5307102.0
6247,547803.3,5307184.5
6248,547508.25,5307332.0
6249,547257.0,5307177.0
6250,547022.1,5307073.5
6251,546802.5,5307000.5
6252,546593.06,5307163.5
6253,526373.0,5347494.0
6254,526217.7,5347541.0
6255,526004.44,5347431.5
6256,525907.25,5347211.0
6257,525798.56,5347038.5
6258,525724.8,5346906.5
6259,525587.3,5346977.0
6260,525464.75,5346782.0
6261,525340.6,5346602.5
6262,525194.1,5346440.5
6263,524862.06,5343254.0
6264,524682.5,5343166.0
6265,524640.7,5342924.0
6266,524568.44,5342685.5
6267,524482.94,5342417.0
6268,524382.56,5342121.0
6269,524297.5,5341820.0
6270,524555.6,5341521.5
6271,524730.0,5341203.5
6272,530883.25,5336023.5
6273,531279.8,5335781.5
6274,531693.9,5335530.0
6275,532097.9,5335320.0
6276,532510.0,5335124.0
6277,532610.2,5334699.0
6278,533081.8,5334658.0
6279,533528.7,5334673.0
6280,533920.4,5334742.5
6281,534280.56,5334820.5
6282,534643.5,5334859.0
6283,535039.3,5334853.0
6284,535282.7,5335125.0
6285,545393.9,5343340.5
6286,545453.56,5343411.0
6287,545439.9,5343509.0
6288,547158.56,5349235.0
6289,547109.06,5349319.0
6290,547148.3,5349727.5
6291,547100.06,5349645.0
6292,547060.94,5350149.0
6293,546957.56,5350178.5
6294,546994.5,5350677.5
6295,546968.9,5350771.0
6296,546597.5,5351286.5
6297,546683.3,5351357.5
6298,546667.75,5351459.0
6299,546397.0,5352339.0
6300,546372.75,5352419.5
6301,542593.06,5356261.0
6302,542566.44,5356452.5
6303,549446.7,5305086.5
6304,549406.44,5305345.5
6305,549411.2,5305610.0
6306,549424.75,5305893.0
6307,549383.7,5306130.0
6308,549471.56,5306380.5
6309,549263.7,5306577.0
6310,549334.8,5306889.5
6311,549077.4,5307051.0
6312,548781.44,5307174.0
6313,548494.4,5307295.0
6314,548267.44,5307401.0
6315,548020.2,5307352.0
6316,547779.94,5307512.0
6317,547492.6,5307670.5
6318,547231.56,5307430.5
6319,546992.0,5307293.0
6320,546803.75,5307187.5
6321,546739.2,5307383.0
6322,546557.9,5307361.5
6323,526417.5,5347632.0
6324,526572.6,5347484.0
6325,526261.9,5347732.0
6326,526090.0,5347630.0
6327,525906.44,5347658.5
6328,525761.94,5347498.5
6329,525802.9,5347337.0
6330,525692.06,5347174.0
6331,525484.3,5347164.5
6332,525385.6,5346975.0
6333,525258.94,5346784.5
6334,525113.8,5346623.5
6335,524505.4,5343073.5
6336,524445.6,5342843.5
6337,524353.2,5342604.0
6338,524203.94,5342341.0
6339,523917.62,5342066.0
6340,523966.94,5341684.0
6341,524205.0,5341481.0
6342,524339.1,5341179.5
6343,530938.75,5335629.5
6344,531368.94,5335397.0
6345,531784.1,5335151.0
6346,532190.4,5334937.5
6347,532217.9,5334589.0
6348,532415.4,5334296.0
6349,532829.3,5334322.0
6350,533272.6,5334309.0
6351,533707.8,5334323.5
6352,534092.7,5334390.5
6353,534449.1,5334466.0
6354,534810.4,5334511.0
6355,535189.0,5334506.5
6356,535486.5,5334794.0
6357,545491.1,5343320.0
6358,545555.1,5343431.0
6359,547227.25,5349334.0
6360,547164.0,5349425.0
6361,547181.6,5349603.5
6362,547138.8,5349516.5
6363,547084.56,5350257.5
6364,546989.3,5350292.5
6365,547081.1,5350761.0
6366,547046.8,5350852.5
6367,546741.56,5351461.0
6368,546707.3,5351542.5
6369,546488.7,5352430.5
6370,546464.0,5352496.5
6371,542662.75,5356392.0
6372,542739.3,5356533.5
6373,542660.6,5356589.5
6374,549666.7,5305023.5
6375,549595.0,5305242.0
6376,549645.0,5305537.0
6377,549659.25,5305820.5
6378,549692.56,5306147.0
6379,549766.9,5306470.0
6380,549557.6,5306682.0
6381,549641.3,5306993.0
6382,549400.4,5307223.5
6383,549078.9,5307336.0
6384,548775.0,5307458.0
6385,548469.7,5307639.0
6386,548110.0,5307635.5
6387,547856.9,5307856.0
6388,547549.7,5307988.5
6389,547235.7,5307869.5
6390,547177.4,5307638.5
6391,546955.4,5307499.5
6392,546737.8,5307603.0
6393,546542.44,5307561.5
6394,526614.8,5347665.5
6395,526454.2,5347813.0
6396,526772.2,5347474.5
6397,526281.56,5347925.5
6398,526094.75,5347808.5
6399,525928.9,5347880.0
6400,525766.06,5347790.5
6401,525658.3,5347657.0
6402,525519.5,5347512.0
6403,525603.0,5347343.0
6404,525386.6,5347348.0
6405,525261.06,5347157.0
6406,525204.1,5346952.0
6407,525042.7,5346808.5
6408,524328.3,5342981.0
6409,524254.9,5342779.0
6410,524151.78,5342567.0
6411,523959.56,5342388.0
6412,523682.47,5342403.0
6413,523446.8,5342149.0
6414,523627.1,5341707.0
6415,523875.47,5341279.5
6416,524061.4,5340903.5
6417,531056.44,5335249.5
6418,531470.3,5335007.0
6419,531860.5,5334759.0
6420,531947.44,5334324.0
6421,532209.75,5333965.0
6422,532628.4,5333962.5
6423,533032.8,5333972.5
6424,533458.9,5333960.5
6425,533879.44,5333969.5
6426,534251.75,5334031.0
6427,534600.75,5334107.5
6428,534950.06,5334150.5
6429,535304.8,5334135.5
6430,535567.06,5334419.5
6431,545572.7,5343296.0
6432,545662.9,5343349.0
6433,547221.06,5349458.5
6434,547319.8,5349456.0
6435,547048.94,5350395.0
6436,547163.94,5350345.0
6437,547127.5,5350888.0
6438,547054.1,5350954.5
6439,546794.94,5351567.0
6440,546735.8,5351651.0
6441,546571.4,5352502.0
6442,546558.3,5352570.0
6443,542754.9,5356725.0
6444,542832.0,5356676.5
6445,549866.75,5304975.0
6446,549829.6,5305204.0
6447,549842.94,5305427.0
6448,549865.56,5305676.0
6449,549897.0,5305921.5
6450,549979.0,5306115.0
6451,549983.44,5306319.5
6452,550047.8,5306557.0
6453,549849.75,5306769.5
6454,549961.1,5307069.0
6455,549745.94,5307290.0
6456,549568.1,5307539.5
6457,549293.94,5307547.5
6458,549021.6,5307622.5
6459,548772.44,5307716.0
6460,548621.06,5307929.0
6461,548259.94,5307941.5
6462,548038.94,5308157.0
6463,547767.94,5308209.5
6464,547462.5,5308283.5
6465,547296.9,5308097.5
6466,547033.9,5308088.0
6467,546956.1,5307892.5
6468,546959.94,5307712.5
6469,546742.1,5307801.0
6470,546535.8,5307762.0
6471,526806.44,5347674.0
6472,526660.94,5347884.0
6473,526462.56,5348010.5
6474,526970.56,5347497.0
6475,526300.0,5348148.5
6476,526114.9,5348004.5
6477,525888.9,5348062.5
6478,525726.9,5347945.5
6479,525564.94,5347828.5
6480,525426.7,5347684.0
6481,525288.4,5347540.0
6482,525179.2,5347372.5
6483,525071.6,5347204.5
6484,525052.06,5347008.0
6485,524135.84,5342927.5
6486,524074.97,5342747.5
6487,523990.3,5342590.0
6488,523827.28,5342568.0
6489,523681.66,5342742.0
6490,523419.6,5342620.0
6491,523063.8,5342487.5
6492,523093.7,5342092.5
6493,523222.12,5341683.5
6494,523462.78,5341289.0
6495,523667.72,5340880.5
6496,531174.0,5334870.0
6497,531551.1,5334602.0
6498,531560.7,5334198.5
6499,531823.8,5333901.5
6500,532071.9,5333581.0
6501,532440.7,5333628.0
6502,532840.1,5333614.5
6503,533219.8,5333625.5
6504,533636.3,5333613.0
6505,534033.7,5333602.0
6506,534395.7,5333664.0
6507,534739.75,5333742.0
6508,535086.44,5333784.0
6509,535446.4,5333767.5
6510,535661.94,5334041.0
6511,545657.0,5343243.0
6512,545756.9,5343270.5
6513,547296.75,5349551.5
6514,547397.8,5349562.5
6515,547155.75,5350433.5
6516,547261.56,5350410.5
6517,547120.9,5351028.5
6518,547037.7,5351067.5
6519,546815.8,5351684.0
6520,546771.4,5351767.0
6521,546663.1,5352580.5
6522,546647.9,5352649.0
6523,542852.6,5356843.0
6524,542937.94,5356784.0
6525,550079.2,5304890.0
6526,550008.3,5305137.0
6527,550024.2,5305364.0
6528,550050.44,5305572.0
6529,550088.5,5305782.5
6530,550144.25,5305986.0
6531,550202.1,5306193.5
6532,550248.0,5306395.5
6533,550299.3,5306602.0
6534,550113.06,5306796.0
6535,550209.8,5306980.5
6536,550234.9,5307193.0
6537,550054.94,5307368.0
6538,549878.4,5307581.5
6539,549714.75,5307826.0
6540,549418.1,5307858.0
6541,549173.75,5307805.5
6542,548932.6,5307910.0
6543,548851.4,5308178.5
6544,548518.4,5308164.0
6545,548293.94,5308364.0
6546,547976.3,5308485.0
6547,547654.56,5308474.5
6548,547402.44,5308555.0
6549,547250.7,5308443.5
6550,547162.25,5308280.5
6551,546925.9,5308323.0
6552,546819.2,5308179.0
6553,546786.9,5307998.0
6554,546581.9,5307957.5
6555,527001.5,5347701.5
6556,526853.1,5347857.0
6557,526826.44,5348081.0
6558,526629.56,5348099.5
6559,526505.0,5348249.5
6560,527168.9,5347522.0
6561,526389.56,5348391.5
6562,526216.6,5348291.5
6563,526052.7,5348177.0
6564,523943.0,5342875.0
6565,523895.88,5342718.0
6566,523779.44,5342948.0
6567,523584.4,5343035.0
6568,523213.8,5342899.0
6569,522822.56,5342852.0
6570,522628.84,5342525.5
6571,522728.34,5342174.5
6572,522865.12,5341845.0
6573,522793.2,5341504.0
6574,523067.06,5341250.5
6575,523274.62,5340916.0
6576,531210.44,5334474.0
6577,531255.4,5334078.5
6578,531455.7,5333736.0
6579,531752.3,5333471.5
6580,531971.8,5333140.0
6581,532284.56,5333254.0
6582,532652.4,5333291.0
6583,533059.7,5333224.0
6584,533413.1,5333325.5
6585,533781.5,5333241.5
6586,534175.9,5333217.5
6587,534535.5,5333299.0
6588,534889.56,5333390.5
6589,535234.7,5333420.0
6590,535605.8,5333420.0
6591,535852.1,5333706.0
6592,545754.9,5343172.5
6593,545856.8,5343194.0
6594,547354.75,5349656.5
6595,547448.9,5349666.0
6596,547255.5,5350497.0
6597,547368.94,5350460.0
6598,547084.75,5351141.0
6599,546994.0,5351174.5
6600,546863.06,5351792.0
6601,546850.94,5351890.0
6602,546761.5,5352661.0
6603,546733.06,5352733.0
6604,542959.94,5356934.0
6605,543031.4,5356847.5
6606,550275.2,5304870.5
6607,550161.4,5305070.0
6608,550181.4,5305297.5
6609,550218.06,5305463.5
6610,550256.44,5305657.5
6611,550301.2,5305853.0
6612,550358.1,5306049.5
6613,550423.3,5306244.0
6614,550489.1,5306452.5
6615,550517.5,5306668.0
6616,550349.8,5306805.0
6617,550404.5,5307017.5
6618,550466.4,5307219.5
6619,550328.9,5307416.0
6620,550182.3,5307630.0
6621,550032.25,5307853.0
6622,549884.75,5308096.0
6623,549601.8,5308119.5
6624,549367.5,5308190.0
6625,549151.6,5308041.5
6626,549139.6,5308271.0
6627,548999.8,5308460.0
6628,548658.3,5308416.5
6629,548500.0,5308668.0
6630,548212.6,5308725.0
6631,547928.56,5308805.0
6632,547751.2,5308675.0
6633,547525.25,5308726.5
6634,547308.3,5308777.5
6635,547175.4,5308631.5
6636,547038.4,5308481.0
6637,546801.9,5308505.0
6638,546690.0,5308344.5
6639,546632.44,5308152.0
6640,527169.94,5347780.0
6641,527007.94,5347931.5
6642,527044.3,5348147.5
6643,526899.3,5348297.5
6644,526698.4,5348295.5
6645,526563.44,5348490.0
6646,527292.44,5347673.5
6647,522429.38,5342885.5
6648,522274.56,5342580.5
6649,522305.0,5342209.5
6650,522476.3,5341793.5
6651,522413.06,5341357.0
6652,522670.8,5341109.0
6653,522884.56,5340891.5
6654,532174.8,5332798.0
6655,532478.5,5332961.0
6656,532801.3,5332925.5
6657,533174.25,5332801.5
6658,533473.2,5332983.0
6659,533896.06,5332863.0
6660,534348.3,5332811.5
6661,534710.25,5333005.5
6662,535037.7,5333019.5
6663,535392.1,5333065.5
6664,535760.44,5333077.0
6665,536007.56,5333353.0
6666,545860.7,5343086.5
6667,545956.7,5343114.0
6668,547396.0,5349769.0
6669,547504.3,5349791.0
6670,547364.3,5350545.5
6671,547478.06,5350505.5
6672,547036.56,5351249.5
6673,546950.9,5351292.5
6674,546951.8,5351867.5
6675,546922.1,5351986.0
6676,546842.0,5352750.0
6677,546836.4,5352842.0
6678,543149.75,5356927.0
6679,543086.5,5357033.0
6680,550316.56,5305065.5
6681,550357.7,5305261.0
6682,550400.06,5305456.5
6683,550442.3,5305651.5
6684,550484.0,5305847.0
6685,550546.06,5306036.5
6686,550622.06,5306221.5
6687,550664.94,5306416.5
6688,550699.5,5306613.0
6689,550720.56,5306811.5
6690,550531.1,5306858.0
6691,550599.06,5307030.0
6692,550671.5,5307216.5
6693,550563.9,5307411.0
6694,550450.9,5307626.0
6695,550341.56,5307871.5
6696,550207.1,5308109.0
6697,550050.8,5308355.0
6698,549768.25,5308387.5
6699,549532.5,5308444.0
6700,549301.0,5308485.5
6701,549178.4,5308724.5
6702,548846.94,5308674.0
6703,548707.7,5308888.0
6704,548441.06,5309028.5
6705,548100.44,5308994.0
6706,547814.25,5309042.5
6707,547661.5,5308897.5
6708,547429.06,5308942.5
6709,547208.1,5308950.0
6710,547077.2,5308797.5
6711,546942.6,5308648.5
6712,527398.0,5347837.0
6713,527182.6,5347986.5
6714,527260.1,5348211.0
6715,527111.3,5348344.5
6716,526959.7,5348471.0
6717,526760.4,5348486.0
6718,522035.44,5342857.0
6719,521942.72,5342489.5
6720,521863.25,5342137.5
6721,522091.88,5341884.5
6722,522091.16,5341553.0
6723,522063.4,5341151.0
6724,522322.3,5340917.0
6725,522555.78,5340673.0
6726,532567.7,5332566.5
6727,532236.5,5332405.5
6728,532922.44,5332590.5
6729,533249.2,5332401.5
6730,533564.56,5332603.0
6731,533981.9,5332479.0
6732,534406.25,5332375.0
6733,534791.0,5332620.0
6734,535218.7,5332674.0
6735,535570.9,5332712.5
6736,535913.0,5332773.5
6737,536170.2,5332999.5
6738,545950.8,5343010.0
6739,546046.8,5343059.0
6740,547456.94,5349872.5
6741,547556.6,5349867.0
6742,547474.2,5350591.5
6743,547583.75,5350558.5
6744,547002.56,5351363.0
6745,546944.4,5351418.5
6746,547024.1,5351837.5
6747,546955.3,5351769.5
6748,547004.0,5351945.0
6749,547019.6,5352030.5
6750,547010.2,5352124.5
6751,546935.9,5352817.5
6752,546985.9,5352908.0
6753,543248.8,5357117.0
6754,543306.6,5356996.0
6755,550775.5,5307003.5
6756,550851.75,5307188.0
6757,550777.06,5307389.0
6758,550682.44,5307588.5
6759,550590.4,5307822.5
6760,550537.2,5308119.0
6761,550375.9,5308363.5
6762,550199.0,5308608.0
6763,549925.06,5308654.5
6764,549689.44,5308716.0
6765,549459.94,5308748.5
6766,549335.75,5309002.5
6767,549019.94,5308946.5
6768,548812.6,5309149.0
6769,548625.8,5309353.5
6770,548348.1,5309349.0
6771,548191.25,5309192.0
6772,547950.75,5309203.0
6773,547702.8,5309229.5
6774,547556.1,5309097.5
6775,547313.4,5309121.0
6776,527330.5,5348025.0
6777,521644.72,5342800.0
6778,521565.47,5342427.5
6779,521505.0,5342095.5
6780,521680.56,5341761.5
6781,521769.8,5341350.5
6782,521716.4,5340976.5
6783,521979.12,5340724.5
6784,522226.0,5340456.0
6785,532584.0,5332135.5
6786,532914.56,5332243.0
6787,532246.94,5332008.0
6788,533280.94,5332013.5
6789,533623.94,5332213.5
6790,534031.5,5332084.5
6791,534450.6,5331968.5
6792,534800.94,5332187.0
6793,535106.9,5332344.0
6794,535477.8,5332288.5
6795,535842.5,5332443.0
6796,536252.06,5332635.0
6797,546064.4,5342961.0
6798,546141.2,5343018.5
6799,547536.3,5349962.5
6800,547633.0,5349953.5
6801,547583.0,5350640.5
6802,547681.9,5350624.0
6803,547001.3,5351481.5
6804,546948.8,5351549.5
6805,547020.5,5351718.5
6806,546953.1,5351662.5
6807,547102.0,5352142.5
6808,547118.1,5352244.0
6809,547065.6,5352839.5
6810,547111.9,5352903.5
6811,543419.4,5357168.0
6812,543451.9,5357036.0
6813,550975.56,5307345.0
6814,550896.3,5307549.5
6815,550811.7,5307751.0
6816,550742.0,5307965.0
6817,550844.5,5308168.5
6818,550705.5,5308408.0
6819,550506.1,5308628.0
6820,550328.7,5308837.5
6821,550088.44,5308912.5
6822,549851.56,5308989.5
6823,549612.56,5309027.5
6824,549482.6,5309285.0
6825,549158.25,5309227.0
6826,548958.56,5309436.0
6827,548762.94,5309650.5
6828,548464.25,5309587.0
6829,548206.5,5309558.5
6830,548086.9,5309378.0
6831,547847.9,5309373.0
6832,547608.2,5309382.0
6833,547440.9,5309271.0
6834,521264.44,5342693.5
6835,521194.0,5342307.0
6836,521217.1,5341929.5
6837,521264.2,5341592.5
6838,521524.75,5341477.0
6839,521377.97,5341191.0
6840,521407.78,5340828.0
6841,521631.9,5340557.5
6842,521871.2,5340282.5
6843,532602.8,5331734.0
6844,532945.56,5331842.5
6845,532239.9,5331610.0
6846,533321.4,5331618.0
6847,533668.8,5331823.0
6848,534088.56,5331693.5
6849,534521.06,5331580.0
6850,534862.44,5331793.0
6851,535187.5,5331990.0
6852,535536.25,5331854.0
6853,535825.94,5332049.5
6854,536117.7,5332275.5
6855,546168.6,5342916.0
6856,546218.1,5343004.0
6857,547619.44,5350049.0
6858,547720.7,5350035.0
6859,547675.56,5350713.0
6860,547765.9,5350733.5
6861,547012.8,5351600.0
6862,547223.7,5352246.5
6863,547243.2,5352330.5
6864,547164.25,5352832.0
6865,547244.2,5352892.5
6866,543594.9,5357205.5
6867,543625.7,5357084.0
6868,551093.1,5307506.0
6869,551013.7,5307714.0
6870,550932.44,5307923.0
6871,551048.4,5308060.5
6872,551114.9,5308233.0
6873,550974.44,5308364.5
6874,550985.8,5308565.5
6875,550776.7,5308713.5
6876,550566.9,5308923.0
6877,550316.56,5309108.0
6878,550060.3,5309234.5
6879,549788.8,5309300.5
6880,549640.0,5309559.5
6881,549296.4,5309514.0
6882,549084.0,5309733.0
6883,548864.6,5309964.5
6884,548561.3,5309827.0
6885,548291.2,5309763.0
6886,548062.7,5309717.0
6887,547971.94,5309535.5
6888,547746.0,5309524.5
6889,520896.7,5342549.5
6890,520843.47,5342134.0
6891,520886.47,5341747.0
6892,521018.66,5341345.0
6893,521062.25,5340886.5
6894,521266.94,5340497.0
6895,521511.56,5340125.0
6896,532581.1,5331382.5
6897,532967.0,5331401.5
6898,532283.75,5331215.0
6899,533409.06,5331235.0
6900,533741.6,5331439.5
6901,534174.5,5331312.0
6902,534606.56,5331204.5
6903,534948.25,5331395.5
6904,535240.94,5331598.5
6905,535556.2,5331486.5
6906,535887.6,5331615.0
6907,536163.94,5331888.0
6908,546239.56,5342849.0
6909,546339.44,5342919.0
6910,546331.75,5343041.0
6911,547708.1,5350130.0
6912,547800.9,5350117.5
6913,547724.3,5350819.5
6914,547797.1,5350871.5
6915,547324.5,5352291.0
6916,547355.8,5352369.5
6917,547283.8,5352817.0
6918,547355.1,5352886.5
6919,543730.3,5357234.5
6920,543766.0,5357113.0
6921,551205.9,5307671.0
6922,551128.3,5307875.5
6923,551234.3,5308047.0
6924,551321.44,5308229.0
6925,551207.7,5308448.0
6926,551213.9,5308677.0
6927,551015.3,5308801.0
6928,550822.5,5309015.5
6929,550572.0,5309214.5
6930,550311.3,5309404.5
6931,550006.6,5309564.5
6932,549761.6,5309831.5
6933,549421.3,5309799.0
6934,549201.2,5310026.5
6935,549000.9,5310261.0
6936,548700.2,5310254.0
6937,548590.4,5310042.5
6938,548348.44,5309967.0
6939,548119.56,5309909.5
6940,547918.4,5309878.0
6941,547865.6,5309686.0
6942,520538.16,5342384.0
6943,520479.2,5341909.5
6944,520641.44,5341490.5
6945,520782.78,5341129.0
6946,520676.72,5340770.5
6947,520889.56,5340465.5
6948,521119.75,5340164.0
6949,532715.4,5331002.0
6950,533127.44,5330994.0
6951,532418.94,5330841.0
6952,533540.6,5330854.5
6953,533846.56,5331060.5
6954,534274.7,5330935.0
6955,534659.25,5330842.5
6956,534990.2,5330980.5
6957,535338.2,5331154.0
6958,535725.7,5331190.5
6959,536065.25,5331235.5
6960,536287.94,5331517.0
6961,546317.94,5342802.5
6962,546250.0,5342750.5
6963,546422.4,5343005.5
6964,546439.25,5343094.0
6965,547793.94,5350214.0
6966,547892.4,5350221.5
6967,547740.5,5350937.5
6968,547798.4,5350995.0
6969,547444.2,5352345.0
6970,547457.56,5352432.5
6971,547405.2,5352818.5
6972,547476.7,5352877.5
6973,543911.9,5357192.5
6974,543830.7,5357304.0
6975,551314.94,5307838.5
6976,551419.1,5308009.0
6977,551518.3,5308182.0
6978,551416.9,5308408.5
6979,551405.8,5308613.5
6980,551413.0,5308816.0
6981,551231.44,5308889.0
6982,551062.7,5309000.0
6983,551021.6,5309200.0
6984,550810.3,5309314.5
6985,550579.4,5309507.0
6986,550329.1,5309693.5
6987,550081.94,5309881.5
6988,549847.56,5310124.5
6989,549531.1,5310086.0
6990,549317.2,5310323.0
6991,549116.9,5310554.0
6992,548823.1,5310498.0
6993,548565.0,5310497.0
6994,548451.3,5310343.0
6995,548414.56,5310169.0
6996,548174.56,5310104.0
6997,547964.4,5310073.5
6998,520176.75,5342224.5
6999,520071.1,5341815.5
7000,520282.94,5341486.0
7001,520467.5,5341120.0
7002,520328.75,5340724.5
7003,520496.3,5340367.0
7004,520745.62,5340061.0
7005,532588.94,5330481.5
7006,532924.94,5330676.5
7007,533274.06,5330608.5
7008,533664.3,5330475.5
7009,533968.9,5330681.5
7010,534399.3,5330551.5
7011,534852.2,5330497.0
7012,535243.3,5330676.0
7013,535582.6,5330794.5
7014,535922.56,5330859.0
7015,536228.06,5330909.0
7016,536421.8,5331159.5
7017,546316.0,5342682.0
7018,546248.9,5342651.0
7019,546524.56,5343069.0
7020,546545.75,5343149.5
7021,547875.75,5350302.0
7022,547972.0,5350300.5
7023,547735.25,5351056.5
7024,547802.9,5351096.0
7025,547540.3,5352422.5
7026,547548.0,5352511.0
7027,547526.1,5352807.5
7028,547594.1,5352867.0
7029,543961.44,5357388.0
7030,544041.2,5357282.0
7031,551567.56,5308375.5
7032,551594.8,5308573.5
7033,551601.2,5308773.0
7034,551590.3,5308972.5
7035,551405.8,5309019.5
7036,551225.7,5309103.5
7037,551206.94,5309311.0
7038,551021.2,5309437.0
7039,550821.7,5309595.5
7040,550605.0,5309795.0
7041,550379.94,5309985.5
7042,550151.94,5310178.5
7043,549934.3,5310417.5
7044,549631.56,5310380.5
7045,549421.4,5310623.5
7046,549205.8,5310859.0
7047,548913.5,5310739.0
7048,548647.2,5310696.0
7049,548404.9,5310655.0
7050,548314.6,5310477.0
7051,548232.56,5310292.5
7052,548022.44,5310266.0
7053,519797.22,5342117.5
7054,519710.12,5341732.5
7055,519914.1,5341396.0
7056,520135.0,5341069.0
7057,533010.6,5330318.0
7058,532742.94,5330115.0
7059,533380.5,5330235.0
7060,533767.44,5330101.5
7061,534073.3,5330302.0
7062,534477.8,5330172.0
7063,534823.1,5330024.5
7064,535163.3,5330212.5
7065,535494.06,5330358.5
7066,535828.7,5330473.0
7067,536181.7,5330563.0
7068,536516.6,5330709.5
7069,536750.7,5330948.0
7070,546323.7,5342562.0
7071,546253.7,5342551.5
7072,546636.7,5343112.5
7073,546658.25,5343190.0
7074,547950.44,5350396.0
7075,548035.8,5350394.0
7076,547746.3,5351159.5
7077,547820.1,5351222.5
7078,547645.9,5352521.0
7079,547636.6,5352590.5
7080,547646.75,5352795.0
7081,547739.8,5352858.0
7082,544114.9,5357459.0
7083,544153.94,5357359.5
7084,551573.94,5309171.5
7085,551390.94,5309223.0
7086,551376.5,5309423.0
7087,551203.5,5309525.0
7088,551033.25,5309679.5
7089,550850.5,5309871.5
7090,550653.44,5310079.5
7091,550446.2,5310273.0
7092,550233.1,5310467.0
7093,550021.3,5310708.5
7094,549726.6,5310676.0
7095,549516.94,5310918.5
7096,549315.25,5311146.5
7097,549048.56,5311132.0
7098,548940.25,5310952.0
7099,548710.0,5310899.5
7100,548476.7,5310843.5
7101,548265.25,5310815.5
7102,548188.4,5310630.5
7103,548095.06,5310452.5
7104,533148.1,5329898.0
7105,532833.25,5329728.0
7106,533505.4,5329903.5
7107,533815.2,5329710.0
7108,534132.4,5329914.5
7109,534471.6,5329757.5
7110,534765.0,5329610.5
7111,535095.06,5329729.0
7112,535431.06,5329905.0
7113,535757.8,5330062.0
7114,536108.94,5330195.5
7115,536487.56,5330321.5
7116,536878.1,5330474.5
7117,537077.4,5330733.5
7118,546313.6,5342442.0
7119,546247.06,5342453.0
7120,546754.0,5343129.5
7121,546775.6,5343193.0
7122,548025.4,5350490.0
7123,548117.3,5350500.0
7124,547775.6,5351290.0
7125,547863.0,5351320.0
7126,547721.0,5352610.0
7127,547706.8,5352687.5
7128,547768.1,5352790.5
7129,547850.8,5352897.0
7130,544273.6,5357483.0
7131,544283.8,5357373.5
7132,551555.8,5309370.5
7133,551543.75,5309569.5
7134,551376.4,5309625.5
7135,551216.25,5309739.0
7136,551062.1,5309919.0
7137,550901.75,5310142.0
7138,550726.25,5310357.0
7139,550533.94,5310558.0
7140,550323.2,5310747.0
7141,550095.94,5310999.0
7142,549808.5,5310974.0
7143,549591.7,5311221.5
7144,549359.9,5311439.0
7145,549098.1,5311368.0
7146,548847.25,5311307.5
7147,548781.06,5311107.0
7148,548544.5,5311036.0
7149,548333.4,5311005.0
7150,533152.1,5329463.5
7151,533474.94,5329563.0
7152,532856.6,5329331.0
7153,533792.06,5329324.5
7154,534142.5,5329510.5
7155,534474.5,5329339.5
7156,534891.9,5329235.0
7157,535364.44,5329446.5
7158,535710.4,5329621.0
7159,536047.0,5329809.0
7160,536406.0,5329941.5
7161,536786.5,5330072.5
7162,537183.75,5330168.5
7163,537373.8,5330478.5
7164,546261.2,5342334.5
7165,546200.1,5342366.5
7166,546883.06,5343141.5
7167,546869.2,5343068.5
7168,548093.94,5350588.0
7169,548188.2,5350611.0
7170,547821.1,5351400.0
7171,547903.4,5351444.0
7172,547789.0,5352706.0
7173,547887.4,5352830.5
7174,547972.5,5352912.0
7175,547933.9,5352979.0
7176,544431.0,5357388.0
7177,544415.9,5357504.5
7178,551562.56,5309768.5
7179,551398.1,5309825.0
7180,551245.0,5309949.0
7181,551110.5,5310146.5
7182,550994.6,5310408.5
7183,550818.7,5310626.5
7184,550635.25,5310863.5
7185,550372.06,5311009.0
7186,550184.0,5311292.5
7187,549877.94,5311275.0
7188,549634.06,5311528.0
7189,549389.6,5311739.5
7190,549126.94,5311619.5
7191,548883.44,5311522.0
7192,548658.5,5311426.5
7193,548609.6,5311229.5
7194,548400.2,5311194.5
7195,533078.9,5329063.0
7196,533435.75,5329175.5
7197,532705.75,5328964.0
7198,533717.1,5328939.0
7199,534100.5,5329115.5
7200,534425.8,5328946.5
7201,534716.8,5328771.0
7202,535058.4,5328880.0
7203,535312.25,5329098.0
7204,535755.06,5329145.5
7205,536014.5,5329439.5
7206,536349.44,5329553.5
7207,536701.7,5329685.0
7208,537072.25,5329804.5
7209,537453.3,5329895.5
7210,537637.2,5330190.0
7211,546177.8,5342248.0
7212,546128.5,5342298.0
7213,546972.0,5343062.5
7214,546941.5,5342993.0
7215,548141.3,5350698.0
7216,548226.0,5350726.0
7217,547837.8,5351515.5
7218,547889.1,5351595.0
7219,548036.06,5353011.5
7220,547988.75,5353084.5
7221,544559.4,5357525.5
7222,544606.2,5357405.0
7223,551598.4,5309965.0
7224,551412.4,5310007.0
7225,551297.9,5310148.0
7226,551193.8,5310317.0
7227,551229.5,5310511.5
7228,551086.0,5310670.5
7229,550942.0,5310875.5
7230,550826.75,5311112.0
7231,550542.75,5311195.5
7232,550370.25,5311452.0
7233,550164.4,5311629.0
7234,549911.75,5311582.0
7235,549660.2,5311843.5
7236,549382.0,5312059.0
7237,549143.8,5311870.5
7238,548903.75,5311740.5
7239,548685.44,5311627.5
7240,548489.6,5311584.0
7241,548463.3,5311384.5
7242,532907.5,5328701.0
7243,533314.75,5328790.0
7244,532455.56,5328655.5
7245,533587.75,5328570.0
7246,534011.2,5328719.0
7247,534327.9,5328503.5
7248,534707.0,5328403.5
7249,535043.1,5328531.5
7250,535432.3,5328748.5
7251,535821.4,5328770.5
7252,536176.6,5328853.5
7253,536257.75,5329174.5
7254,536639.94,5329287.0
7255,536997.56,5329428.0
7256,537371.44,5329553.0
7257,537704.06,5329650.0
7258,537869.0,5329875.0
7259,546080.8,5342176.5
7260,546044.3,5342245.0
7261,547035.2,5342961.5
7262,546992.6,5342885.0
7263,548162.7,5350816.0
7264,548247.3,5350877.5
7265,547791.5,5351621.0
7266,547823.44,5351727.5
7267,548056.3,5353128.5
7268,547992.3,5353204.0
7269,544712.0,5357451.0
7270,544687.94,5357579.5
7271,551476.1,5310178.0
7272,551646.44,5310159.0
7273,551358.56,5310348.0
7274,551425.9,5310540.5
7275,551327.1,5310710.5
7276,551214.6,5310890.5
7277,551112.06,5311098.0
7278,551024.75,5311328.0
7279,550771.9,5311388.5
7280,550567.06,5311483.5
7281,550444.7,5311737.5
7282,550214.3,5311878.5
7283,549941.0,5311923.0
7284,549661.75,5312163.0
7285,549399.2,5312378.0
7286,549142.3,5312292.0
7287,549098.56,5312084.5
7288,548903.4,5311958.0
7289,548700.4,5311829.5
7290,548510.2,5311784.0
7291,532673.5,5328386.0
7292,533136.44,5328392.5
7293,532200.2,5328350.5
7294,533460.8,5328244.0
7295,533874.4,5328310.5
7296,534170.8,5328128.5
7297,534516.56,5328107.5
7298,534933.3,5328104.0
7299,535320.7,5328322.0
7300,535696.75,5328450.5
7301,536098.6,5328509.0
7302,536501.75,5328537.5
7303,536588.75,5328893.5
7304,536949.06,5329026.5
7305,537318.4,5329217.0
7306,537753.0,5329336.5
7307,538061.25,5329576.0
7308,538233.0,5329863.0
7309,545956.75,5342198.0
7310,545979.25,5342112.0
7311,547068.5,5342843.5
7312,546999.8,5342767.0
7313,548179.9,5350984.0
7314,548259.2,5351039.0
7315,547718.7,5351739.5
7316,547776.0,5351835.5
7317,548064.6,5353247.0
7318,548013.9,5353321.0
7319,544822.0,5357526.0
7320,544758.0,5357640.5
7321,551532.7,5310370.0
7322,551700.56,5310351.0
7323,551616.3,5310552.0
7324,551533.4,5310716.5
7325,551460.6,5310888.5
7326,551385.3,5311078.0
7327,551311.2,5311293.5
7328,551223.44,5311513.0
7329,550959.1,5311591.0
7330,550710.4,5311691.5
7331,550644.6,5312008.0
7332,550400.06,5312013.5
7333,550170.9,5312139.5
7334,549918.2,5312259.5
7335,549668.8,5312512.5
7336,549376.3,5312686.0
7337,549134.9,5312545.0
7338,548908.6,5312439.5
7339,548889.6,5312201.5
7340,548707.9,5312033.0
7341,548519.56,5311984.5
7342,532461.94,5328056.5
7343,532855.1,5328093.5
7344,533198.5,5327932.5
7345,532002.8,5328005.5
7346,533599.4,5327981.0
7347,533911.1,5327849.5
7348,534275.1,5327777.5
7349,534661.9,5327760.0
7350,534994.0,5327704.0
7351,535254.5,5327947.0
7352,535599.5,5328108.0
7353,535977.8,5328185.5
7354,536374.75,5328209.0
7355,536786.4,5328206.0
7356,536928.25,5328578.5
7357,537277.2,5328849.5
7358,537622.3,5329041.0
7359,538036.5,5328986.0
7360,538150.8,5329284.0
7361,538459.0,5329476.5
7362,538563.8,5329830.0
7363,538393.9,5330054.0
7364,545879.56,5342136.0
7365,545894.0,5342027.0
7366,547048.0,5342698.0
7367,546950.1,5342659.0
7368,548198.8,5351128.0
7369,548301.3,5351198.0
7370,547679.5,5351865.5
7371,547751.5,5351950.5
7372,548098.8,5353360.0
7373,548055.44,5353433.0
7374,544880.0,5357653.0
7375,544794.6,5357782.5
7376,551791.9,5310528.5
7377,551735.2,5310714.5
7378,551668.4,5310869.0
7379,551622.06,5311046.5
7380,551582.56,5311250.0
7381,551534.75,5311490.0
7382,551390.2,5311682.0
7383,551160.25,5311765.5
7384,550906.56,5311870.5
7385,550881.5,5312157.0
7386,550660.4,5312339.5
7387,550427.2,5312274.0
7388,550185.9,5312423.5
7389,549951.56,5312529.5
7390,549885.4,5312780.5
7391,549614.75,5312853.5
7392,549339.56,5312994.5
7393,549111.5,5312801.5
7394,548888.2,5312662.5
7395,548688.44,5312562.5
7396,548725.0,5312377.5
7397,548680.2,5312220.5
7398,548522.6,5312185.5
7399,532332.9,5327740.5
7400,532749.8,5327717.0
7401,533132.44,5327573.0
7402,533553.9,5327604.0
7403,534002.3,5327418.0
7404,534412.94,5327473.5
7405,534742.9,5327349.5
7406,535115.2,5327419.0
7407,535351.4,5327642.0
7408,535529.06,5327834.0
7409,535858.3,5327896.0
7410,536228.3,5327925.0
7411,536613.75,5327915.0
7412,537004.4,5327887.5
7413,537229.44,5328186.0
7414,537326.6,5328527.5
7415,537677.0,5328742.5
7416,538063.9,5328623.5
7417,538456.25,5328768.0
7418,538460.2,5329086.0
7419,538807.56,5329238.0
7420,538812.3,5329616.5
7421,538910.9,5329949.5
7422,538687.56,5330096.0
7423,538549.2,5330249.5
7424,545826.1,5342052.5
7425,545831.56,5341924.0
7426,547002.5,5342620.5
7427,546945.8,5342568.0
7428,546861.4,5342578.5
7429,548245.56,5351287.0
7430,548336.2,5351314.5
7431,547672.9,5352032.0
7432,547772.6,5352090.5
7433,548154.1,5353465.0
7434,548112.2,5353538.0
7435,544913.6,5357761.0
7436,544922.75,5357936.5
7437,544809.9,5357945.5
7438,551922.9,5310679.0
7439,551887.9,5310867.5
7440,551797.25,5311005.0
7441,551810.9,5311184.5
7442,551806.44,5311394.0
7443,551800.75,5311622.0
7444,551609.6,5311769.5
7445,551387.0,5311912.0
7446,551129.94,5312020.0
7447,551108.2,5312282.5
7448,550889.94,5312455.0
7449,550696.94,5312607.5
7450,550438.1,5312592.5
7451,550165.2,5312714.5
7452,550119.4,5312998.0
7453,549851.06,5313071.5
7454,549575.0,5313166.5
7455,549279.25,5313316.5
7456,549083.3,5313053.5
7457,548864.94,5312881.0
7458,548667.3,5312763.0
7459,548495.8,5312586.0
7460,548517.0,5312386.0
7461,532440.3,5327359.0
7462,532864.06,5327314.5
7463,533289.7,5327258.5
7464,533661.7,5327226.0
7465,533922.94,5326932.5
7466,534326.44,5327125.0
7467,534644.9,5326929.5
7468,534970.94,5327086.5
7469,535240.0,5327180.5
7470,535410.1,5327398.5
7471,535638.5,5327487.0
7472,535725.0,5327680.0
7473,536094.56,5327705.0
7474,536456.94,5327701.5
7475,536807.3,5327650.0
7476,537147.8,5327626.0
7477,537407.06,5327847.5
7478,537675.44,5328063.0
7479,537659.5,5328395.0
7480,538051.2,5328290.5
7481,538467.44,5328436.5
7482,538862.7,5328565.0
7483,538830.94,5328907.5
7484,539212.7,5329111.0
7485,539095.75,5329442.5
7486,539168.56,5329781.0
7487,539256.0,5330125.5
7488,538986.56,5330210.5
7489,538797.1,5330303.0
7490,538695.9,5330452.0
7491,545775.2,5341967.0
7492,545722.8,5341882.5
7493,545785.8,5341813.0
7494,546841.1,5342491.0
7495,546759.3,5342514.5
7496,548275.75,5351403.0
7497,548375.7,5351426.0
7498,547715.75,5352177.5
7499,547814.5,5352189.0
7500,548200.3,5353574.5
7501,548134.4,5353655.0
7502,544822.94,5358120.0
7503,544934.94,5358116.5
7504,552088.06,5310791.5
7505,552080.56,5310969.5
7506,551962.75,5311086.0
7507,552015.2,5311298.5
7508,552063.7,5311539.5
7509,552005.3,5311757.0
7510,551835.56,5311890.5
7511,551620.0,5312029.0
7512,551361.5,5312151.5
7513,551339.06,5312395.5
7514,551106.9,5312552.5
7515,550904.9,5312773.0
7516,550637.9,5312850.0
7517,550383.8,5312905.0
7518,550345.3,5313190.0
7519,550082.5,5313282.5
7520,549814.5,5313362.5
7521,549536.56,5313462.0
7522,549271.4,5313670.0
7523,549014.94,5313497.5
7524,549013.75,5313254.5
7525,548832.7,5313090.0
7526,548644.1,5312963.5
7527,548471.44,5312785.5
7528,532301.6,5326885.0
7529,532660.25,5326971.5
7530,533057.0,5326958.0
7531,533475.4,5326906.5
7532,533643.7,5326563.5
7533,533996.75,5326525.5
7534,534300.1,5326716.0
7535,534620.75,5326517.0
7536,534909.75,5326724.0
7537,535159.6,5326890.0
7538,535373.0,5326999.0
7539,535439.25,5327193.0
7540,535612.44,5327283.0
7541,535810.6,5327337.0
7542,535898.1,5327530.5
7543,536105.2,5327521.0
7544,536314.25,5327533.5
7545,536558.1,5327498.0
7546,536742.8,5327425.0
7547,536953.94,5327425.0
7548,537220.44,5327394.0
7549,537481.44,5327603.5
7550,537875.1,5327726.0
7551,538053.8,5327992.5
7552,538434.25,5328115.0
7553,538861.8,5328231.0
7554,539282.4,5328406.5
7555,539149.94,5328753.0
7556,539483.8,5328808.0
7557,539617.5,5329156.5
7558,539430.8,5329501.5
7559,539469.6,5329918.0
7560,539562.9,5330267.0
7561,539398.25,5330437.0
7562,539175.1,5330373.0
7563,538983.2,5330480.5
7564,538874.5,5330625.0
7565,545671.7,5341797.5
7566,545729.2,5341697.0
7567,545825.06,5341700.0
7568,546738.9,5342422.5
7569,546647.0,5342414.5
7570,548304.5,5351520.0
7571,548424.2,5351536.0
7572,547802.1,5352293.5
7573,547913.7,5352258.5
7574,548199.25,5353693.0
7575,548124.8,5353773.5
7576,544837.0,5358278.0
7577,544952.0,5358268.0
7578,552271.44,5310870.5
7579,552263.7,5311055.0
7580,552145.5,5311179.5
7581,552225.8,5311395.5
7582,552329.7,5311629.0
7583,552228.4,5311810.5
7584,552074.4,5311993.5
7585,551858.4,5312137.5
7586,551598.94,5312266.0
7587,551579.44,5312501.0
7588,551349.2,5312641.5
7589,551152.56,5312781.5
7590,551100.2,5313001.5
7591,550848.5,5313059.0
7592,550598.9,5313122.0
7593,550559.5,5313392.5
7594,550305.1,5313467.0
7595,550042.25,5313563.5
7596,549781.7,5313648.0
7597,549542.56,5313730.0
7598,549449.75,5313972.0
7599,549168.6,5314006.0
7600,548990.8,5313763.5
7601,548770.06,5313661.0
7602,548763.25,5313480.5
7603,548811.3,5313303.0
7604,548625.7,5313165.5
7605,548451.75,5312985.5
7606,532516.1,5326550.5
7607,532856.75,5326611.0
7608,533237.9,5326602.0
7609,533411.0,5326246.5
7610,533828.75,5326192.0
7611,534270.06,5326241.0
7612,534695.3,5326138.0
7613,534976.9,5326364.5
7614,535159.94,5326627.5
7615,535359.7,5326783.5
7616,535540.0,5326922.5
7617,535575.1,5327091.0
7618,535765.44,5327152.0
7619,535960.5,5327187.5
7620,536011.25,5327360.0
7621,536214.7,5327364.5
7622,536417.2,5327344.0
7623,536613.75,5327292.5
7624,536814.3,5327250.5
7625,537012.9,5327226.0
7626,537196.8,5327186.5
7627,537386.56,5327220.0
7628,537520.06,5327392.5
7629,537764.06,5327501.0
7630,538034.1,5327369.5
7631,538243.5,5327516.5
7632,538339.44,5327788.0
7633,538755.3,5327884.5
7634,539176.8,5327992.5
7635,539563.7,5328098.0
7636,539696.9,5328495.0
7637,539881.4,5328857.5
7638,539970.75,5329214.5
7639,539794.56,5329464.0
7640,539699.8,5329752.0
7641,539734.1,5330088.0
7642,539822.06,5330369.0
7643,539650.7,5330562.0
7644,539427.3,5330664.0
7645,539211.56,5330606.0
7646,539072.06,5330771.5
7647,545627.25,5341708.5
7648,545662.8,5341610.5
7649,545773.5,5341579.5
7650,545873.1,5341634.5
7651,546646.9,5342310.0
7652,546589.3,5342348.5
7653,548340.25,5351634.5
7654,548465.0,5351645.0
7655,547965.8,5352355.5
7656,548050.2,5352281.0
7657,548193.1,5353811.5
7658,548112.8,5353891.5
7659,544965.5,5358427.5
7660,544858.7,5358455.0
7661,552453.4,5310953.0
7662,552448.2,5311135.0
7663,552334.5,5311262.5
7664,552431.25,5311468.5
7665,552559.06,5311672.0
7666,552492.0,5311893.0
7667,552313.44,5312074.5
7668,552098.8,5312234.0
7669,551839.6,5312368.5
7670,551818.5,5312599.0
7671,551582.3,5312745.5
7672,551358.06,5312894.0
7673,551330.0,5313134.5
7674,551060.7,5313247.0
7675,550808.94,5313328.0
7676,550764.06,5313592.0
7677,550515.4,5313659.5
7678,550258.3,5313739.5
7679,549993.44,5313844.0
7680,549730.06,5313935.0
7681,549666.25,5314211.0
7682,549390.4,5314254.5
7683,549122.25,5314317.5
7684,548900.7,5314177.5
7685,548894.94,5313971.0
7686,548714.25,5313865.0
7687,548537.9,5313756.5
7688,548577.56,5313563.5
7689,548604.7,5313362.5
7690,548435.75,5313186.0
7691,532688.94,5326192.0
7692,533028.44,5326249.0
7693,533188.94,5325890.5
7694,533576.3,5325898.0
7695,534009.06,5325813.0
7696,534420.44,5325844.0
7697,534838.9,5325773.5
7698,535089.9,5326002.0
7699,535296.44,5326197.0
7700,535250.8,5326429.5
7701,535402.44,5326586.0
7702,535550.4,5326723.0
7703,536160.1,5327198.5
7704,536357.25,5327184.0
7705,536551.1,5327135.5
7706,536745.9,5327090.5
7707,536942.6,5327055.5
7708,537140.0,5327029.0
7709,537339.75,5327037.0
7710,537538.7,5327049.5
7711,537590.1,5327224.5
7712,537778.25,5327302.0
7713,537923.0,5327160.0
7714,538145.4,5327115.5
7715,538369.75,5327255.5
7716,538641.0,5327517.5
7717,539044.7,5327620.0
7718,539441.8,5327691.5
7719,539819.1,5327776.0
7720,539942.8,5328172.0
7721,540092.06,5328525.5
7722,540289.6,5328802.5
7723,540184.8,5329040.0
7724,540296.06,5329291.5
7725,540120.25,5329496.0
7726,539988.25,5329719.5
7727,539905.44,5329947.0
7728,539983.25,5330180.0
7729,540102.7,5330351.5
7730,539948.25,5330547.5
7731,539783.56,5330735.5
7732,539550.6,5330819.5
7733,539312.06,5330841.0
7734,545568.0,5341629.5
7735,545560.9,5341548.5
7736,545670.6,5341509.5
7737,545761.06,5341451.0
7738,545882.94,5341505.5
7739,546054.56,5341555.5
7740,546557.6,5342264.0
7741,546605.8,5342206.0
7742,548392.2,5351742.0
7743,548498.0,5351777.0
7744,548113.1,5352358.0
7745,548186.6,5352286.0
7746,548204.25,5353929.5
7747,548129.7,5354009.5
7748,545014.4,5358560.5
7749,544896.8,5358618.5
7750,552637.75,5311029.5
7751,552634.4,5311212.0
7752,552526.7,5311335.0
7753,552615.5,5311509.0
7754,552775.0,5311617.5
7755,552745.06,5311809.0
7756,552739.75,5312027.5
7757,552546.0,5312171.0
7758,552334.75,5312324.5
7759,552078.6,5312462.5
7760,552056.9,5312689.5
7761,551819.56,5312838.0
7762,551588.0,5312995.5
7763,551563.5,5313251.5
7764,551275.56,5313379.0
7765,551014.56,5313502.5
7766,550962.1,5313765.5
7767,550717.9,5313855.0
7768,550463.94,5313921.0
7769,550204.4,5314006.5
7770,549935.56,5314125.0
7771,549882.9,5314424.0
7772,549597.94,5314485.5
7773,549322.3,5314538.0
7774,549053.94,5314595.0
7775,548855.44,5314414.5
7776,548646.56,5314283.0
7777,548668.06,5314077.0
7778,548487.75,5313953.0
7779,548336.2,5313775.5
7780,548393.9,5313583.0
7781,548428.06,5313386.5
7782,532837.2,5325823.5
7783,533000.4,5325460.5
7784,533344.4,5325539.0
7785,533686.5,5325576.5
7786,533914.75,5325354.0
7787,534236.3,5325446.5
7788,534595.3,5325491.5
7789,534999.9,5325420.5
7790,535246.6,5325641.0
7791,535433.6,5325898.0
7792,535541.1,5326181.0
7793,535470.8,5326387.0
7794,535619.25,5326535.5
7795,537730.9,5327105.0
7796,537966.8,5326966.5
7797,538153.5,5326911.0
7798,538363.5,5326984.0
7799,538626.06,5327128.0
7800,538932.06,5327250.5
7801,539307.1,5327311.0
7802,539698.1,5327375.5
7803,540084.94,5327464.0
7804,540188.5,5327855.5
7805,540316.6,5328218.0
7806,540463.56,5328544.0
7807,540636.8,5328810.5
7808,540500.2,5329064.5
7809,540545.75,5329351.5
7810,540388.94,5329548.0
7811,540243.06,5329754.5
7812,540122.75,5329970.5
7813,540245.75,5330147.0
7814,545475.5,5341630.0
7815,545456.4,5341556.5
7816,545475.5,5341475.0
7817,545579.44,5341457.5
7818,545649.1,5341385.0
7819,545735.25,5341321.0
7820,545841.6,5341368.0
7821,545961.6,5341417.0
7822,546090.25,5341377.5
7823,546242.44,5341470.0
7824,546557.3,5342116.0
7825,546625.1,5342088.5
7826,548435.8,5351853.5
7827,548521.3,5351887.5
7828,548230.4,5352373.0
7829,548334.5,5352334.0
7830,548249.56,5354037.5
7831,548150.7,5354127.0
7832,545067.0,5358700.0
7833,544951.7,5358751.0
7834,552823.8,5311102.0
7835,552814.94,5311265.5
7836,552747.4,5311416.5
7837,552945.06,5311534.5
7838,552960.6,5311720.5
7839,552962.94,5311914.5
7840,552968.94,5312134.5
7841,552775.44,5312277.0
7842,552565.7,5312419.5
7843,552314.0,5312553.0
7844,552291.94,5312778.0
7845,552056.94,5312924.0
7846,551824.25,5313079.0
7847,551839.4,5313304.5
7848,551660.7,5313452.5
7849,551447.56,5313521.0
7850,551211.75,5313639.0
7851,551161.94,5313887.5
7852,550920.0,5314047.5
7853,550660.44,5314109.0
7854,550406.0,5314177.0
7855,550146.4,5314265.0
7856,550125.2,5314496.0
7857,550020.9,5314699.5
7858,549776.7,5314705.0
7859,549510.94,5314754.5
7860,549237.9,5314812.5
7861,548972.6,5314856.0
7862,548800.56,5314654.0
7863,548615.6,5314495.0
7864,548430.25,5314350.5
7865,548448.3,5314152.0
7866,548288.94,5313971.0
7867,533182.7,5325107.5
7868,533541.25,5325234.0
7869,533774.94,5325042.0
7870,534105.0,5325014.5
7871,534433.2,5325096.0
7872,534748.0,5325177.0
7873,535048.44,5325062.0
7874,535384.3,5325227.0
7875,535577.1,5325553.0
7876,535689.0,5325818.0
7877,535645.0,5326016.5
7878,535762.3,5326162.0
7879,535689.06,5326348.0
7880,538010.7,5326772.5
7881,538260.75,5326756.0
7882,538515.25,5326815.0
7883,538811.44,5326897.5
7884,539167.06,5326944.0
7885,539554.44,5326987.5
7886,539962.0,5327066.0
7887,540374.06,5327170.5
7888,540463.75,5327569.5
7889,540544.2,5327929.5
7890,540641.1,5328287.5
7891,540784.3,5328577.0
7892,540946.3,5328775.5
7893,540820.0,5328992.5
7894,540722.56,5329190.0
7895,540826.1,5329337.5
7896,540665.8,5329529.0
7897,540506.25,5329721.5
7898,540372.56,5329931.5
7899,545385.94,5341628.0
7900,545440.2,5341720.0
7901,545363.75,5341524.0
7902,545408.44,5341405.0
7903,545519.2,5341381.0
7904,545560.1,5341299.5
7905,545646.06,5341255.0
7906,545730.56,5341185.5
7907,545820.9,5341244.0
7908,545945.3,5341294.5
7909,546056.75,5341232.5
7910,546221.7,5341294.0
7911,546402.9,5341342.0
7912,546591.56,5342001.0
7913,546667.6,5341976.5
7914,548462.0,5351972.0
7915,548540.7,5352008.0
7916,548324.25,5352443.0
7917,548422.5,5352431.5
7918,548357.0,5354037.0
7919,548304.2,5353932.0
7920,548290.7,5354176.0
7921,548191.44,5354353.0
7922,548090.8,5354312.5
7923,545038.0,5358848.0
7924,545163.75,5358754.0
7925,553004.44,5311187.5
7926,552967.94,5311366.0
7927,553144.0,5311461.5
7928,553130.6,5311636.5
7929,553158.25,5311821.5
7930,553183.94,5312021.5
7931,553187.8,5312237.0
7932,552999.94,5312378.0
7933,552793.5,5312517.0
7934,552545.1,5312645.0
7935,552522.94,5312866.5
7936,552292.5,5313008.5
7937,552068.5,5313156.5
7938,552070.8,5313387.5
7939,551860.4,5313559.5
7940,551616.2,5313669.5
7941,551399.75,5313776.5
7942,551360.56,5314019.5
7943,551148.2,5314106.5
7944,551056.6,5314304.0
7945,550830.7,5314312.0
7946,550592.7,5314358.0
7947,550350.2,5314425.0
7948,550276.6,5314670.5
7949,550186.9,5314901.0
7950,549935.7,5314939.0
7951,549684.56,5314962.5
7952,549411.6,5315015.0
7953,549127.25,5315075.0
7954,548849.5,5315100.5
7955,548714.9,5314877.5
7956,548561.3,5314703.5
7957,548406.44,5314550.5
7958,548243.25,5314368.0
7959,548245.94,5314167.0
7960,533468.6,5324833.5
7961,533832.8,5324811.0
7962,534017.3,5324614.0
7963,534334.56,5324700.0
7964,534726.4,5324778.5
7965,535235.7,5324758.0
7966,535616.7,5324926.0
7967,535713.0,5325265.0
7968,535859.6,5325469.0
7969,535802.1,5325653.0
7970,535919.1,5325794.5
7971,535837.5,5325977.0
7972,538118.1,5326606.0
7973,538374.4,5326590.0
7974,538646.7,5326624.5
7975,538983.25,5326652.0
7976,539386.06,5326607.0
7977,539804.4,5326677.5
7978,540236.7,5326773.0
7979,540684.7,5326873.0
7980,540762.56,5327314.5
7981,540854.7,5327689.0
7982,540835.56,5328064.5
7983,540936.56,5328358.0
7984,541080.44,5328564.0
7985,541225.25,5328708.0
7986,541098.75,5328922.5
7987,540984.25,5329144.5
7988,545339.4,5341718.5
7989,545290.06,5341621.5
7990,545395.75,5341809.0
7991,545244.44,5341535.5
7992,545318.1,5341446.5
7993,545324.7,5341347.0
7994,545437.8,5341293.5
7995,545526.75,5341196.0
7996,545633.7,5341131.0
7997,545717.56,5341049.0
7998,545815.0,5341106.5
7999,545916.2,5341172.5
8000,546017.25,5341098.5
8001,546168.56,5341151.0
8002,546340.9,5341188.0
8003,546541.94,5341191.0
8004,546646.8,5341894.5
8005,546722.94,5341870.5
8006,548481.8,5352085.0
8007,548554.3,5352144.0
8008,548376.1,5352550.0
8009,548504.75,5352431.0
8010,548458.9,5352331.0
8011,548484.7,5352549.0
8012,548394.0,5353914.0
8013,548350.44,5353822.0
8014,548094.3,5354531.0
8015,547992.9,5354484.0
8016,545144.0,5358877.0
8017,545330.0,5358901.0
8018,545340.0,5358762.0
8019,553180.25,5311282.0
8020,553352.25,5311383.5
8021,553316.2,5311564.0
8022,553312.6,5311739.0
8023,553360.3,5311927.5
8024,553420.5,5312147.5
8025,553372.8,5312349.5
8026,553218.7,5312482.5
8027,553022.75,5312614.0
8028,552772.3,5312737.0
8029,552749.7,5312955.0
8030,552523.3,5313094.5
8031,552302.5,5313239.5
8032,552306.2,5313462.5
8033,552104.75,5313619.0
8034,551947.1,5313799.5
8035,551761.0,5313793.0
8036,551579.25,5313918.5
8037,551545.56,5314159.5
8038,551302.6,5314256.0
8039,551225.7,5314481.0
8040,550987.0,5314534.0
8041,550758.8,5314555.5
8042,550521.56,5314600.5
8043,550442.6,5314835.0
8044,550354.56,5315059.0
8045,550094.0,5315134.0
8046,549842.7,5315178.0
8047,549580.25,5315203.5
8048,549291.3,5315267.0
8049,548990.7,5315331.5
8050,548704.9,5315343.0
8051,548595.25,5315089.5
8052,548469.9,5314897.5
8053,548341.75,5314741.5
8054,548227.75,5314566.0
8055,533739.0,5324590.0
8056,533847.5,5324245.5
8057,534174.56,5324368.0
8058,534519.44,5324330.0
8059,534896.0,5324468.5
8060,535235.25,5324342.0
8061,535597.7,5324548.5
8062,535861.2,5324751.5
8063,535887.06,5324954.5
8064,535857.44,5325111.5
8065,535970.1,5325287.5
8066,536093.44,5325434.5
8067,536003.6,5325613.5
8068,538227.75,5326440.5
8069,538482.44,5326417.5
8070,538753.56,5326431.5
8071,539054.4,5326397.0
8072,539279.8,5326249.5
8073,539653.1,5326282.5
8074,540065.9,5326384.0
8075,540482.4,5326467.5
8076,540856.2,5326497.5
8077,541125.25,5326710.0
8078,541032.7,5327076.5
8079,541197.44,5327408.5
8080,541245.8,5327752.0
8081,541062.56,5327943.5
8082,541125.25,5328184.0
8083,541210.1,5328373.5
8084,541366.06,5328501.5
8085,545284.9,5341804.5
8086,545249.94,5341707.5
8087,545175.7,5341634.5
8088,545337.8,5341889.5
8089,545134.1,5341508.5
8090,545224.5,5341424.5
8091,545207.94,5341314.0
8092,545310.56,5341246.5
8093,545406.5,5341194.0
8094,545437.0,5341099.5
8095,545538.94,5341079.5
8096,545615.9,5340996.0
8097,545706.94,5340912.5
8098,545806.3,5340966.0
8099,545912.0,5341024.0
8100,546026.0,5340933.5
8101,546123.5,5341026.0
8102,546274.1,5341043.5
8103,546447.9,5341069.0
8104,546654.5,5341019.0
8105,546710.8,5341786.0
8106,546800.9,5341779.5
8107,548481.8,5352212.5
8108,548544.6,5352288.0
8109,548402.1,5352666.5
8110,548492.8,5352709.5
8111,548443.0,5353808.0
8112,548401.94,5353714.5
8113,548000.8,5354711.5
8114,547899.6,5354657.5
8115,545489.0,5358939.0
8116,545537.5,5358790.5
8117,553518.25,5311494.5
8118,553488.75,5311667.5
8119,553497.3,5311836.5
8120,553566.44,5312018.0
8121,553672.1,5312218.5
8122,553574.06,5312383.5
8123,553445.56,5312563.5
8124,553266.6,5312726.0
8125,552995.0,5312825.0
8126,552967.2,5313042.5
8127,552751.2,5313183.5
8128,552538.25,5313322.5
8129,552533.06,5313539.5
8130,552337.7,5313692.0
8131,552169.56,5313849.5
8132,552002.94,5313994.5
8133,551779.6,5314036.5
8134,551735.3,5314304.5
8135,551477.56,5314391.0
8136,551396.9,5314617.0
8137,551149.7,5314706.5
8138,550912.25,5314762.0
8139,550682.56,5314787.5
8140,550598.25,5315009.5
8141,550508.44,5315223.5
8142,550262.1,5315273.0
8143,549999.5,5315382.5
8144,549734.0,5315403.0
8145,549465.4,5315430.0
8146,549165.44,5315528.5
8147,548832.8,5315602.5
8148,548514.0,5315570.5
8149,548458.8,5315286.0
8150,548349.4,5315076.0
8151,548237.2,5314913.5
8152,548141.94,5314747.5
8153,534201.5,5324038.0
8154,533888.06,5323842.0
8155,534540.5,5323892.0
8156,534860.25,5324109.0
8157,535187.1,5323948.0
8158,535537.8,5324142.0
8159,535831.7,5324344.5
8160,535924.7,5324555.0
8161,536112.1,5324700.0
8162,536035.0,5324889.5
8163,536067.6,5325101.0
8164,536189.56,5325259.5
8165,538330.9,5326271.0
8166,538577.9,5326241.5
8167,538808.5,5326243.5
8168,538968.2,5326120.0
8169,539100.5,5325956.0
8170,539386.5,5326023.5
8171,539589.06,5325856.5
8172,539937.06,5326009.5
8173,540339.1,5326086.5
8174,540758.7,5326150.5
8175,541204.5,5326254.5
8176,541513.4,5326574.0
8177,541399.06,5326993.5
8178,541610.4,5327272.5
8179,541532.0,5327619.5
8180,541519.44,5327926.5
8181,541303.5,5328023.5
8182,541423.6,5328218.0
8183,541573.2,5328368.0
8184,545206.8,5341882.0
8185,545180.2,5341770.5
8186,545093.44,5341714.0
8187,545065.2,5341608.0
8188,545273.44,5341964.0
8189,545014.2,5341488.0
8190,545110.44,5341387.0
8191,545078.56,5341258.5
8192,545198.0,5341208.0
8193,545299.0,5341132.0
8194,545364.06,5341020.0
8195,545489.1,5340969.0
8196,545595.0,5340868.5
8197,545683.2,5340774.0
8198,545792.6,5340825.5
8199,545902.1,5340877.5
8200,545985.4,5340779.0
8201,546106.7,5340813.5
8202,546191.0,5340918.5
8203,546356.06,5340926.5
8204,546499.8,5340941.0
8205,546581.6,5340826.5
8206,546747.0,5340835.0
8207,546795.1,5341689.0
8208,546892.06,5341701.5
8209,548422.56,5352783.5
8210,548503.6,5352834.0
8211,548512.0,5353690.0
8212,548452.06,5353607.0
8213,547813.5,5354835.0
8214,547915.0,5354895.5
8215,545716.3,5358897.0
8216,545603.0,5359016.0
8217,553691.06,5311594.5
8218,553669.75,5311756.0
8219,553689.44,5311917.0
8220,553779.94,5312087.0
8221,553902.06,5312278.5
8222,553798.0,5312443.0
8223,553673.6,5312615.5
8224,553527.3,5312784.5
8225,553387.25,5312953.0
8226,553175.75,5312924.5
8227,553193.8,5313116.0
8228,552979.94,5313260.5
8229,552785.0,5313426.0
8230,552719.94,5313635.5
8231,552558.44,5313771.5
8232,552387.2,5313925.5
8233,552192.5,5314070.5
8234,551962.25,5314183.5
8235,551974.4,5314370.5
8236,551846.5,5314532.5
8237,551635.8,5314540.0
8238,551561.75,5314753.0
8239,551316.9,5314838.0
8240,551072.5,5314929.0
8241,550830.7,5314981.0
8242,550739.6,5315193.0
8243,550651.56,5315403.0
8244,550420.56,5315426.5
8245,550207.94,5315465.0
8246,550081.7,5315623.0
8247,549859.06,5315606.5
8248,549619.25,5315619.5
8249,549388.56,5315636.5
8250,549246.6,5315806.5
8251,549034.56,5315758.0
8252,548862.6,5315917.0
8253,548620.94,5315835.0
8254,548331.44,5315808.5
8255,548200.0,5315593.0
8256,548296.94,5315416.5
8257,548206.25,5315231.5
8258,548104.3,5315066.5
8259,548018.94,5314902.0
8260,534224.2,5323651.0
8261,533897.94,5323437.5
8262,534552.6,5323483.5
8263,534867.2,5323713.0
8264,535169.2,5323539.0
8265,535461.1,5323744.0
8266,535750.75,5323855.0
8267,535817.44,5324115.0
8268,536016.6,5324226.0
8269,536097.56,5324449.5
8270,536309.5,5324592.5
8271,536299.6,5324779.5
8272,536193.56,5324931.5
8273,536292.94,5325088.5
8274,538433.56,5326101.0
8275,538693.5,5326067.0
8276,538818.44,5325889.5
8277,538971.44,5325729.5
8278,539249.56,5325780.5
8279,539355.06,5325592.0
8280,539558.2,5325506.0
8281,539824.8,5325668.0
8282,540203.1,5325708.5
8283,540610.44,5325786.0
8284,541023.5,5325848.0
8285,541426.0,5325858.5
8286,541649.7,5326172.0
8287,541912.1,5326446.0
8288,541821.06,5326873.5
8289,541986.56,5327217.0
8290,541834.25,5327532.5
8291,541769.2,5327834.5
8292,541670.6,5328110.0
8293,541798.94,5328267.0
8294,545182.25,5342002.5
8295,545113.0,5341926.0
8296,545080.75,5341824.5
8297,544980.06,5341725.5
8298,544959.5,5341608.5
8299,544866.9,5341546.5
8300,544903.2,5341440.5
8301,544988.94,5341359.5
8302,544915.25,5341249.5
8303,545010.94,5341157.5
8304,545137.2,5341117.0
8305,545244.94,5341044.0
8306,545263.94,5340937.0
8307,545381.06,5340893.5
8308,545483.0,5340840.0
8309,545555.25,5340743.5
8310,545642.1,5340651.0
8311,545765.75,5340684.0
8312,545873.7,5340730.5
8313,545944.56,5340625.5
8314,546055.9,5340669.0
8315,546178.2,5340704.0
8316,546264.75,5340811.0
8317,546428.2,5340800.5
8318,546491.6,5340673.5
8319,546652.8,5340669.0
8320,546837.6,5340649.5
8321,546896.9,5341620.0
8322,546992.25,5341636.5
8323,548433.6,5352902.0
8324,548507.5,5352955.0
8325,548549.0,5353572.0
8326,548480.3,5353491.5
8327,547711.75,5355003.5
8328,547822.3,5355075.0
8329,545800.0,5358977.0
8330,545723.6,5359144.5
8331,553880.0,5311659.5
8332,553859.2,5311819.0
8333,553886.5,5311978.0
8334,553991.9,5312138.5
8335,554126.2,5312321.0
8336,554024.94,5312489.5
8337,553901.0,5312665.0
8338,553760.9,5312838.5
8339,553611.75,5313009.0
8340,553420.6,5313169.0
8341,553213.56,5313324.0
8342,553043.56,5313484.0
8343,552926.06,5313660.0
8344,552785.7,5313839.5
8345,552610.56,5313993.5
8346,552407.75,5314145.5
8347,552188.6,5314267.5
8348,552189.6,5314453.5
8349,552026.56,5314550.0
8350,552014.25,5314748.5
8351,551788.1,5314731.5
8352,551720.6,5314919.0
8353,551489.7,5314951.0
8354,551247.7,5315068.5
8355,550985.06,5315139.5
8356,550883.9,5315342.5
8357,550826.7,5315562.5
8358,550548.1,5315593.5
8359,550319.25,5315628.5
8360,550200.6,5315807.0
8361,549965.56,5315816.5
8362,549738.6,5315818.0
8363,549488.25,5315830.0
8364,549346.06,5316050.0
8365,549097.5,5316006.0
8366,548934.8,5316193.0
8367,548696.8,5316121.0
8368,548438.0,5316059.5
8369,548148.56,5316028.5
8370,548045.94,5315774.5
8371,547931.9,5315551.0
8372,548061.6,5315390.0
8373,547961.56,5315210.0
8374,547870.4,5315037.5
8375,534213.6,5323254.5
8376,533861.9,5323034.5
8377,534529.06,5323078.5
8378,534863.5,5323302.5
8379,535177.0,5323131.0
8380,535461.56,5323339.0
8381,535699.5,5323512.5
8382,535923.6,5323659.5
8383,536023.6,5323840.5
8384,535957.3,5324015.0
8385,536120.9,5324030.0
8386,536185.94,5324225.0
8387,536267.25,5324391.0
8388,536421.1,5324381.5
8389,536489.94,5324569.5
8390,536507.75,5324751.5
8391,536399.3,5324919.5
8392,538545.5,5325937.0
8393,538658.5,5325773.5
8394,538788.4,5325623.5
8395,538920.9,5325475.5
8396,539103.25,5325577.0
8397,539212.3,5325421.0
8398,539369.56,5325326.5
8399,539524.9,5325206.0
8400,539717.8,5325345.0
8401,539954.75,5325455.0
8402,540161.56,5325329.5
8403,540486.44,5325424.5
8404,540864.06,5325468.0
8405,541248.75,5325498.5
8406,541617.75,5325492.5
8407,541845.8,5325803.0
8408,542088.06,5326090.5
8409,542351.25,5326325.5
8410,542172.75,5326657.0
8411,542289.1,5326975.0
8412,542349.9,5327359.0
8413,542112.1,5327510.0
8414,542032.9,5327779.5
8415,541915.94,5328041.0
8416,542044.94,5328223.5
8417,545084.4,5342020.0
8418,545015.0,5341928.0
8419,544965.75,5341838.0
8420,544857.25,5341805.0
8421,544850.25,5341679.5
8422,544729.25,5341600.5
8423,544760.8,5341459.0
8424,544828.75,5341351.5
8425,544748.75,5341245.5
8426,544816.25,5341155.0
8427,544907.8,5341097.0
8428,545016.7,5341032.5
8429,545137.3,5340986.0
8430,545158.1,5340853.5
8431,545287.9,5340803.5
8432,545402.75,5340737.0
8433,545495.06,5340636.5
8434,545590.1,5340538.0
8435,545723.6,5340553.0
8436,545835.2,5340585.5
8437,545896.3,5340478.5
8438,546012.6,5340514.5
8439,546123.4,5340558.0
8440,546246.06,5340593.0
8441,546331.75,5340696.5
8442,546391.44,5340570.5
8443,546554.0,5340531.5
8444,546729.9,5340505.0
8445,546924.25,5340462.0
8446,547022.9,5341559.5
8447,547107.4,5341614.0
8448,548423.7,5353020.5
8449,548515.9,5353074.5
8450,548557.0,5353434.0
8451,548481.25,5353372.5
8452,547694.8,5355232.5
8453,547583.6,5355153.5
8454,545837.44,5359095.5
8455,545880.7,5359254.5
8456,545772.44,5359300.0
8457,554074.6,5311704.0
8458,554028.56,5311880.0
8459,554090.0,5312022.5
8460,554202.5,5312177.0
8461,554348.6,5312356.5
8462,554250.44,5312525.0
8463,554127.6,5312703.5
8464,553989.3,5312881.0
8465,553838.9,5313055.0
8466,553647.75,5313219.5
8467,553440.44,5313378.5
8468,553276.6,5313544.5
8469,553149.75,5313717.0
8470,553010.75,5313888.0
8471,552839.8,5314055.5
8472,552631.5,5314206.0
8473,552414.9,5314370.5
8474,552343.56,5314593.0
8475,552167.0,5314637.0
8476,552253.0,5314791.5
8477,552159.06,5314955.5
8478,551942.3,5314928.5
8479,551873.75,5315101.0
8480,551660.56,5315098.0
8481,551460.25,5315125.0
8482,551362.4,5315273.0
8483,551140.1,5315275.5
8484,551041.75,5315433.5
8485,551087.56,5315558.5
8486,551043.56,5315700.5
8487,550855.9,5315767.0
8488,550663.9,5315718.0
8489,550447.2,5315808.5
8490,550303.6,5315977.0
8491,550081.9,5315992.5
8492,549852.9,5316037.0
8493,549611.94,5316008.0
8494,549515.25,5316186.5
8495,549372.6,5316321.5
8496,549170.25,5316248.0
8497,549020.25,5316437.0
8498,548779.9,5316388.5
8499,548532.8,5316329.0
8500,548261.2,5316280.5
8501,547952.1,5316257.5
8502,547895.25,5315961.0
8503,547795.8,5315714.5
8504,547691.4,5315509.5
8505,547821.8,5315357.5
8506,547728.8,5315180.0
8507,534153.0,5322858.0
8508,533747.5,5322648.5
8509,534456.1,5322680.5
8510,534850.94,5322879.5
8511,535230.44,5322739.5
8512,535504.5,5322947.0
8513,535736.7,5323153.5
8514,535911.44,5323307.0
8515,535896.1,5323484.5
8516,536050.5,5323454.0
8517,536132.56,5323636.5
8518,536214.6,5323818.5
8519,536284.4,5324006.0
8520,536352.5,5324194.0
8521,539062.25,5325336.5
8522,539205.44,5325199.0
8523,539359.6,5325074.0
8524,539516.6,5324952.5
8525,539681.75,5325069.5
8526,539887.2,5325186.0
8527,540052.44,5325035.0
8528,540344.3,5325112.5
8529,540711.7,5325092.0
8530,541098.8,5325134.0
8531,541493.7,5325154.0
8532,541942.9,5325157.5
8533,541893.06,5325484.5
8534,542162.0,5325491.0
8535,542238.7,5325791.5
8536,542565.5,5325965.5
8537,542777.3,5326296.0
8538,542538.2,5326633.5
8539,542720.5,5326929.0
8540,542577.75,5327184.5
8541,542695.5,5327462.0
8542,542558.5,5327638.0
8543,542322.4,5327725.5
8544,542163.5,5327991.5
8545,542291.4,5328183.0
8546,544985.2,5342026.5
8547,544894.3,5341927.5
8548,544773.6,5341886.5
8549,544735.25,5341747.0
8550,544587.25,5341674.5
8551,544615.0,5341504.5
8552,544653.4,5341350.0
8553,544620.94,5341183.0
8554,544709.1,5341089.5
8555,544805.5,5341011.0
8556,544911.2,5340946.5
8557,545031.5,5340896.5
8558,545051.4,5340759.5
8559,545180.3,5340736.0
8560,545272.7,5340650.5
8561,545374.9,5340578.0
8562,545468.4,5340510.5
8563,545534.3,5340413.5
8564,545667.06,5340434.5
8565,545787.3,5340443.5
8566,545856.4,5340326.0
8567,545965.7,5340387.0
8568,546088.9,5340390.5
8569,546190.4,5340459.5
8570,546301.3,5340462.5
8571,546448.6,5340437.5
8572,546619.44,5340392.5
8573,546801.0,5340352.0
8574,546995.56,5340269.5
8575,547180.4,5341557.0
8576,547234.9,5341640.0
8577,548440.8,5353138.5
8578,548535.0,5353186.0
8579,548552.4,5353295.5
8580,548468.94,5353254.0
8581,547563.7,5355387.5
8582,547448.7,5355297.0
8583,545937.1,5359399.0
8584,545838.0,5359462.0
8585,554212.44,5311892.5
8586,554271.9,5311735.5
8587,554290.0,5312053.0
8588,554405.0,5312209.5
8589,554578.8,5312382.0
8590,554474.1,5312557.0
8591,554352.4,5312735.0
8592,554214.6,5312915.0
8593,554067.06,5313096.5
8594,553879.5,5313261.0
8595,553665.9,5313423.5
8596,553503.4,5313594.5
8597,553378.44,5313769.0
8598,553245.75,5313935.0
8599,553080.6,5314097.0
8600,552883.06,5314266.0
8601,552651.75,5314404.5
8602,552535.25,5314586.0
8603,552452.1,5314789.0
8604,552367.5,5314983.0
8605,552286.3,5315162.5
8606,552084.3,5315126.5
8607,552003.7,5315290.0
8608,551796.5,5315270.0
8609,551586.25,5315274.0
8610,551506.1,5315441.0
8611,551279.4,5315456.5
8612,551259.94,5315651.0
8613,551230.2,5315819.5
8614,551045.75,5315871.5
8615,550869.06,5315936.5
8616,550664.44,5315874.5
8617,550519.2,5316022.5
8618,550376.8,5316136.5
8619,550205.4,5316152.5
8620,550022.4,5316193.0
8621,549865.4,5316288.0
8622,549699.06,5316210.0
8623,549566.06,5316388.5
8624,549457.8,5316563.5
8625,549242.56,5316497.5
8626,549110.8,5316673.0
8627,548879.44,5316626.5
8628,548634.7,5316590.5
8629,548383.75,5316545.0
8630,548112.6,5316511.0
8631,547825.06,5316524.5
8632,547635.1,5316305.0
8633,547738.7,5316100.5
8634,547659.9,5315873.5
8635,547564.94,5315667.0
8636,547467.3,5315484.5
8637,547589.94,5315325.0
8638,534073.94,5322469.5
8639,533613.0,5322267.0
8640,534445.1,5322260.5
8641,534713.6,5322499.5
8642,534994.5,5322523.0
8643,535249.6,5322301.0
8644,535554.4,5322527.5
8645,535794.56,5322800.5
8646,535910.1,5322999.5
8647,536015.2,5323127.5
8648,536125.3,5323283.5
8649,539663.75,5324819.0
8650,539833.25,5324930.0
8651,539968.06,5324777.5
8652,540182.7,5324853.0
8653,540435.1,5324887.0
8654,540615.6,5324721.5
8655,540946.44,5324769.5
8656,541313.44,5324793.5
8657,541681.9,5324825.0
8658,542011.56,5324795.0
8659,542309.4,5324904.0
8660,542406.5,5325217.0
8661,542523.06,5325574.0
8662,542887.1,5325649.0
8663,542988.9,5325977.0
8664,543196.4,5326219.5
8665,543086.8,5326443.5
8666,542884.44,5326635.0
8667,543057.3,5326869.0
8668,542991.3,5327092.0
8669,542847.9,5327259.0
8670,542964.9,5327522.5
8671,542817.9,5327743.0
8672,542593.4,5327882.0
8673,542392.94,5327981.0
8674,542537.1,5328140.0
8675,544885.9,5342023.5
8676,544788.6,5342003.5
8677,544693.06,5341976.5
8678,544655.4,5341834.0
8679,544511.1,5341815.0
8680,544391.94,5341704.0
8681,544469.5,5341565.5
8682,544485.1,5341421.0
8683,544513.06,5341274.0
8684,544500.5,5341102.0
8685,544596.56,5341007.5
8686,544687.0,5340893.0
8687,544807.44,5340854.0
8688,544930.3,5340799.5
8689,544966.44,5340656.5
8690,545111.3,5340641.0
8691,545176.2,5340538.5
8692,545274.56,5340484.5
8693,545384.4,5340409.0
8694,545468.3,5340303.5
8695,545604.3,5340312.0
8696,545722.9,5340320.0
8697,545789.56,5340219.5
8698,545904.3,5340175.0
8699,545989.56,5340269.5
8700,546109.2,5340253.5
8701,546218.44,5340319.5
8702,546353.25,5340338.0
8703,546508.44,5340311.0
8704,546671.25,5340258.0
8705,546833.0,5340204.0
8706,546974.94,5340075.0
8707,547327.9,5341628.5
8708,547325.1,5341730.0
8709,547330.2,5355454.0
8710,547446.0,5355553.0
8711,546008.8,5359474.0
8712,545955.4,5359582.5
8713,554431.4,5311915.5
8714,554469.6,5311763.5
8715,554483.4,5312080.0
8716,554576.4,5312215.0
8717,554746.06,5312270.5
8718,554809.2,5312428.0
8719,554693.5,5312589.5
8720,554574.9,5312767.0
8721,554438.06,5312943.0
8722,554292.94,5313126.0
8723,554123.9,5313314.5
8724,553888.06,5313459.5
8725,553728.06,5313633.0
8726,553608.5,5313811.5
8727,553487.2,5313986.0
8728,553332.2,5314131.5
8729,553145.0,5314283.5
8730,553028.4,5314460.0
8731,552837.9,5314466.5
8732,552733.06,5314625.5
8733,552642.6,5314811.5
8734,552557.44,5315007.0
8735,552476.3,5315199.5
8736,552397.0,5315379.5
8737,552204.56,5315329.0
8738,552123.1,5315486.5
8739,551923.3,5315450.5
8740,551718.56,5315437.5
8741,551656.1,5315603.5
8742,551454.3,5315612.5
8743,551421.75,5315785.0
8744,551372.94,5315949.5
8745,551194.7,5315991.0
8746,551020.75,5316045.0
8747,550852.3,5316111.0
8748,550714.5,5316019.5
8749,550673.56,5316169.5
8750,550511.6,5316231.0
8751,550339.7,5316297.0
8752,550168.0,5316341.5
8753,550004.8,5316411.5
8754,549845.44,5316515.0
8755,549729.6,5316409.5
8756,549658.5,5316586.0
8757,549588.5,5316782.5
8758,549345.1,5316729.5
8759,549217.44,5316892.0
8760,548985.2,5316855.0
8761,548755.25,5316823.5
8762,548513.56,5316803.0
8763,548265.7,5316774.5
8764,548004.06,5316763.5
8765,547718.6,5316802.0
8766,547549.7,5316543.0
8767,547360.56,5316355.0
8768,547407.75,5316171.5
8769,547533.0,5316041.5
8770,547440.0,5315827.0
8771,547343.9,5315643.0
8772,534004.8,5322124.5
8773,534379.0,5321941.0
8774,534713.1,5321883.5
8775,534881.1,5322182.0
8776,535167.2,5321857.5
8777,535549.44,5322097.5
8778,535854.6,5322250.0
8779,535818.3,5322529.0
8780,536021.0,5322536.0
8781,536031.06,5322739.5
8782,536062.06,5322919.0
8783,536233.7,5323115.5
8784,539807.9,5324682.5
8785,539909.2,5324515.0
8786,540088.0,5324628.5
8787,540307.3,5324655.5
8788,540424.8,5324474.5
8789,540747.75,5324453.5
8790,541136.25,5324428.0
8791,541526.3,5324457.5
8792,541872.7,5324496.0
8793,542229.7,5324550.0
8794,542505.06,5324633.0
8795,542691.9,5324909.5
8796,542785.2,5325296.5
8797,543188.0,5325347.0
8798,543248.3,5325710.0
8799,543338.06,5325993.0
8800,543565.0,5326199.0
8801,543381.25,5326437.0
8802,543210.44,5326655.5
8803,543324.6,5326871.0
8804,543215.44,5327091.0
8805,543103.3,5327314.0
8806,543236.6,5327477.5
8807,543109.3,5327692.0
8808,542958.2,5327891.0
8809,542764.75,5328037.0
8810,544595.8,5341955.5
8811,544350.8,5341931.0
8812,544203.25,5341692.5
8813,544317.8,5341522.5
8814,544340.25,5341354.5
8815,544377.5,5341199.5
8816,544368.56,5341024.5
8817,544477.0,5340924.0
8818,544561.0,5340852.0
8819,544602.0,5340707.0
8820,544700.44,5340763.5
8821,544835.2,5340700.5
8822,544880.2,5340547.0
8823,545038.06,5340530.5
8824,545125.2,5340403.5
8825,545251.44,5340339.5
8826,545352.06,5340256.5
8827,545451.1,5340168.5
8828,545552.56,5340214.0
8829,545675.9,5340178.5
8830,545800.56,5340099.0
8831,545942.94,5340051.5
8832,546039.94,5340140.5
8833,546179.7,5340143.5
8834,546296.25,5340201.0
8835,546414.8,5340227.0
8836,546544.44,5340177.5
8837,546686.2,5340111.0
8838,546826.94,5340054.5
8839,546897.5,5339883.5
8840,547401.3,5341748.0
8841,547375.0,5341817.0
8842,547269.25,5355638.0
8843,547408.1,5355746.0
8844,546140.06,5359638.0
8845,546168.94,5359527.5
8846,554665.1,5311804.0
8847,554644.44,5311969.0
8848,554679.0,5312119.5
8849,554848.94,5312156.5
8850,554950.5,5312280.0
8851,555019.8,5312459.0
8852,554912.56,5312622.0
8853,554794.56,5312797.0
8854,554664.06,5312976.0
8855,554523.1,5313141.5
8856,554376.1,5313323.5
8857,554288.7,5313504.5
8858,554079.94,5313514.5
8859,553950.44,5313665.0
8860,553837.1,5313838.5
8861,553719.56,5314021.0
8862,553580.3,5314209.5
8863,553364.75,5314306.5
8864,553246.56,5314471.5
8865,553140.4,5314657.5
8866,552934.4,5314656.5
8867,552835.75,5314843.5
8868,552745.0,5315037.5
8869,552660.2,5315231.5
8870,552580.75,5315422.0
8871,552502.3,5315597.5
8872,552314.0,5315536.0
8873,552235.1,5315690.0
8874,552047.9,5315635.0
8875,551851.5,5315606.0
8876,551801.8,5315768.0
8877,551611.6,5315766.5
8878,551556.06,5315925.0
8879,551465.0,5316083.5
8880,551293.6,5316118.5
8881,551125.7,5316166.5
8882,550960.94,5316224.0
8883,550795.4,5316284.5
8884,550631.4,5316347.5
8885,550464.75,5316414.5
8886,550296.1,5316477.0
8887,550130.1,5316539.0
8888,549968.8,5316615.5
8889,549792.4,5316707.5
8890,549793.44,5316883.5
8891,549654.44,5316988.0
8892,549450.1,5316934.5
8893,549327.25,5317087.0
8894,549103.44,5317063.5
8895,548877.5,5317051.0
8896,548657.8,5317030.5
8897,548422.2,5317024.5
8898,548189.06,5317020.5
8899,547941.56,5317027.0
8900,547689.7,5317096.0
8901,547453.7,5316967.5
8902,547457.7,5316734.0
8903,547267.8,5316560.5
8904,547128.94,5316328.5
8905,547203.94,5316149.5
8906,547314.9,5315981.5
8907,547218.5,5315800.0
8908,534475.2,5321558.0
8909,534840.25,5321517.0
8910,535249.06,5321426.0
8911,535591.2,5321699.0
8912,535833.44,5321933.5
8913,536022.94,5322001.5
8914,536125.9,5322148.5
8915,536097.1,5322339.0
8916,536238.3,5322521.0
8917,536214.0,5322719.5
8918,536228.06,5322918.5
8919,540158.4,5324430.0
8920,539994.75,5324335.5
8921,540265.8,5324246.0
8922,540473.8,5324285.0
8923,540600.2,5324146.0
8924,540853.44,5324217.0
8925,541053.6,5324082.5
8926,541384.0,5324131.0
8927,541783.5,5324137.0
8928,542097.44,5324277.5
8929,542423.5,5324241.5
8930,542716.2,5324464.0
8931,542972.0,5324688.5
8932,542986.6,5325047.5
8933,543238.0,5324926.5
8934,543496.4,5325160.0
8935,543525.6,5325536.0
8936,543580.56,5325860.0
8937,543820.94,5326058.0
8938,543816.6,5326353.5
8939,543616.7,5326475.5
8940,543474.75,5326668.0
8941,543593.1,5326824.5
8942,543453.25,5327028.0
8943,543353.9,5327257.5
8944,544052.0,5341878.5
8945,543987.25,5341603.5
8946,544155.25,5341455.0
8947,544185.5,5341281.5
8948,544234.56,5341123.0
8949,544223.9,5340950.0
8950,544341.5,5340845.0
8951,544466.06,5340757.5
8952,544466.7,5340606.0
8953,544613.1,5340521.0
8954,544726.6,5340617.5
8955,544764.25,5340501.0
8956,544842.5,5340385.0
8957,544971.75,5340430.5
8958,544983.2,5340308.5
8959,545114.6,5340256.0
8960,545231.6,5340194.5
8961,545326.0,5340112.0
8962,545563.6,5340094.0
8963,545695.9,5340022.5
8964,545868.1,5339960.0
8965,545990.0,5339938.5
8966,546077.7,5340024.0
8967,546194.9,5339994.5
8968,546298.7,5340059.5
8969,546413.25,5340106.5
8970,546537.56,5340048.0
8971,546638.25,5339981.0
8972,546751.6,5339952.0
8973,546803.06,5339822.5
8974,546920.56,5339782.5
8975,546997.0,5339885.0
8976,547447.0,5341859.5
8977,547403.0,5341913.0
8978,547264.8,5355834.5
8979,547454.0,5355941.5
8980,546355.06,5359657.0
8981,546356.6,5359538.0
8982,554859.6,5311849.5
8983,554844.4,5312010.0
8984,555008.8,5312088.5
8985,555110.3,5312204.0
8986,555141.56,5312335.0
8987,555231.8,5312488.0
8988,555129.56,5312645.0
8989,555010.7,5312820.5
8990,554884.25,5313005.5
8991,554765.75,5313194.0
8992,554579.25,5313316.5
8993,554530.1,5313522.5
8994,554407.06,5313703.5
8995,554182.9,5313685.0
8996,554067.4,5313853.5
8997,553952.7,5314031.5
8998,553829.6,5314213.5
8999,553715.44,5314399.0
9000,553489.4,5314433.5
9001,553373.9,5314625.0
9002,553268.1,5314816.0
9003,553041.75,5314850.5
9004,552945.56,5315044.0
9005,552856.1,5315237.0
9006,552772.0,5315429.5
9007,552690.0,5315621.0
9008,552586.0,5315809.5
9009,552407.7,5315724.5
9010,552351.75,5315885.0
9011,552139.7,5315827.0
9012,551970.1,5315762.5
9013,551954.6,5315925.0
9014,551745.56,5315919.0
9015,551640.2,5316066.0
9016,551541.5,5316214.0
9017,551377.1,5316242.5
9018,551216.06,5316285.0
9019,551058.25,5316337.5
9020,550901.8,5316394.5
9021,550745.1,5316454.5
9022,550584.06,5316518.0
9023,550413.0,5316600.0
9024,550236.56,5316659.0
9025,550077.9,5316731.5
9026,549928.7,5316783.5
9027,549995.25,5316918.5
9028,549846.2,5317034.5
9029,549716.94,5317148.5
9030,549530.94,5317120.5
9031,549415.5,5317265.5
9032,549220.8,5317248.0
9033,549002.44,5317245.0
9034,548774.44,5317271.0
9035,548568.25,5317220.0
9036,548367.9,5317263.5
9037,548141.44,5317273.0
9038,547903.9,5317298.0
9039,547658.94,5317374.0
9040,547446.0,5317226.0
9041,547233.4,5317158.0
9042,547210.75,5316979.5
9043,547251.0,5316795.0
9044,547059.0,5316678.5
9045,547050.3,5316491.0
9046,546919.25,5316315.5
9047,546986.0,5316127.5
9048,547099.75,5315962.0
9049,534515.44,5321165.5
9050,534901.2,5321127.5
9051,535355.4,5320993.0
9052,535651.0,5321314.0
9053,535918.5,5321477.5
9054,535917.75,5321695.5
9055,536072.0,5321795.5
9056,536202.56,5321947.0
9057,536321.75,5322131.0
9058,536266.6,5322323.5
9059,540089.5,5324161.5
9060,540188.2,5323989.0
9061,540367.3,5324065.5
9062,540479.94,5323900.5
9063,540732.75,5323954.5
9064,540963.1,5323880.0
9065,541224.8,5323865.0
9066,541568.2,5323864.5
9067,541887.7,5323766.5
9068,542147.1,5323979.0
9069,542421.1,5323822.5
9070,542685.8,5324055.5
9071,542957.75,5324285.5
9072,543217.25,5324518.0
9073,543481.44,5324742.0
9074,543741.5,5324975.0
9075,543778.6,5325366.0
9076,543855.0,5325716.5
9077,544039.2,5325972.5
9078,544030.7,5326238.5
9079,543974.75,5326513.0
9080,543758.1,5326637.5
9081,543783.8,5341750.5
9082,543757.5,5341507.5
9083,543962.75,5341358.5
9084,544044.56,5341178.5
9085,544102.56,5341034.0
9086,544056.7,5340875.0
9087,544188.9,5340784.5
9088,544324.94,5340683.0
9089,544339.8,5340528.0
9090,544490.2,5340477.0
9091,544576.75,5340348.0
9092,544699.8,5340407.0
9093,544718.9,5340278.0
9094,544855.75,5340235.5
9095,544986.3,5340167.0
9096,545116.9,5340105.5
9097,545243.4,5340030.0
9098,545363.56,5339951.5
9099,545464.56,5340033.5
9100,545576.44,5339956.0
9101,545668.75,5339872.5
9102,545767.2,5339912.5
9103,545880.3,5339835.0
9104,545983.9,5339835.0
9105,546104.56,5339895.0
9106,546223.56,5339866.0
9107,546323.5,5339925.0
9108,546428.44,5339972.5
9109,546553.7,5339902.5
9110,546680.25,5339853.5
9111,546736.94,5339745.0
9112,546852.8,5339702.5
9113,546959.1,5339664.5
9114,547031.3,5339760.5
9115,547094.94,5339880.5
9116,547489.56,5341972.5
9117,547443.9,5342025.5
9118,547312.75,5356024.0
9119,547552.3,5356119.0
9120,546541.1,5359526.0
9121,546565.2,5359646.5
9122,555054.0,5311895.5
9123,555196.56,5312075.0
9124,555283.75,5312226.5
9125,555321.9,5312356.5
9126,555445.56,5312484.5
9127,555352.5,5312661.5
9128,555225.7,5312829.5
9129,555098.4,5313013.5
9130,555015.06,5313217.0
9131,554898.25,5313403.0
9132,554715.6,5313405.0
9133,554761.3,5313587.0
9134,554621.0,5313745.0
9135,554495.4,5313918.5
9136,554288.3,5313880.5
9137,554168.8,5314055.5
9138,554048.3,5314235.5
9139,553930.44,5314417.0
9140,553816.94,5314601.0
9141,553606.25,5314594.5
9142,553498.0,5314782.5
9143,553394.5,5314971.0
9144,553168.44,5315007.5
9145,553074.9,5315199.0
9146,552985.56,5315389.0
9147,552900.94,5315578.0
9148,552815.75,5315764.0
9149,552741.2,5315940.5
9150,552530.75,5315993.0
9151,552334.7,5316061.5
9152,552159.3,5315987.5
9153,551994.3,5316087.0
9154,551819.7,5316066.0
9155,551708.75,5316204.5
9156,551624.3,5316339.5
9157,551465.25,5316359.5
9158,551310.8,5316396.0
9159,551160.2,5316443.5
9160,551011.9,5316496.5
9161,550864.5,5316552.5
9162,550717.1,5316609.5
9163,550572.7,5316669.0
9164,550455.56,5316744.0
9165,550320.25,5316774.5
9166,550168.3,5316841.5
9167,550145.1,5316997.0
9168,550009.8,5317078.5
9169,549884.6,5317179.0
9170,549770.94,5317291.0
9171,549602.7,5317274.5
9172,549500.8,5317407.5
9173,549312.0,5317435.5
9174,549124.4,5317409.0
9175,548929.4,5317442.0
9176,548769.3,5317497.5
9177,548567.2,5317446.0
9178,548334.5,5317499.0
9179,548105.7,5317523.0
9180,547870.06,5317564.0
9181,547627.06,5317644.0
9182,547416.56,5317470.5
9183,547207.44,5317368.0
9184,547019.44,5317275.0
9185,547032.94,5317077.5
9186,547042.4,5316875.5
9187,546865.6,5316710.5
9188,546868.0,5316509.5
9189,534542.0,5320772.0
9190,534970.56,5320787.5
9191,535302.5,5320563.5
9192,535685.5,5320665.5
9193,535782.4,5320996.0
9194,535981.9,5321222.0
9195,536177.8,5321340.5
9196,536121.44,5321573.5
9197,536252.5,5321747.0
9198,536376.44,5321939.0
9199,540289.25,5323818.0
9200,540391.5,5323648.0
9201,540592.56,5323720.0
9202,540795.8,5323729.5
9203,541012.06,5323706.5
9204,541196.25,5323668.5
9205,541415.44,5323672.5
9206,541664.94,5323572.0
9207,541918.44,5323386.5
9208,542174.44,5323612.5
9209,542490.1,5323483.0
9210,542738.6,5323708.0
9211,542996.25,5323930.5
9212,543255.0,5324154.5
9213,543509.3,5324377.5
9214,543763.5,5324599.5
9215,544019.7,5324828.5
9216,544019.25,5325180.5
9217,544082.5,5325512.0
9218,544193.5,5325796.5
9219,544240.2,5326093.0
9220,544186.44,5326381.0
9221,543510.8,5341643.0
9222,543546.44,5341400.5
9223,543754.6,5341290.5
9224,543867.44,5341147.5
9225,543948.5,5340994.0
9226,543903.06,5340799.0
9227,544037.8,5340707.5
9228,544183.06,5340623.5
9229,544181.94,5340477.5
9230,544214.8,5340359.5
9231,544351.3,5340381.0
9232,544441.3,5340381.0
9233,544493.75,5340225.0
9234,544626.7,5340177.5
9235,544763.44,5340129.0
9236,544884.56,5340094.5
9237,544993.4,5340021.5
9238,545120.6,5339959.5
9239,545244.7,5339879.5
9240,545369.56,5339804.5
9241,545478.75,5339879.5
9242,545578.9,5339802.5
9243,545681.44,5339724.5
9244,545779.1,5339790.0
9245,545912.4,5339711.5
9246,546055.94,5339670.0
9247,546143.2,5339764.0
9248,546255.5,5339748.5
9249,546344.1,5339798.0
9250,546454.56,5339832.0
9251,546598.3,5339770.0
9252,546672.9,5339664.0
9253,546779.2,5339617.0
9254,546893.9,5339577.0
9255,547012.06,5339548.0
9256,547054.1,5339640.0
9257,547138.9,5339693.5
9258,547133.8,5339792.0
9259,547533.8,5342084.5
9260,547493.44,5342135.0
9261,547405.1,5356198.0
9262,547628.2,5356306.5
9263,546713.0,5359476.0
9264,546769.0,5359626.5
9265,555251.3,5311926.5
9266,555398.56,5312101.0
9267,555474.8,5312269.5
9268,555587.1,5312378.0
9269,555632.06,5312503.5
9270,555584.7,5312679.5
9271,555443.1,5312851.5
9272,555300.44,5312991.5
9273,555258.6,5313160.5
9274,555234.8,5313317.0
9275,555105.2,5313444.0
9276,554976.3,5313610.0
9277,554840.5,5313780.0
9278,554707.94,5313947.5
9279,554580.94,5314121.0
9280,554372.0,5314095.0
9281,554249.25,5314272.5
9282,554130.2,5314453.0
9283,554014.6,5314634.5
9284,553903.4,5314817.0
9285,553707.4,5314788.0
9286,553601.44,5314973.5
9287,553500.6,5315160.0
9288,553296.06,5315160.5
9289,553203.1,5315348.5
9290,553114.0,5315535.5
9291,553028.6,5315721.0
9292,552948.4,5315903.5
9293,552873.2,5316081.0
9294,552678.56,5316112.0
9295,552488.75,5316161.5
9296,552315.3,5316226.0
9297,552164.3,5316144.5
9298,552025.1,5316225.0
9299,551874.6,5316215.5
9300,551790.0,5316340.5
9301,551700.44,5316460.0
9302,551549.2,5316472.0
9303,551401.56,5316501.5
9304,551257.5,5316545.0
9305,551116.75,5316595.0
9306,550977.25,5316647.0
9307,550837.9,5316700.5
9308,550700.2,5316756.0
9309,550568.1,5316817.0
9310,550428.3,5316875.5
9311,550288.06,5316930.0
9312,550284.56,5317068.0
9313,550156.6,5317136.5
9314,550034.25,5317218.0
9315,549921.94,5317316.0
9316,549821.8,5317427.0
9317,549669.4,5317413.5
9318,549580.75,5317542.5
9319,549434.06,5317541.5
9320,549326.44,5317650.0
9321,549189.6,5317589.0
9322,549032.94,5317566.0
9323,548876.2,5317694.5
9324,548683.7,5317649.0
9325,548503.94,5317683.0
9326,548290.0,5317732.0
9327,548068.9,5317769.5
9328,547834.56,5317826.0
9329,547577.4,5317921.0
9330,547388.1,5317704.0
9331,547177.94,5317579.5
9332,546987.25,5317474.5
9333,546826.3,5317310.5
9334,546853.06,5317112.0
9335,546861.25,5316911.5
9336,534902.2,5320446.5
9337,534547.75,5320377.0
9338,535246.3,5320179.5
9339,535620.2,5320279.5
9340,535909.6,5320403.5
9341,536001.9,5320593.5
9342,535999.1,5320797.5
9343,536062.06,5321005.0
9344,536219.7,5321105.0
9345,536376.2,5321187.0
9346,536364.06,5321375.0
9347,536301.7,5321548.0
9348,536428.6,5321746.0
9349,540495.3,5323478.5
9350,540682.75,5323528.0
9351,540877.44,5323538.0
9352,541073.8,5323523.5
9353,541267.94,5323528.0
9354,541439.1,5323444.0
9355,541617.2,5323293.5
9356,541758.94,5323079.0
9357,542047.8,5323082.5
9358,542249.06,5323278.0
9359,542571.6,5323141.5
9360,542808.25,5323365.0
9361,543051.75,5323590.0
9362,543297.2,5323804.0
9363,543546.44,5324023.5
9364,543794.7,5324242.5
9365,544037.06,5324458.0
9366,544275.6,5324665.5
9367,544294.4,5325018.0
9368,544288.25,5325334.5
9369,544401.9,5325621.0
9370,544445.1,5325929.0
9371,544390.5,5326237.0
9372,543313.6,5341440.0
9373,543214.06,5341661.0
9374,543375.1,5341225.0
9375,543579.7,5341213.0
9376,543687.7,5341084.5
9377,543791.1,5340937.0
9378,543734.6,5340757.0
9379,543877.56,5340629.5
9380,544027.8,5340547.5
9381,544053.0,5340386.5
9382,544112.9,5340219.5
9383,544258.0,5340164.0
9384,544355.3,5340264.5
9385,544403.56,5340115.5
9386,544543.2,5340068.0
9387,544682.44,5340021.0
9388,544834.2,5339972.0
9389,544973.5,5339896.5
9390,545103.4,5339831.5
9391,545229.3,5339752.0
9392,545347.25,5339675.5
9393,545482.4,5339729.5
9394,545589.8,5339649.5
9395,545712.5,5339571.0
9396,545795.94,5339667.0
9397,545869.06,5339569.0
9398,545970.0,5339589.5
9399,546054.44,5339516.0
9400,546122.25,5339576.5
9401,546202.5,5339632.0
9402,546320.2,5339654.5
9403,546413.3,5339695.5
9404,546503.9,5339716.0
9405,546577.1,5339634.0
9406,546679.2,5339548.5
9407,546798.5,5339489.5
9408,546938.2,5339476.0
9409,547063.56,5339446.5
9410,547122.3,5339558.0
9411,547196.25,5339612.5
9412,547581.4,5342195.0
9413,547551.2,5342253.5
9414,547462.6,5356385.5
9415,547668.5,5356505.5
9416,546834.0,5359432.0
9417,547003.0,5359530.5
9418,547060.2,5359739.0
9419,546845.0,5359811.5
9420,555450.6,5311938.5
9421,555615.56,5312100.5
9422,555673.2,5312265.5
9423,555768.9,5312416.5
9424,555800.1,5312577.0
9425,555792.06,5312768.0
9426,555633.75,5312907.5
9427,555470.9,5313066.0
9428,555467.7,5313283.5
9429,555340.9,5313470.0
9430,555201.4,5313629.0
9431,555065.25,5313794.0
9432,554931.8,5313960.5
9433,554802.25,5314129.5
9434,554677.56,5314301.5
9435,554457.25,5314296.0
9436,554337.3,5314474.0
9437,554220.75,5314653.0
9438,554107.8,5314833.0
9439,553998.5,5315014.5
9440,553796.25,5315001.0
9441,553692.6,5315185.5
9442,553594.2,5315370.5
9443,553404.1,5315347.0
9444,553311.7,5315532.5
9445,553223.25,5315717.5
9446,553138.56,5315900.5
9447,553057.56,5316081.0
9448,552979.75,5316258.5
9449,552803.25,5316255.0
9450,552625.06,5316281.5
9451,552456.9,5316328.5
9452,552295.3,5316382.0
9453,552152.06,5316299.0
9454,551972.44,5316360.0
9455,551856.6,5316469.0
9456,551763.2,5316574.0
9457,551623.75,5316581.5
9458,551484.3,5316603.5
9459,551346.6,5316641.0
9460,551210.4,5316691.5
9461,551076.75,5316741.5
9462,550942.2,5316791.0
9463,550810.3,5316843.0
9464,550680.1,5316897.5
9465,550548.1,5316953.0
9466,550415.44,5317008.5
9467,550405.56,5317139.5
9468,550283.56,5317200.0
9469,550164.44,5317269.5
9470,550053.4,5317353.0
9471,549954.4,5317452.0
9472,549867.6,5317563.0
9473,549732.3,5317547.0
9474,549644.75,5317668.5
9475,549484.0,5317675.0
9476,549384.9,5317817.0
9477,549208.1,5317797.5
9478,549068.4,5317709.0
9479,549030.5,5317859.0
9480,548869.06,5317898.0
9481,548681.8,5317855.0
9482,548460.0,5317893.5
9483,548243.5,5317964.0
9484,548035.75,5318014.5
9485,547801.4,5318078.5
9486,547574.06,5318206.5
9487,547352.3,5318098.0
9488,547326.7,5317897.5
9489,547144.94,5317786.0
9490,546959.44,5317673.5
9491,546786.75,5317507.5
9492,534882.75,5320064.0
9493,534550.94,5319982.5
9494,535184.06,5319806.0
9495,535530.56,5319919.0
9496,535827.56,5319978.5
9497,535906.7,5320184.0
9498,536099.4,5320270.0
9499,536156.8,5320465.0
9500,536204.56,5320675.0
9501,536229.2,5320880.5
9502,536411.6,5320965.5
9503,536560.0,5321161.5
9504,536522.7,5321357.5
9505,536479.25,5321552.5
9506,540599.94,5323309.5
9507,540785.06,5323347.5
9508,540982.25,5323359.0
9509,541196.94,5323374.5
9510,541332.06,5323259.0
9511,541415.3,5323164.0
9512,541491.9,5323065.5
9513,541521.0,5322920.5
9514,541622.7,5322849.5
9515,541770.4,5322800.5
9516,541923.2,5322892.0
9517,542134.0,5322804.5
9518,542344.44,5322958.0
9519,542666.4,5322798.0
9520,542900.75,5323034.5
9521,543139.1,5323264.5
9522,543372.56,5323482.0
9523,543617.75,5323700.0
9524,543860.56,5323916.0
9525,544098.3,5324130.0
9526,544331.06,5324338.0
9527,544555.8,5324529.0
9528,544492.8,5324803.0
9529,544615.2,5324999.0
9530,544498.6,5325195.5
9531,544538.4,5325400.0
9532,544715.75,5325516.0
9533,544617.94,5325739.5
9534,544738.44,5325885.5
9535,544588.25,5326085.0
9536,543075.3,5341465.5
9537,543163.6,5341234.0
9538,542926.1,5341741.0
9539,543254.75,5341004.5
9540,543471.06,5341049.5
9541,543602.5,5340904.5
9542,543557.25,5340712.5
9543,543720.1,5340590.0
9544,543882.4,5340458.5
9545,543960.0,5340277.5
9546,543987.25,5340139.0
9547,544114.75,5340073.5
9548,544259.7,5340024.0
9549,544402.6,5339978.0
9550,544545.5,5339931.5
9551,544689.3,5339883.5
9552,544828.94,5339830.5
9553,544961.06,5339767.0
9554,545091.56,5339698.5
9555,545214.1,5339614.0
9556,545332.2,5339526.0
9557,545459.9,5339591.5
9558,545574.5,5339509.5
9559,545686.06,5339428.5
9560,545816.94,5339465.0
9561,545964.6,5339449.0
9562,546095.9,5339386.5
9563,546171.2,5339483.5
9564,546278.9,5339519.0
9565,546381.6,5339553.5
9566,546477.94,5339594.5
9567,546567.9,5339512.0
9568,546675.0,5339433.5
9569,546769.25,5339361.5
9570,546871.06,5339402.0
9571,546975.06,5339376.0
9572,547074.5,5339329.5
9573,547163.6,5339371.5
9574,547163.75,5339467.5
9575,547249.56,5339529.0
9576,547626.6,5342306.5
9577,547579.3,5342353.5
9578,547490.1,5356580.5
9579,547687.56,5356707.5
9580,546931.8,5359372.0
9581,547154.25,5359395.5
9582,547110.44,5359887.0
9583,546903.7,5359968.0
9584,555650.3,5311936.5
9585,555846.4,5311973.5
9586,555823.5,5312154.0
9587,555849.75,5312314.5
9588,555986.3,5312463.0
9589,555988.9,5312661.0
9590,555970.2,5312854.5
9591,555811.7,5312982.5
9592,555653.4,5313130.0
9593,555684.9,5313341.0
9594,555548.5,5313498.0
9595,555414.25,5313663.5
9596,555277.44,5313823.5
9597,555143.3,5313986.5
9598,555012.75,5314152.5
9599,554886.7,5314321.5
9600,554764.8,5314493.0
9601,554555.9,5314476.5
9602,554438.75,5314652.5
9603,554324.1,5314830.0
9604,554213.2,5315009.0
9605,554105.75,5315189.0
9606,553893.5,5315196.5
9607,553792.6,5315380.0
9608,553695.4,5315563.5
9609,553499.8,5315555.0
9610,553408.1,5315739.0
9611,553320.44,5315921.5
9612,553235.6,5316102.5
9613,553153.44,5316281.0
9614,553073.6,5316456.5
9615,552905.9,5316433.0
9616,552740.56,5316428.5
9617,552580.2,5316454.0
9618,552424.7,5316489.0
9619,552272.94,5316525.5
9620,552134.9,5316440.0
9621,552005.25,5316513.0
9622,551902.8,5316598.5
9623,551813.2,5316676.5
9624,551695.1,5316687.0
9625,551564.3,5316701.5
9626,551433.7,5316731.0
9627,551303.2,5316774.0
9628,551168.06,5316837.0
9629,551029.5,5316879.5
9630,550902.25,5316929.5
9631,550778.06,5316981.0
9632,550653.9,5317032.5
9633,550529.3,5317084.5
9634,550515.44,5317210.0
9635,550399.7,5317263.5
9636,550284.6,5317323.5
9637,550175.06,5317393.0
9638,550076.9,5317478.0
9639,549991.56,5317578.0
9640,549916.6,5317689.0
9641,549788.1,5317680.5
9642,549706.0,5317793.5
9643,549557.3,5317788.5
9644,549498.2,5317905.5
9645,549401.94,5317998.0
9646,549284.7,5317946.0
9647,549150.5,5317989.5
9648,548983.75,5318031.0
9649,548779.75,5318061.0
9650,548576.1,5318057.5
9651,548384.94,5318087.5
9652,548200.94,5318228.0
9653,547989.44,5318233.0
9654,547794.25,5318333.0
9655,547575.0,5318492.0
9656,547346.25,5318330.0
9657,547126.7,5318206.5
9658,547127.7,5317999.0
9659,546940.5,5317876.0
9660,546766.5,5317707.5
9661,534843.7,5319676.5
9662,534528.4,5319588.5
9663,535110.9,5319472.0
9664,535430.2,5319582.5
9665,535772.94,5319698.5
9666,536044.8,5319820.0
9667,536047.44,5320053.5
9668,536234.94,5320160.5
9669,536305.06,5320347.5
9670,536359.5,5320541.0
9671,536394.25,5320744.0
9672,536576.25,5320763.0
9673,536573.4,5320962.0
9674,540703.7,5323140.5
9675,540894.5,5323175.5
9676,541104.44,5323201.5
9677,541236.3,5323054.0
9678,541328.4,5322885.5
9679,541440.44,5322714.0
9680,541618.44,5322683.5
9681,541759.9,5322585.5
9682,541943.7,5322677.0
9683,542141.9,5322567.0
9684,542372.56,5322677.0
9685,542573.94,5322512.5
9686,542855.44,5322516.5
9687,543030.3,5322735.5
9688,543255.7,5322959.0
9689,543494.06,5323191.5
9690,543737.0,5323414.0
9691,543972.25,5323628.0
9692,544200.94,5323835.0
9693,544423.44,5324039.0
9694,544641.9,5324239.5
9695,544848.94,5324450.5
9696,544729.25,5324739.5
9697,544863.0,5324975.5
9698,544746.25,5325225.5
9699,544918.75,5325343.0
9700,545018.9,5325478.5
9701,544858.6,5325667.0
9702,542878.2,5341466.5
9703,542956.8,5341240.5
9704,543059.6,5341056.0
9705,542720.7,5341652.5
9706,542725.56,5341938.0
9707,543046.94,5340866.0
9708,543213.1,5340770.0
9709,543406.7,5340848.0
9710,543370.5,5340626.5
9711,543546.06,5340523.5
9712,543707.7,5340434.0
9713,543828.7,5340320.0
9714,543823.25,5340154.5
9715,543926.2,5340003.0
9716,544096.56,5339940.0
9717,544242.6,5339885.0
9718,544385.5,5339840.5
9719,544534.2,5339796.5
9720,544680.7,5339746.0
9721,544817.94,5339695.0
9722,544952.7,5339630.0
9723,545083.25,5339548.5
9724,545205.8,5339459.5
9725,545331.3,5339371.5
9726,545450.94,5339441.0
9727,545573.1,5339361.5
9728,545673.0,5339272.0
9729,545780.75,5339332.5
9730,545897.3,5339362.0
9731,546015.1,5339295.0
9732,546171.0,5339282.5
9733,546234.44,5339386.5
9734,546350.56,5339418.0
9735,546459.75,5339462.5
9736,546561.2,5339385.5
9737,546664.3,5339309.5
9738,546777.7,5339245.0
9739,546876.2,5339300.0
9740,546982.2,5339264.0
9741,547075.44,5339215.0
9742,547168.44,5339267.0
9743,547262.94,5339330.5
9744,547254.9,5339430.0
9745,547654.6,5342423.5
9746,547599.8,5342473.5
9747,547505.94,5356776.5
9748,547693.0,5356910.0
9749,547077.3,5359240.5
9750,547293.4,5359248.5
9751,546951.2,5360130.0
9752,547174.75,5360082.5
9753,556024.1,5312064.5
9754,556004.4,5312253.0
9755,556164.3,5312370.0
9756,556202.6,5312590.0
9757,556167.56,5312776.5
9758,556115.9,5312943.0
9759,555978.06,5313057.5
9760,555834.9,5313193.5
9761,555872.7,5313405.5
9762,555738.0,5313560.0
9763,555603.94,5313717.5
9764,555468.9,5313877.0
9765,555334.75,5314037.0
9766,555203.7,5314199.5
9767,555077.06,5314365.5
9768,554954.94,5314535.0
9769,554836.44,5314706.5
9770,554646.44,5314667.0
9771,554531.1,5314842.0
9772,554418.75,5315018.5
9773,554309.7,5315196.0
9774,554204.56,5315375.5
9775,554002.1,5315370.0
9776,553903.4,5315552.0
9777,553807.06,5315734.0
9778,553601.94,5315746.0
9779,553511.4,5315928.5
9780,553423.44,5316109.5
9781,553337.94,5316289.0
9782,553254.3,5316466.0
9783,553172.4,5316640.0
9784,552996.25,5316629.5
9785,552835.7,5316606.5
9786,552682.06,5316604.0
9787,552531.4,5316620.0
9788,552385.94,5316638.5
9789,552256.5,5316656.5
9790,552140.3,5316588.0
9791,552033.5,5316659.0
9792,551919.6,5316724.5
9793,551789.25,5316785.0
9794,551647.75,5316793.5
9795,551520.56,5316816.5
9796,551400.56,5316851.0
9797,551286.75,5316894.0
9798,551195.8,5316951.0
9799,551094.4,5316970.0
9800,550980.56,5317014.0
9801,550865.06,5317061.5
9802,550748.94,5317110.0
9803,550632.3,5317159.0
9804,550626.44,5317273.5
9805,550517.3,5317324.0
9806,550407.6,5317375.0
9807,550299.06,5317430.0
9808,550200.0,5317495.5
9809,550114.56,5317580.0
9810,550046.0,5317677.0
9811,549984.25,5317782.0
9812,549844.2,5317813.5
9813,549748.1,5317922.5
9814,549625.4,5317908.0
9815,549542.25,5318025.0
9816,549447.5,5318131.5
9817,549280.5,5318115.0
9818,549113.5,5318154.5
9819,548942.3,5318188.5
9820,548787.8,5318238.0
9821,548621.1,5318231.0
9822,548421.94,5318256.5
9823,548273.44,5318445.5
9824,548038.6,5318460.5
9825,547815.06,5318549.0
9826,547711.56,5318752.0
9827,547495.4,5318762.5
9828,547331.7,5318558.5
9829,547120.2,5318417.0
9830,546920.6,5318280.5
9831,546927.4,5318079.0
9832,546750.2,5317908.0
9833,534838.9,5319259.5
9834,534463.94,5319200.0
9835,535268.0,5319218.0
9836,535631.6,5319401.0
9837,535914.2,5319454.0
9838,536018.44,5319617.0
9839,536205.8,5319629.0
9840,536276.4,5319816.0
9841,536184.1,5319973.0
9842,536345.5,5320003.5
9843,536421.75,5320188.5
9844,536501.1,5320372.0
9845,536545.25,5320565.5
9846,540806.6,5322970.5
9847,541010.4,5323015.0
9848,541125.3,5322861.0
9849,541236.7,5322693.0
9850,541333.06,5322524.0
9851,541551.1,5322510.5
9852,541746.1,5322398.0
9853,541939.9,5322477.5
9854,542124.8,5322360.0
9855,542333.6,5322433.5
9856,542503.4,5322281.0
9857,542716.1,5322329.0
9858,542945.4,5322246.0
9859,543156.7,5322446.0
9860,543373.25,5322652.5
9861,543606.7,5322886.5
9862,543864.94,5323122.5
9863,544105.8,5323344.0
9864,544326.6,5323552.0
9865,544537.2,5323750.0
9866,544741.4,5323947.5
9867,544943.4,5324147.0
9868,545150.5,5324332.0
9869,545080.94,5324540.5
9870,544946.44,5324728.5
9871,545097.6,5324920.0
9872,545018.94,5325144.0
9873,545175.5,5325286.0
9874,542671.4,5341439.0
9875,542759.7,5341247.5
9876,542862.56,5341010.5
9877,542543.5,5341800.0
9878,542452.3,5341582.0
9879,542475.8,5342033.0
9880,542682.8,5342232.5
9881,542855.94,5340786.0
9882,542989.6,5340667.5
9883,543141.8,5340583.0
9884,543252.4,5340473.5
9885,543398.8,5340394.0
9886,543560.44,5340333.0
9887,543703.1,5340278.5
9888,543637.06,5340151.0
9889,543741.5,5340003.0
9890,543809.94,5339870.0
9891,543960.4,5339863.5
9892,544088.06,5339798.0
9893,544242.4,5339732.0
9894,544406.25,5339693.5
9895,544550.7,5339664.5
9896,544674.5,5339604.0
9897,544812.7,5339553.5
9898,544948.7,5339474.0
9899,545077.7,5339388.0
9900,545207.8,5339305.5
9901,545344.0,5339224.0
9902,545461.06,5339294.0
9903,545562.44,5339203.5
9904,545661.5,5339110.0
9905,545773.06,5339176.0
9906,545881.9,5339239.0
9907,545975.94,5339168.0
9908,546094.06,5339176.0
9909,546229.6,5339179.0
9910,546320.7,5339286.0
9911,546444.5,5339331.0
9912,546557.3,5339260.5
9913,546676.9,5339198.0
9914,546791.4,5339137.5
9915,546893.75,5339190.0
9916,546991.5,5339143.5
9917,547076.5,5339099.0
9918,547163.44,5339163.0
9919,547262.75,5339231.0
9920,547681.5,5342524.5
9921,547641.0,5342586.5
9922,547497.06,5356973.5
9923,547684.2,5357113.0
9924,547184.8,5359076.0
9925,547378.75,5359066.5
9926,546987.5,5360309.0
9927,547199.9,5360289.5
9928,556194.4,5312169.0
9929,556357.44,5312284.5
9930,556331.06,5312461.5
9931,556459.44,5312595.5
9932,556373.6,5312747.5
9933,556283.6,5312947.0
9934,556153.25,5313113.0
9935,556011.94,5313257.0
9936,556054.25,5313467.0
9937,555920.25,5313622.5
9938,555787.2,5313779.0
9939,555653.56,5313936.0
9940,555520.06,5314093.0
9941,555388.7,5314252.5
9942,555261.6,5314415.5
9943,555139.5,5314582.0
9944,555021.3,5314751.0
9945,554906.06,5314922.0
9946,554721.1,5314879.5
9947,554608.1,5315053.5
9948,554498.25,5315229.0
9949,554391.9,5315406.5
9950,554289.6,5315585.0
9951,554103.3,5315556.0
9952,554005.5,5315736.5
9953,553910.44,5315918.0
9954,553713.56,5315916.0
9955,553623.4,5316097.0
9956,553534.75,5316277.0
9957,553448.1,5316455.5
9958,553362.75,5316631.5
9959,553278.25,5316805.5
9960,553091.06,5316811.0
9961,552918.44,5316802.0
9962,552764.6,5316779.5
9963,552614.2,5316768.5
9964,552467.6,5316772.0
9965,552324.8,5316773.5
9966,552169.06,5316748.0
9967,552038.2,5316787.0
9968,551919.44,5316834.5
9969,551826.5,5316895.0
9970,551712.0,5316882.0
9971,551594.4,5316899.5
9972,551482.25,5316930.0
9973,551374.4,5316968.0
9974,551272.3,5317013.0
9975,551166.06,5317055.0
9976,551060.2,5317092.0
9977,550952.9,5317135.5
9978,550844.7,5317181.0
9979,550735.8,5317226.5
9980,550740.06,5317330.5
9981,550636.1,5317376.0
9982,550526.7,5317432.0
9983,550410.44,5317478.0
9984,550312.8,5317528.0
9985,550225.25,5317578.0
9986,550171.3,5317657.5
9987,550112.6,5317751.0
9988,550067.2,5317857.5
9989,549940.7,5317889.0
9990,549846.9,5317960.5
9991,549774.7,5318062.0
9992,549670.06,5318035.0
9993,549593.6,5318143.5
9994,549515.8,5318244.0
9995,549365.7,5318246.5
9996,549219.0,5318274.5
9997,549057.2,5318310.0
9998,548876.9,5318367.0
9999,548679.2,5318391.5
10000,548486.25,5318421.0
10001,548365.5,5318617.5
10002,548158.44,5318660.0
10003,547944.8,5318716.0
10004,547827.8,5318958.5
10005,547591.7,5319012.5
10006,547349.5,5319003.5
10007,547287.6,5318765.0
10008,547110.8,5318625.0
10009,546918.56,5318481.5
10010,546729.25,5318309.0
10011,546737.0,5318108.5
10012,534716.75,5318905.0
10013,535061.5,5318956.0
10014,534349.3,5318822.5
10015,535376.06,5318903.5
10016,535562.1,5319112.0
10017,535831.9,5319240.0
10018,536061.06,5319256.5
10019,536132.5,5319443.0
10020,540922.56,5322810.5
10021,541056.94,5322664.5
10022,541137.5,5322487.0
10023,541223.0,5322314.5
10024,541410.2,5322369.0
10025,541570.06,5322297.0
10026,541746.56,5322206.5
10027,541932.6,5322290.0
10028,542108.44,5322167.5
10029,542299.6,5322223.5
10030,542471.5,5322077.0
10031,542683.56,5322139.0
10032,542836.7,5322034.5
10033,543040.6,5322019.0
10034,543209.8,5322190.0
10035,543466.3,5322325.0
10036,543692.6,5322559.5
10037,543939.3,5322800.5
10038,544234.4,5323031.5
10039,544466.0,5323271.0
10040,544673.7,5323469.0
10041,544865.56,5323666.5
10042,545055.6,5323860.5
10043,545242.94,5324062.5
10044,545426.06,5324283.0
10045,545356.94,5324570.0
10046,545157.44,5324706.5
10047,545308.5,5324815.0
10048,545273.3,5325062.5
10049,542510.1,5341298.0
10050,542667.6,5341080.5
10051,542666.3,5340837.5
10052,542307.56,5341824.0
10053,542142.06,5341651.0
10054,542263.56,5341436.5
10055,542337.2,5342251.0
10056,542216.56,5342041.0
10057,542515.44,5342453.5
10058,542766.9,5340584.5
10059,542932.44,5340476.0
10060,543078.1,5340417.0
10061,543190.2,5340317.5
10062,543308.44,5340233.0
10063,543461.44,5340181.0
10064,543563.75,5340012.0
10065,543629.56,5339876.0
10066,543732.44,5339770.0
10067,543903.94,5339732.5
10068,544060.6,5339662.0
10069,544189.7,5339590.0
10070,544333.0,5339571.0
10071,544501.94,5339534.5
10072,544662.25,5339468.0
10073,544805.7,5339406.0
10074,544938.75,5339313.5
10075,545070.94,5339227.0
10076,545211.75,5339144.0
10077,545336.0,5339052.0
10078,545454.4,5339127.0
10079,545559.7,5339031.0
10080,545669.8,5338937.0
10081,545765.3,5339019.5
10082,545886.6,5339078.0
10083,546028.5,5339034.5
10084,546158.9,5339067.5
10085,546284.6,5339068.0
10086,546337.06,5339174.5
10087,546445.1,5339204.0
10088,546573.6,5339149.5
10089,546687.3,5339085.5
10090,546783.75,5339019.0
10091,546890.06,5339078.0
10092,546981.8,5339033.0
10093,547070.5,5338995.5
10094,547163.3,5339060.5
10095,547252.7,5339132.0
10096,547747.1,5342639.0
10097,547703.0,5342685.5
10098,547465.3,5357168.0
10099,547639.7,5357311.0
10100,547226.2,5358886.0
10101,547383.06,5358864.5
10102,547183.1,5360496.0
10103,547001.56,5360479.5
10104,556515.5,5312406.5
10105,556666.06,5312537.5
10106,556612.6,5312736.0
10107,556510.8,5312859.0
10108,556407.6,5312888.5
10109,556457.94,5313024.5
10110,556325.44,5313158.0
10111,556190.7,5313314.5
10112,556239.0,5313519.0
10113,556102.9,5313676.0
10114,555970.5,5313835.0
10115,555839.2,5313991.5
10116,555706.9,5314146.5
10117,555574.6,5314303.0
10118,555447.06,5314462.5
10119,555324.6,5314626.5
10120,555206.6,5314793.0
10121,555091.75,5314961.5
10122,554978.94,5315131.5
10123,554793.2,5315094.0
10124,554682.75,5315267.5
10125,554575.75,5315442.0
10126,554472.7,5315619.0
10127,554373.4,5315797.5
10128,554190.9,5315765.0
10129,554094.5,5315945.0
10130,554000.56,5316125.5
10131,553817.6,5316099.0
10132,553727.0,5316279.0
10133,553637.94,5316458.5
10134,553550.06,5316636.5
10135,553462.75,5316812.5
10136,553375.3,5316986.0
10137,553193.56,5316976.5
10138,553009.06,5316979.0
10139,552832.5,5316978.0
10140,552678.9,5316928.0
10141,552531.8,5316916.0
10142,552396.5,5316912.0
10143,552259.0,5316886.0
10144,552134.3,5316881.0
10145,552022.25,5316901.5
10146,551928.44,5316943.0
10147,551854.1,5316994.0
10148,551754.5,5316970.5
10149,551649.56,5316980.5
10150,551546.9,5317010.0
10151,551445.8,5317045.0
10152,551345.9,5317083.5
10153,551245.0,5317123.5
10154,551143.8,5317163.0
10155,551043.4,5317203.5
10156,550942.75,5317245.5
10157,550841.75,5317287.5
10158,550852.9,5317388.0
10159,550760.3,5317427.0
10160,550667.7,5317466.0
10161,550575.3,5317506.0
10162,550483.56,5317547.0
10163,550392.7,5317589.5
10164,550300.3,5317629.0
10165,550241.5,5317710.5
10166,550192.2,5317798.0
10167,550154.94,5317891.0
10168,550102.2,5317976.0
10169,550012.44,5317950.5
10170,549933.4,5318008.5
10171,549864.7,5318091.5
10172,549811.44,5318191.5
10173,549709.9,5318166.0
10174,549640.5,5318267.0
10175,549563.2,5318362.5
10176,549445.7,5318339.5
10177,549317.1,5318392.0
10178,549165.0,5318421.5
10179,549016.25,5318460.5
10180,548881.4,5318522.0
10181,548735.3,5318534.0
10182,548558.06,5318575.0
10183,548452.6,5318773.0
10184,548259.25,5318830.5
10185,548052.5,5318894.5
10186,547958.94,5319133.5
10187,547729.0,5319216.5
10188,547480.1,5319288.5
10189,547261.94,5319210.5
10190,547109.06,5319045.5
10191,547116.2,5318844.0
10192,546921.3,5318685.5
10193,546733.1,5318510.0
10194,534508.44,5318647.5
10195,534733.5,5318638.5
10196,534951.75,5318696.5
10197,535182.0,5318718.5
10198,535376.56,5318691.0
10199,535580.0,5318716.5
10200,535666.8,5318885.0
10201,535793.44,5319043.5
10202,535992.9,5319068.5
10203,541374.06,5322185.5
10204,541552.44,5322103.5
10205,541736.1,5322029.0
10206,541924.4,5322106.0
10207,542086.0,5321977.0
10208,542269.4,5322028.5
10209,542418.4,5321890.5
10210,542646.5,5321925.0
10211,542874.94,5321853.0
10212,543087.1,5321819.0
10213,543264.25,5321957.0
10214,543414.75,5322078.5
10215,543606.9,5322076.5
10216,543777.9,5322253.5
10217,543994.2,5322459.0
10218,544227.0,5322672.5
10219,544472.4,5322815.5
10220,544641.4,5323012.5
10221,544838.94,5323198.5
10222,545017.75,5323400.0
10223,545196.25,5323593.5
10224,545367.7,5323793.5
10225,545528.4,5324007.5
10226,542324.3,5341190.5
10227,542494.3,5341029.5
10228,542433.5,5340802.0
10229,542554.75,5340615.0
10230,542028.1,5341889.0
10231,541844.0,5341703.0
10232,541951.7,5341462.0
10233,542129.0,5341296.5
10234,542166.9,5342456.5
10235,542003.75,5342182.0
10236,542326.3,5342681.5
10237,542636.25,5340391.0
10238,542808.7,5340325.5
10239,542979.56,5340274.5
10240,543107.25,5340157.5
10241,543263.9,5340083.0
10242,543407.5,5340011.5
10243,543445.4,5339859.0
10244,543585.4,5339739.5
10245,543757.7,5339634.0
10246,543927.3,5339575.0
10247,544072.25,5339496.0
10248,544223.25,5339439.5
10249,544381.06,5339417.5
10250,544534.5,5339373.0
10251,544669.5,5339336.0
10252,544781.8,5339258.5
10253,544916.9,5339162.0
10254,545054.94,5339069.5
10255,545185.4,5338976.0
10256,545316.6,5338887.0
10257,545452.2,5338950.0
10258,545570.75,5338877.0
10259,545663.56,5338764.5
10260,545784.3,5338845.0
10261,545861.0,5338932.5
10262,545955.44,5338936.0
10263,546053.3,5338863.5
10264,546130.2,5338947.0
10265,546247.5,5338954.0
10266,546379.0,5338970.5
10267,546384.4,5339095.0
10268,546477.75,5339080.0
10269,546587.8,5339028.0
10270,546684.44,5338957.5
10271,546789.1,5338901.5
10272,546883.3,5338967.5
10273,546979.9,5338925.0
10274,547073.9,5338890.5
10275,547160.25,5338962.5
10276,547254.2,5339032.5
10277,547792.75,5342762.0
10278,547862.2,5342722.5
10279,547412.3,5357358.0
10280,547583.56,5357506.0
10281,547345.1,5358667.0
10282,547190.0,5358692.5
10283,547139.0,5360709.0
10284,546968.0,5360678.0
10285,556811.1,5312675.0
10286,556773.1,5312873.0
10287,556625.5,5312944.5
10288,556606.44,5313100.0
10289,556499.1,5313219.0
10290,556374.1,5313365.0
10291,556431.94,5313565.5
10292,556287.5,5313712.0
10293,556154.5,5313871.5
10294,556033.8,5314035.5
10295,555904.4,5314189.5
10296,555768.75,5314342.5
10297,555639.56,5314499.0
10298,555516.06,5314659.0
10299,555398.06,5314823.5
10300,555283.7,5314990.5
10301,555171.3,5315158.5
10302,555060.56,5315327.5
10303,554868.75,5315303.0
10304,554760.5,5315475.0
10305,554656.56,5315650.0
10306,554556.75,5315827.0
10307,554460.0,5316005.0
10308,554276.56,5315976.5
10309,554181.8,5316156.0
10310,554089.0,5316335.5
10311,553908.6,5316305.5
10312,553818.0,5316485.0
10313,553728.5,5316664.0
10314,553639.4,5316841.5
10315,553549.9,5317017.0
10316,553460.0,5317190.5
10317,553288.75,5317158.0
10318,553112.5,5317144.5
10319,552940.9,5317147.0
10320,552804.1,5317164.5
10321,552697.06,5317100.5
10322,552583.5,5317046.5
10323,552454.6,5317075.5
10324,552319.0,5317027.5
10325,552201.06,5316999.0
10326,552093.56,5316997.0
10327,552007.6,5317005.5
10328,551941.5,5317051.5
10329,551860.4,5317082.0
10330,551789.4,5317048.5
10331,551693.06,5317053.0
10332,551599.3,5317089.0
10333,551505.5,5317125.5
10334,551411.25,5317160.5
10335,551317.2,5317195.5
10336,551223.8,5317233.0
10337,551130.8,5317271.0
10338,551038.1,5317310.0
10339,550945.5,5317349.0
10340,550027.9,5318044.0
10341,549952.7,5318110.5
10342,549906.06,5318198.0
10343,549881.5,5318295.0
10344,549753.5,5318283.5
10345,549680.75,5318386.0
10346,549593.2,5318473.5
10347,549461.25,5318452.5
10348,549349.44,5318514.0
10349,549231.6,5318535.0
10350,549096.0,5318574.5
10351,548953.25,5318626.0
10352,548796.5,5318674.5
10353,548632.1,5318719.0
10354,548549.75,5318912.5
10355,548367.44,5318981.0
10356,548170.8,5319055.0
10357,548128.56,5319281.0
10358,547918.44,5319375.5
10359,547692.7,5319476.0
10360,547472.7,5319585.0
10361,547268.3,5319430.0
10362,547085.06,5319260.5
10363,546918.6,5319088.5
10364,546921.94,5318887.0
10365,546736.5,5318711.0
10366,534445.1,5318434.5
10367,534627.2,5318463.5
10368,534843.4,5318462.0
10369,535052.7,5318497.5
10370,535249.1,5318539.0
10371,535471.9,5318554.5
10372,535695.56,5318552.5
10373,535811.75,5318713.5
10374,535912.06,5318886.5
10375,541911.25,5321935.5
10376,542035.3,5321787.5
10377,542223.56,5321830.0
10378,542363.0,5321691.0
10379,542542.4,5321758.0
10380,542727.4,5321713.5
10381,542954.3,5321652.5
10382,543188.7,5321647.5
10383,543295.06,5321795.0
10384,543538.6,5321846.0
10385,543825.56,5321971.5
10386,544061.44,5322143.0
10387,544286.06,5322339.0
10388,544524.4,5322526.5
10389,544763.0,5322722.5
10390,545018.06,5322907.5
10391,545190.9,5323145.0
10392,545366.94,5323343.5
10393,545528.5,5323543.0
10394,545672.5,5323750.5
10395,542143.6,5341112.5
10396,542283.44,5340966.0
10397,542168.0,5340785.5
10398,542297.8,5340610.5
10399,542415.56,5340431.5
10400,541767.0,5341952.0
10401,541549.3,5341786.0
10402,541657.3,5341527.5
10403,541720.75,5341277.0
10404,541942.9,5341199.0
10405,542039.7,5342726.0
10406,541873.0,5342442.5
10407,541734.9,5342190.5
10408,542506.9,5340211.5
10409,542711.94,5340140.5
10410,542895.3,5340107.5
10411,543051.5,5339996.0
10412,543248.44,5339926.0
10413,543276.9,5339773.0
10414,543427.75,5339686.0
10415,543582.06,5339592.5
10416,543694.06,5339503.0
10417,543837.56,5339473.5
10418,543972.06,5339394.5
10419,544107.44,5339321.0
10420,544261.5,5339288.5
10421,544429.7,5339261.5
10422,544603.6,5339207.0
10423,544759.9,5339113.0
10424,544899.8,5339009.0
10425,545025.6,5338903.0
10426,545153.44,5338811.5
10427,545299.06,5338747.5
10428,545468.8,5338779.5
10429,545568.5,5338639.5
10430,545733.5,5338615.5
10431,545837.4,5338703.0
10432,545938.3,5338792.0
10433,546098.8,5338736.0
10434,546189.56,5338828.5
10435,546321.94,5338843.5
10436,546462.2,5338849.0
10437,546495.2,5338967.0
10438,546584.4,5338898.5
10439,546693.7,5338839.0
10440,546804.9,5338785.5
10441,546892.5,5338853.5
10442,546993.44,5338815.5
10443,547091.75,5338784.5
10444,547164.8,5338861.0
10445,547249.5,5338933.5
10446,547905.8,5342801.0
10447,547964.4,5342750.0
10448,547351.56,5357545.5
10449,547519.44,5357698.5
10450,547291.94,5358473.0
10451,547149.06,5358499.5
10452,547097.0,5360911.0
10453,546930.0,5360876.0
10454,556955.2,5312813.0
10455,556917.5,5312992.0
10456,556768.06,5313084.5
10457,556685.75,5313255.5
10458,556565.06,5313411.5
10459,556633.8,5313611.0
10460,556467.0,5313762.0
10461,556328.2,5313883.5
10462,556239.44,5314043.5
10463,556127.1,5314218.0
10464,555967.7,5314367.5
10465,555842.75,5314522.5
10466,555718.1,5314678.5
10467,555598.75,5314839.0
10468,555484.06,5315003.5
10469,555373.2,5315174.0
10470,555262.1,5315342.0
10471,555149.6,5315509.5
10472,554951.44,5315497.0
10473,554846.4,5315670.0
10474,554745.6,5315845.0
10475,554649.0,5316022.0
10476,554553.2,5316199.0
10477,554364.8,5316183.5
10478,554270.94,5316362.0
10479,554179.25,5316541.5
10480,553997.5,5316515.0
10481,553907.0,5316694.0
10482,553816.94,5316872.0
10483,553726.3,5317049.0
10484,553634.6,5317224.0
10485,553542.9,5317398.0
10486,553370.75,5317363.5
10487,553203.7,5317328.0
10488,553031.1,5317313.0
10489,552859.6,5317319.0
10490,552705.56,5317285.5
10491,552576.9,5317196.5
10492,552459.25,5317251.0
10493,552341.8,5317172.5
10494,552231.94,5317133.5
10495,552138.56,5317093.0
10496,552039.56,5317114.5
10497,551925.5,5317142.0
10498,549811.06,5318363.0
10499,549749.25,5318442.0
10500,549687.1,5318521.0
10501,549625.2,5318600.0
10502,549527.9,5318547.0
10503,549428.1,5318580.5
10504,549300.4,5318641.5
10505,549161.2,5318682.5
10506,549023.5,5318735.5
10507,548876.3,5318791.5
10508,548718.4,5318850.5
10509,548669.06,5319037.5
10510,548502.6,5319112.5
10511,548322.9,5319194.0
10512,548304.06,5319418.0
10513,548115.75,5319511.0
10514,547911.6,5319619.0
10515,547701.56,5319742.0
10516,547472.4,5319861.0
10517,547255.9,5319673.5
10518,547069.1,5319475.5
10519,546907.2,5319292.5
10520,546738.5,5319113.0
10521,546739.44,5318912.0
10522,534549.75,5318277.5
10523,534747.25,5318269.5
10524,534947.56,5318280.0
10525,535139.8,5318332.0
10526,535332.7,5318399.0
10527,534460.8,5318129.5
10528,535560.06,5318405.5
10529,542149.75,5321627.5
10530,542307.3,5321507.0
10531,542554.2,5321566.0
10532,542772.1,5321519.5
10533,542953.0,5321466.0
10534,543134.9,5321484.5
10535,543361.25,5321494.0
10536,543393.9,5321677.5
10537,543568.44,5321624.5
10538,543785.9,5321750.5
10539,544072.0,5321861.0
10540,544345.9,5322017.5
10541,544576.5,5322201.0
10542,544820.9,5322399.5
10543,545019.4,5322590.5
10544,545264.25,5322647.5
10545,545383.4,5322913.0
10546,545563.8,5323107.5
10547,545720.5,5323312.0
10548,545857.44,5323522.0
10549,542025.7,5340970.5
10550,541885.6,5340805.5
10551,542027.3,5340613.0
10552,542155.4,5340428.0
10553,542273.8,5340248.5
10554,541497.0,5342062.0
10555,541245.25,5341897.5
10556,541377.5,5341597.5
10557,541472.1,5341332.0
10558,541525.75,5341064.5
10559,541774.75,5341022.0
10560,541743.25,5342689.5
10561,541579.9,5342374.5
10562,542347.75,5340031.0
10563,542582.7,5339978.5
10564,542826.0,5339899.0
10565,543072.44,5339841.5
10566,543136.0,5339692.5
10567,543266.44,5339579.0
10568,543435.1,5339514.0
10569,543564.06,5339420.5
10570,543723.06,5339365.5
10571,543862.9,5339300.5
10572,543989.2,5339210.0
10573,544131.75,5339159.0
10574,544297.0,5339142.0
10575,544466.2,5339101.0
10576,544620.44,5339030.0
10577,544763.94,5338942.5
10578,544891.94,5338826.0
10579,545020.75,5338714.0
10580,545200.44,5338626.5
10581,545401.4,5338623.0
10582,545491.5,5338476.5
10583,545637.1,5338491.5
10584,545798.3,5338473.0
10585,545902.4,5338568.0
10586,545999.06,5338657.0
10587,546150.44,5338622.0
10588,546258.1,5338713.5
10589,546385.25,5338747.5
10590,546496.8,5338715.5
10591,546591.8,5338779.5
10592,546712.06,5338722.0
10593,546830.94,5338673.5
10594,546913.6,5338741.5
10595,547019.06,5338707.5
10596,547123.0,5338680.5
10597,547188.2,5338758.0
10598,547246.2,5338834.0
10599,548023.8,5342821.5
10600,548059.75,5342758.0
10601,547299.9,5357736.0
10602,547449.25,5357889.0
10603,547133.7,5358303.5
10604,547320.56,5358274.0
10605,546892.0,5361105.0
10606,547052.0,5361140.0
10607,557099.2,5312951.5
10608,557061.44,5313092.0
10609,556935.5,5313145.5
10610,556867.2,5313268.0
10611,556758.94,5313429.0
10612,556852.75,5313582.5
10613,556763.94,5313745.5
10614,556606.2,5313831.5
10615,556456.25,5313989.5
10616,556351.7,5314177.5
10617,556289.4,5314348.0
10618,556132.44,5314400.5
10619,556038.06,5314548.5
10620,555922.7,5314699.5
10621,555798.56,5314854.5
10622,555685.0,5315014.5
10623,555571.3,5315181.0
10624,555463.06,5315372.5
10625,555332.25,5315545.0
10626,555224.1,5315714.5
10627,555042.25,5315680.0
10628,554940.44,5315851.5
10629,554843.25,5316026.5
10630,554748.5,5316202.5
10631,554653.8,5316378.0
10632,554459.0,5316376.5
10633,554367.1,5316556.0
10634,554275.5,5316734.5
10635,554088.4,5316720.5
10636,553997.3,5316899.0
10637,553906.44,5317077.0
10638,553813.94,5317253.0
10639,553720.3,5317427.5
10640,553627.56,5317602.5
10641,553452.4,5317572.0
10642,553281.06,5317539.5
10643,553118.8,5317494.0
10644,552937.9,5317472.5
10645,552741.6,5317473.0
10646,552582.75,5317366.5
10647,552440.8,5317406.5
10648,552349.2,5317304.0
10649,552231.06,5317282.0
10650,552131.2,5317204.0
10651,552018.56,5317227.5
10652,551894.3,5317225.5
10653,549529.3,5318650.0
10654,549656.8,5318683.5
10655,549420.7,5318691.5
10656,549329.0,5318752.5
10657,549221.25,5318786.5
10658,549099.06,5318842.0
10659,548966.6,5318902.0
10660,548823.5,5318967.0
10661,548794.1,5319152.0
10662,548642.2,5319234.5
10663,548479.0,5319323.0
10664,548442.1,5319557.0
10665,548263.25,5319668.5
10666,548084.5,5319736.5
10667,547917.0,5319877.5
10668,547700.5,5320013.0
10669,547450.25,5320142.5
10670,547210.9,5319926.5
10671,547036.4,5319685.0
10672,546873.25,5319494.0
10673,546734.3,5319313.5
10674,534656.4,5318088.0
10675,534852.56,5318079.0
10676,535049.56,5318113.0
10677,535234.94,5318178.5
10678,535407.1,5318280.0
10679,542482.0,5321415.5
10680,542667.06,5321346.0
10681,542864.0,5321320.5
10682,543061.94,5321311.0
10683,543260.5,5321310.0
10684,543458.7,5321297.0
10685,543565.1,5321436.0
10686,543756.75,5321544.5
10687,543928.6,5321643.0
10688,544089.7,5321630.5
10689,544322.2,5321746.0
10690,544666.75,5321857.0
10691,544868.6,5322111.0
10692,545159.7,5322287.5
10693,545470.2,5322421.0
10694,545541.9,5322695.5
10695,545772.56,5322858.0
10696,545928.4,5323086.0
10697,546068.44,5323315.0
10698,541599.56,5340828.0
10699,541744.06,5340627.0
10700,541896.06,5340433.0
10701,542022.06,5340238.0
10702,542136.94,5340070.5
10703,541280.5,5342254.5
10704,541028.6,5342087.0
10705,540891.8,5341837.0
10706,541113.6,5341624.5
10707,541221.1,5341361.0
10708,541311.8,5341127.0
10709,541301.06,5340851.5
10710,541455.3,5342608.0
10711,542133.1,5339844.0
10712,542391.25,5339828.5
10713,542631.94,5339795.0
10714,542754.5,5339644.0
10715,542949.5,5339708.0
10716,543072.75,5339535.0
10717,543155.25,5339383.0
10718,543307.6,5339413.5
10719,543429.2,5339326.0
10720,543595.9,5339262.5
10721,543738.6,5339191.5
10722,543862.75,5339104.0
10723,543995.3,5339026.5
10724,544147.5,5339006.5
10725,544319.4,5338989.0
10726,544475.6,5338930.0
10727,544623.6,5338849.0
10728,544758.06,5338773.0
10729,544860.44,5338629.5
10730,545039.94,5338541.5
10731,545188.44,5338464.0
10732,545335.25,5338472.0
10733,545403.25,5338307.5
10734,545552.7,5338323.0
10735,545702.3,5338348.0
10736,545870.7,5338339.5
10737,545971.3,5338437.5
10738,546059.75,5338531.5
10739,546209.7,5338501.5
10740,546277.94,5338592.0
10741,546393.94,5338624.5
10742,546515.25,5338606.0
10743,546619.9,5338649.5
10744,546748.44,5338610.0
10745,546863.6,5338563.0
10746,546942.9,5338632.5
10747,547052.44,5338602.5
10748,547160.25,5338578.0
10749,547227.6,5338661.5
10750,547287.2,5338744.0
10751,548141.75,5342808.0
10752,548165.4,5342697.5
10753,548073.9,5342678.5
10754,547249.56,5357926.5
10755,547383.75,5358081.0
10756,547191.2,5358115.0
10757,547034.0,5361324.0
10758,546861.0,5361324.0
10759,557235.0,5313098.0
10760,557067.8,5313247.5
10761,556956.1,5313406.5
10762,557042.0,5313522.5
10763,557003.56,5313646.0
10764,556926.25,5313763.5
10765,556849.5,5313903.0
10766,556726.6,5313905.0
10767,556628.5,5314018.5
10768,556538.0,5314162.0
10769,556467.6,5314320.0
10770,556406.0,5314482.5
10771,556229.4,5314530.5
10772,556143.7,5314706.5
10773,556001.1,5314857.5
10774,555892.94,5315011.5
10775,555784.56,5315166.5
10776,555679.8,5315322.5
10777,555612.94,5315476.0
10778,555499.8,5315605.0
10779,555396.6,5315765.5
10780,555292.6,5315930.0
10781,555121.56,5315883.5
10782,555023.94,5316054.5
10783,554929.9,5316228.0
10784,554836.44,5316401.5
10785,554744.44,5316575.5
10786,554561.0,5316555.5
10787,554470.56,5316733.0
10788,554379.75,5316911.0
10789,554184.56,5316912.5
10790,554093.9,5317092.0
10791,554001.94,5317269.0
10792,553907.25,5317444.5
10793,553812.06,5317620.0
10794,553719.8,5317796.5
10795,553537.75,5317778.5
10796,553361.2,5317746.0
10797,553175.8,5317720.5
10798,553024.0,5317623.0
10799,552855.7,5317632.5
10800,552672.94,5317653.5
10801,552558.25,5317523.5
10802,552390.0,5317542.0
10803,552299.3,5317419.0
10804,552173.6,5317420.5
10805,552104.7,5317320.5
10806,551987.0,5317330.5
10807,551888.06,5317337.5
10808,551808.4,5317281.0
10809,549575.1,5318725.5
10810,549499.7,5318767.0
10811,549617.0,5318800.5
10812,549735.75,5318746.0
10813,549406.44,5318821.5
10814,549299.8,5318879.0
10815,549187.2,5318938.5
10816,549065.75,5319004.0
10817,548934.94,5319075.5
10818,548916.2,5319255.5
10819,548768.8,5319349.0
10820,548610.9,5319449.5
10821,548569.7,5319688.5
10822,548384.94,5319820.0
10823,548161.9,5319951.0
10824,547943.6,5320125.5
10825,547720.0,5320272.0
10826,547511.0,5320392.5
10827,547280.75,5320392.5
10828,547195.6,5320170.0
10829,546968.44,5320078.0
10830,546965.94,5319856.0
10831,546819.44,5319681.5
10832,546675.44,5319505.5
10833,543633.4,5321221.5
10834,543747.0,5321379.5
10835,543959.25,5321438.0
10836,544201.5,5321475.5
10837,544466.94,5321568.0
10838,544708.56,5321535.0
10839,544914.5,5321660.5
10840,545108.6,5321902.0
10841,545449.25,5322087.5
10842,545712.7,5322261.0
10843,545763.0,5322540.0
10844,545992.25,5322633.0
10845,546157.1,5322845.0
10846,546275.1,5323104.0
10847,541443.8,5340623.0
10848,541628.75,5340433.5
10849,541782.4,5340232.0
10850,541924.5,5340022.5
10851,541182.2,5342486.5
10852,540926.44,5342331.5
10853,540732.3,5342116.5
10854,540585.3,5341861.0
10855,540628.5,5341581.0
10856,540878.4,5341563.0
10857,540980.6,5341326.5
10858,541089.2,5341082.0
10859,541031.06,5340841.5
10860,541125.7,5340580.5
10861,541893.6,5339777.0
10862,542063.7,5339565.5
10863,542262.06,5339634.0
10864,542504.4,5339658.0
10865,542609.6,5339496.0
10866,542767.56,5339385.0
10867,542904.94,5339523.0
10868,542973.9,5339352.5
10869,543072.1,5339194.0
10870,543264.3,5339228.0
10871,543455.5,5339165.5
10872,543604.5,5339080.0
10873,543730.75,5338988.0
10874,543864.06,5338900.5
10875,544014.7,5338825.5
10876,544181.44,5338872.5
10877,544321.94,5338821.5
10878,544478.75,5338749.0
10879,544642.06,5338647.0
10880,544751.4,5338503.5
10881,544911.4,5338438.5
10882,545078.7,5338362.0
10883,545247.3,5338312.5
10884,545307.2,5338148.5
10885,545471.44,5338148.0
10886,545625.25,5338180.0
10887,545778.2,5338213.0
10888,545947.56,5338205.5
10889,546042.3,5338311.5
10890,546128.94,5338408.5
10891,546283.75,5338390.0
10892,546350.9,5338495.5
10893,546472.3,5338503.0
10894,546589.6,5338518.5
10895,546683.75,5338540.5
10896,546783.6,5338493.0
10897,546900.9,5338454.5
10898,546978.5,5338526.0
10899,547089.9,5338499.5
10900,547199.25,5338469.0
10901,547263.3,5338563.5
10902,547336.6,5338657.5
10903,548091.3,5342605.5
10904,548000.56,5342584.0
10905,547038.0,5361529.0
10906,546873.9,5361543.0
10907,557220.1,5313258.0
10908,557302.7,5313171.5
10909,557142.1,5313393.0
10910,557196.44,5313523.5
10911,557141.3,5313626.5
10912,557093.3,5313748.0
10913,557042.5,5313856.5
10914,556970.6,5313942.0
10915,556907.7,5314063.5
10916,556778.94,5314046.0
10917,556701.3,5314173.5
10918,556633.2,5314311.0
10919,556573.1,5314456.0
10920,556518.25,5314604.5
10921,556345.6,5314648.0
10922,556314.56,5314808.5
10923,556174.06,5314872.5
10924,556092.9,5315010.0
10925,555992.1,5315157.0
10926,555888.9,5315308.0
10927,555793.56,5315462.0
10928,555688.7,5315622.5
10929,555586.8,5315799.5
10930,555465.06,5315967.5
10931,555366.94,5316134.5
10932,555195.56,5316097.0
10933,555102.2,5316266.5
10934,555010.44,5316437.0
10935,554919.8,5316608.0
10936,554830.6,5316780.0
10937,554654.44,5316751.0
10938,554564.5,5316926.5
10939,554474.8,5317102.0
10940,554288.5,5317089.5
10941,554198.2,5317267.0
10942,554104.4,5317443.5
10943,554008.4,5317618.5
10944,553913.94,5317794.0
10945,553824.1,5317972.0
10946,553632.25,5317975.5
10947,553452.7,5317955.5
10948,553278.25,5317922.5
10949,553100.7,5317919.5
10950,552981.1,5317780.5
10951,552789.9,5317797.5
10952,552589.75,5317821.0
10953,552489.25,5317672.0
10954,552317.0,5317670.5
10955,552241.0,5317543.0
10956,552108.06,5317539.5
10957,552049.5,5317432.0
10958,551931.06,5317432.5
10959,551811.94,5317415.5
10960,551740.94,5317353.0
10961,549519.4,5318874.5
10962,549715.9,5318831.0
10963,549651.25,5318917.0
10964,549820.56,5318800.0
10965,549412.5,5318940.0
10966,549300.7,5319010.5
10967,549181.3,5319086.5
10968,549053.5,5319168.0
10969,549041.0,5319348.0
10970,548894.44,5319454.0
10971,548737.8,5319567.5
10972,548717.94,5319801.5
10973,548545.56,5319939.0
10974,548356.94,5320079.5
10975,548160.56,5320235.5
10976,547949.75,5320401.0
10977,547694.9,5320558.0
10978,547394.1,5320628.5
10979,547105.1,5320645.5
10980,547049.4,5320354.0
10981,546840.6,5320272.0
10982,546727.2,5320073.5
10983,546778.0,5319883.0
10984,546622.75,5319699.5
10985,543881.5,5321251.0
10986,543795.7,5321110.0
10987,544107.3,5321240.0
10988,544340.44,5321319.5
10989,544555.25,5321365.0
10990,544742.7,5321278.0
10991,544932.6,5321403.5
10992,545197.4,5321553.5
10993,545473.4,5321772.0
10994,545840.9,5321973.5
10995,545992.0,5322311.5
10996,546219.2,5322494.0
10997,546440.9,5322676.5
10998,546506.44,5322921.0
10999,541348.3,5340405.0
11000,541552.25,5340212.0
11001,541703.3,5339991.0
11002,540756.3,5341329.5
11003,540795.1,5341034.5
11004,540817.06,5340737.5
11005,540863.25,5340442.0
11006,541069.2,5340272.5
11007,541660.5,5339732.5
11008,541835.75,5339518.5
11009,542002.4,5339316.0
11010,542245.2,5339357.5
11011,542410.0,5339489.0
11012,542519.6,5339301.5
11013,542708.8,5339201.0
11014,542884.75,5339189.0
11015,542971.0,5339017.0
11016,543155.44,5339043.0
11017,543320.56,5339072.5
11018,543452.9,5338981.0
11019,543583.06,5338879.5
11020,543719.3,5338783.0
11021,543861.6,5338693.0
11022,543995.3,5338595.0
11023,544149.25,5338710.5
11024,544308.6,5338651.0
11025,544466.1,5338560.5
11026,544599.1,5338441.0
11027,544771.06,5338335.0
11028,544950.4,5338258.0
11029,545131.0,5338190.0
11030,545199.7,5338020.0
11031,545388.4,5337990.0
11032,545558.6,5338001.0
11033,545708.4,5338045.5
11034,545861.6,5338075.0
11035,546035.4,5338081.5
11036,546118.7,5338190.5
11037,546204.56,5338291.5
11038,546362.0,5338281.0
11039,546426.06,5338387.5
11040,546556.7,5338400.5
11041,546684.94,5338421.0
11042,546816.7,5338385.5
11043,546933.75,5338356.0
11044,547016.75,5338419.5
11045,547127.56,5338399.0
11046,547248.1,5338340.0
11047,547294.44,5338454.5
11048,547359.8,5338561.0
11049,548023.7,5342504.0
11050,547935.06,5342484.0
11051,546884.0,5361733.0
11052,547053.0,5361733.0
11053,557369.06,5313246.5
11054,557296.8,5313349.0
11055,557289.9,5313455.0
11056,557327.5,5313547.0
11057,557280.9,5313622.0
11058,557233.75,5313711.0
11059,557212.5,5313803.0
11060,557153.8,5313881.5
11061,557094.9,5313982.5
11062,557032.5,5314087.5
11063,556974.94,5314204.5
11064,556844.56,5314191.5
11065,556782.4,5314317.5
11066,556725.7,5314448.5
11067,556673.9,5314583.5
11068,556629.5,5314720.0
11069,556475.9,5314753.5
11070,556442.3,5314903.5
11071,556286.3,5314997.5
11072,556186.4,5315154.5
11073,556083.9,5315306.5
11074,555987.5,5315457.0
11075,555887.0,5315606.5
11076,555790.94,5315755.5
11077,555729.56,5315902.5
11078,555624.9,5316020.5
11079,555531.94,5316176.0
11080,555441.7,5316337.0
11081,555274.25,5316300.5
11082,555183.9,5316467.5
11083,555094.9,5316635.0
11084,555007.06,5316803.5
11085,554920.2,5316972.5
11086,554742.4,5316952.5
11087,554654.1,5317125.0
11088,554565.8,5317298.0
11089,554385.25,5317278.0
11090,554293.7,5317453.0
11091,554199.6,5317627.0
11092,554105.4,5317800.5
11093,554014.5,5317975.5
11094,553928.2,5318153.0
11095,553739.06,5318152.5
11096,553548.94,5318157.0
11097,553371.94,5318133.5
11098,553200.8,5318102.5
11099,553021.6,5318096.5
11100,552911.1,5317946.5
11101,552733.7,5317960.0
11102,552586.2,5317988.0
11103,552447.2,5317953.0
11104,552395.94,5317805.5
11105,552230.6,5317794.0
11106,552167.94,5317662.0
11107,552035.94,5317649.0
11108,551982.56,5317535.5
11109,551862.94,5317523.0
11110,551749.8,5317517.0
11111,551685.75,5317437.0
11112,549537.0,5318989.5
11113,549789.6,5318887.5
11114,549766.5,5318984.0
11115,549652.3,5319046.0
11116,549910.8,5318844.0
11117,549424.56,5319069.0
11118,549305.25,5319155.5
11119,549177.6,5319248.5
11120,549170.94,5319434.5
11121,549029.56,5319549.5
11122,548878.8,5319672.5
11123,548885.75,5319896.5
11124,548724.7,5320039.5
11125,548553.3,5320187.5
11126,548371.75,5320336.5
11127,548189.3,5320513.5
11128,547991.5,5320672.0
11129,547768.7,5320758.0
11130,547541.6,5320879.0
11131,547238.94,5320915.5
11132,546958.5,5320938.5
11133,546827.3,5320718.0
11134,546884.1,5320507.0
11135,546713.44,5320403.0
11136,546633.2,5320248.5
11137,546521.8,5320086.5
11138,546583.9,5319896.5
11139,543989.2,5321065.5
11140,544168.7,5320986.5
11141,544294.6,5321117.0
11142,544521.25,5321173.5
11143,544744.56,5321090.0
11144,544956.5,5321160.5
11145,545117.94,5321289.0
11146,545332.7,5321270.5
11147,545507.75,5321459.5
11148,545789.06,5321629.0
11149,546125.0,5321767.5
11150,546240.7,5322108.5
11151,546432.56,5322376.0
11152,546638.56,5322500.0
11153,546761.1,5322772.0
11154,541327.25,5340221.0
11155,541472.1,5339969.0
11156,541438.5,5339675.0
11157,541579.3,5339467.5
11158,541744.1,5339274.5
11159,541902.9,5339086.5
11160,542157.0,5339125.5
11161,542383.94,5339127.5
11162,542589.2,5339069.0
11163,542783.25,5339019.5
11164,542893.6,5338845.5
11165,543089.5,5338863.5
11166,543277.5,5338906.0
11167,543415.44,5338790.0
11168,543558.6,5338680.0
11169,543704.44,5338576.5
11170,543842.75,5338468.5
11171,543997.7,5338362.0
11172,544146.06,5338519.5
11173,544311.7,5338485.0
11174,544425.8,5338340.5
11175,544619.44,5338249.0
11176,544814.06,5338155.0
11177,545006.0,5338079.0
11178,545082.6,5337901.0
11179,545290.25,5337857.0
11180,545484.4,5337840.0
11181,545658.44,5337867.0
11182,545811.9,5337914.0
11183,545964.44,5337950.5
11184,546133.75,5337973.5
11185,546207.6,5338078.5
11186,546286.7,5338180.0
11187,546446.06,5338175.0
11188,546507.0,5338283.5
11189,546637.5,5338297.5
11190,546746.06,5338313.0
11191,546854.2,5338271.5
11192,547054.1,5338309.0
11193,547156.9,5338268.0
11194,547251.1,5338251.0
11195,547352.9,5338356.5
11196,547381.4,5338464.0
11197,547973.8,5342395.5
11198,547899.0,5342370.0
11199,547073.94,5361921.0
11200,546894.0,5361951.0
11201,557431.44,5313324.5
11202,557388.56,5313413.0
11203,557426.94,5313509.0
11204,557413.56,5313614.0
11205,557365.0,5313703.5
11206,557320.25,5313795.5
11207,557272.75,5313898.5
11208,557217.94,5313996.5
11209,557157.4,5314100.0
11210,557102.75,5314211.0
11211,557050.9,5314325.5
11212,556919.56,5314325.5
11213,556866.3,5314448.0
11214,556817.4,5314572.5
11215,556773.7,5314699.0
11216,556737.2,5314827.0
11217,556593.56,5314858.0
11218,556567.6,5314996.0
11219,556434.6,5315041.5
11220,556362.5,5315174.5
11221,556253.4,5315319.5
11222,556168.56,5315476.5
11223,556069.44,5315625.5
11224,555968.4,5315771.5
11225,555879.94,5315922.0
11226,555786.3,5316073.5
11227,555693.0,5316219.0
11228,555604.56,5316374.5
11229,555517.75,5316532.5
11230,555353.1,5316499.5
11231,555265.75,5316663.5
11232,555179.6,5316828.0
11233,555094.3,5316993.5
11234,555009.5,5317159.5
11235,554833.56,5317142.0
11236,554746.9,5317312.0
11237,554659.56,5317481.5
11238,554476.5,5317470.0
11239,554385.0,5317642.0
11240,554292.7,5317813.0
11241,554202.06,5317985.0
11242,554115.25,5318159.0
11243,554032.4,5318335.0
11244,553845.6,5318333.0
11245,553656.2,5318335.0
11246,553464.8,5318342.0
11247,553292.9,5318310.5
11248,553120.2,5318273.0
11249,552946.56,5318272.0
11250,552839.4,5318116.5
11251,552671.4,5318129.5
11252,552506.75,5318123.5
11253,552353.7,5318095.5
11254,552291.25,5317936.5
11255,552140.56,5317917.0
11256,552086.56,5317780.0
11257,551962.2,5317753.5
11258,551912.7,5317634.5
11259,551798.4,5317619.5
11260,551689.4,5317608.5
11261,551631.94,5317522.0
11262,549541.56,5319130.5
11263,549889.6,5318933.5
11264,549881.2,5319033.0
11265,549768.2,5319103.0
11266,549660.5,5319188.0
11267,550005.1,5318878.5
11268,549426.7,5319224.5
11269,549303.0,5319326.5
11270,549312.44,5319509.5
11271,549179.0,5319631.5
11272,549037.0,5319760.5
11273,549059.44,5319979.5
11274,548907.5,5320129.5
11275,548747.06,5320284.0
11276,548577.9,5320436.5
11277,548402.9,5320570.5
11278,548310.06,5320803.5
11279,548083.0,5320873.0
11280,547862.06,5320966.5
11281,547657.8,5321172.0
11282,547356.56,5321199.0
11283,547077.94,5321228.5
11284,546770.9,5321153.0
11285,546662.25,5320902.5
11286,546594.9,5320713.0
11287,546673.25,5320561.0
11288,546539.6,5320423.5
11289,546442.0,5320271.0
11290,544326.56,5320874.0
11291,544438.1,5321005.5
11292,544601.75,5320996.5
11293,544756.25,5320877.0
11294,544906.1,5320991.0
11295,545095.1,5320963.5
11296,545195.9,5321095.0
11297,545398.7,5321043.5
11298,545559.6,5321156.0
11299,545758.56,5321307.5
11300,546037.56,5321446.0
11301,546355.2,5321562.5
11302,546463.25,5321866.5
11303,546615.1,5322177.5
11304,546874.5,5322433.0
11305,547035.6,5322663.0
11306,541293.75,5339413.5
11307,541451.4,5339222.5
11308,541619.6,5339042.5
11309,541778.4,5338860.0
11310,542054.75,5338907.0
11311,542290.44,5338917.0
11312,542495.25,5338891.0
11313,542693.56,5338856.5
11314,542824.6,5338664.0
11315,543028.8,5338680.0
11316,543229.6,5338725.0
11317,543379.56,5338599.0
11318,543532.6,5338480.0
11319,543669.4,5338359.5
11320,543808.56,5338246.0
11321,543956.9,5338140.5
11322,544113.25,5338210.5
11323,544211.3,5338346.0
11324,544294.06,5338174.5
11325,544478.56,5338133.0
11326,544674.8,5338057.5
11327,544878.7,5337968.0
11328,544961.94,5337768.0
11329,545185.8,5337726.5
11330,545388.94,5337694.5
11331,545583.75,5337701.5
11332,545771.06,5337745.5
11333,545934.06,5337790.5
11334,546077.1,5337837.0
11335,546230.56,5337859.5
11336,546303.5,5337971.5
11337,546373.6,5338072.0
11338,546528.25,5338068.5
11339,546592.7,5338179.5
11340,546729.3,5338194.5
11341,546796.5,5338070.0
11342,546877.1,5338160.5
11343,546969.9,5338221.0
11344,547073.2,5338200.0
11345,547168.2,5338174.0
11346,547251.1,5338154.0
11347,547334.06,5338202.5
11348,547414.0,5338287.5
11349,547533.9,5338391.0
11350,547531.1,5338525.0
11351,547953.3,5342289.5
11352,547887.0,5342250.5
11353,547096.0,5362118.0
11354,546946.0,5362186.0
11355,557491.94,5313404.0
11356,557522.9,5313497.0
11357,557534.94,5313596.0
11358,557485.2,5313694.5
11359,557433.94,5313788.5
11360,557379.2,5313886.0
11361,557344.6,5314003.0
11362,557278.9,5314103.5
11363,557224.8,5314204.0
11364,557180.25,5314321.5
11365,557124.8,5314435.0
11366,556999.8,5314442.5
11367,556953.9,5314560.0
11368,556910.8,5314678.5
11369,556875.2,5314798.5
11370,556845.94,5314919.5
11371,556707.2,5314956.5
11372,556677.4,5315087.5
11373,556532.44,5315136.0
11374,556510.94,5315269.5
11375,556391.8,5315334.0
11376,556339.4,5315488.5
11377,556243.6,5315666.0
11378,556129.1,5315810.5
11379,556030.9,5315958.5
11380,555938.44,5316110.5
11381,555849.1,5316262.5
11382,555761.9,5316413.5
11383,555676.8,5316568.0
11384,555593.25,5316724.0
11385,555432.3,5316692.5
11386,555347.94,5316853.0
11387,555264.56,5317015.0
11388,555181.6,5317177.0
11389,555098.94,5317340.0
11390,554924.75,5317326.0
11391,554839.3,5317492.5
11392,554752.8,5317658.5
11393,554570.5,5317650.5
11394,554480.3,5317819.0
11395,554390.6,5317988.0
11396,554303.75,5318158.5
11397,554220.5,5318331.0
11398,554140.4,5318505.5
11399,553952.0,5318513.0
11400,553764.1,5318513.5
11401,553570.3,5318518.0
11402,553362.94,5318539.0
11403,553202.5,5318453.0
11404,553046.4,5318452.0
11405,552874.0,5318449.0
11406,552766.75,5318291.5
11407,552597.3,5318285.0
11408,552419.44,5318273.5
11409,552257.2,5318219.5
11410,552202.3,5318065.5
11411,552062.1,5318043.0
11412,551994.75,5317901.0
11413,551883.7,5317834.5
11414,551840.4,5317731.5
11415,551733.94,5317715.5
11416,551628.6,5317690.0
11417,551575.06,5317605.0
11418,549552.56,5319287.5
11419,549995.7,5318969.5
11420,549999.8,5319068.0
11421,549892.3,5319146.5
11422,549789.44,5319234.5
11423,549689.1,5319336.5
11424,550102.75,5318902.0
11425,549437.2,5319395.0
11426,549463.25,5319571.0
11427,549336.9,5319700.5
11428,549202.6,5319836.5
11429,549232.5,5320055.5
11430,549089.06,5320211.5
11431,548936.8,5320373.0
11432,548771.7,5320534.5
11433,548577.9,5320687.0
11434,548601.75,5320906.0
11435,548427.0,5321084.0
11436,548161.6,5321066.0
11437,547961.3,5321246.5
11438,547771.2,5321465.0
11439,547497.0,5321430.0
11440,547220.2,5321581.5
11441,546885.0,5321435.0
11442,546568.2,5321353.0
11443,546468.25,5321075.5
11444,546382.44,5320796.0
11445,546491.3,5320597.0
11446,546362.2,5320513.5
11447,546219.3,5320385.0
11448,546246.75,5320235.0
11449,544527.5,5320821.5
11450,544386.75,5320685.0
11451,544670.2,5320705.0
11452,544853.25,5320679.5
11453,544976.2,5320824.0
11454,545182.25,5320783.5
11455,545312.44,5320906.0
11456,545560.1,5320871.5
11457,545757.1,5320988.0
11458,545975.6,5321141.5
11459,546260.0,5321271.5
11460,546666.75,5321637.5
11461,546778.2,5321922.0
11462,546916.56,5322167.5
11463,547174.3,5322285.0
11464,547316.0,5322570.0
11465,541134.94,5339159.5
11466,541308.5,5338985.5
11467,541487.44,5338819.0
11468,541647.5,5338616.0
11469,541937.7,5338693.5
11470,542189.7,5338705.0
11471,542407.44,5338686.5
11472,542614.1,5338669.5
11473,542745.9,5338470.0
11474,542972.9,5338469.0
11475,543182.94,5338543.0
11476,543348.7,5338409.0
11477,543484.3,5338270.0
11478,543621.1,5338134.5
11479,543779.8,5338027.5
11480,543971.0,5337965.0
11481,544144.75,5338042.5
11482,544336.5,5337988.0
11483,544535.6,5337942.5
11484,544741.3,5337867.0
11485,544782.8,5337673.0
11486,544943.3,5337581.0
11487,545111.25,5337569.5
11488,545297.5,5337538.0
11489,545489.4,5337538.0
11490,545694.06,5337581.0
11491,545884.2,5337621.5
11492,546037.6,5337661.0
11493,546170.5,5337713.5
11494,546323.56,5337737.0
11495,546392.56,5337861.0
11496,546459.2,5337962.5
11497,546604.3,5337955.0
11498,546669.44,5338071.0
11499,546724.94,5337953.5
11500,546809.56,5337844.0
11501,546872.25,5337967.5
11502,546905.25,5338060.0
11503,546990.56,5338118.5
11504,547088.2,5338086.0
11505,547188.56,5338066.5
11506,547296.5,5338069.5
11507,547392.2,5338107.5
11508,547416.25,5338207.5
11509,547673.75,5338467.0
11510,547679.3,5338589.5
11511,547959.1,5342198.5
11512,547905.75,5342133.0
11513,547187.8,5362272.0
11514,547030.0,5362391.0
11515,557594.44,5313675.0
11516,557548.2,5313783.0
11517,557485.2,5313877.5
11518,557439.44,5313964.0
11519,557472.9,5314063.5
11520,557383.44,5314108.5
11521,557351.56,5314206.5
11522,557287.25,5314284.5
11523,557297.6,5314375.5
11524,557228.0,5314431.0
11525,557216.7,5314536.0
11526,557085.56,5314546.0
11527,557040.9,5314658.5
11528,557006.0,5314772.0
11529,556979.0,5314887.0
11530,556955.75,5315002.0
11531,556818.56,5315041.5
11532,556792.25,5315164.0
11533,556652.4,5315218.0
11534,556635.7,5315349.5
11535,556500.44,5315418.0
11536,556503.7,5315554.0
11537,556394.25,5315635.5
11538,556395.1,5315778.0
11539,556278.25,5315869.5
11540,556178.4,5316002.5
11541,556086.56,5316148.0
11542,556000.6,5316298.0
11543,555917.06,5316447.5
11544,555833.56,5316597.5
11545,555751.56,5316751.0
11546,555671.25,5316904.0
11547,555511.25,5316880.5
11548,555429.6,5317038.0
11549,555348.9,5317196.5
11550,555268.1,5317355.0
11551,555187.4,5317514.5
11552,555015.6,5317503.0
11553,554931.5,5317665.5
11554,554846.4,5317828.0
11555,554665.06,5317824.0
11556,554577.0,5317990.0
11557,554490.7,5318157.0
11558,554407.4,5318325.5
11559,554327.3,5318496.5
11560,554250.4,5318668.5
11561,554063.4,5318681.5
11562,553875.0,5318692.0
11563,553686.94,5318695.0
11564,553493.56,5318704.5
11565,553293.6,5318754.0
11566,553162.94,5318630.5
11567,552984.0,5318634.5
11568,552807.94,5318619.0
11569,552679.56,5318474.0
11570,552519.25,5318417.0
11571,552376.0,5318463.0
11572,552285.2,5318361.0
11573,552154.2,5318352.5
11574,552115.3,5318195.5
11575,551985.8,5318172.5
11576,551931.0,5318039.5
11577,551853.8,5317941.5
11578,551765.94,5317843.0
11579,551663.75,5317796.0
11580,551576.25,5317757.5
11581,551510.94,5317682.0
11582,549580.7,5319450.0
11583,550106.06,5318991.5
11584,550121.44,5319088.0
11585,550021.7,5319178.0
11586,549925.2,5319272.0
11587,549829.9,5319376.5
11588,549725.0,5319495.0
11589,550203.0,5318909.0
11590,549612.6,5319626.0
11591,549494.25,5319763.5
11592,549367.7,5319906.0
11593,549412.5,5320114.5
11594,549279.3,5320274.5
11595,549137.7,5320440.0
11596,548984.44,5320606.0
11597,548809.4,5320762.5
11598,548877.44,5320968.0
11599,548702.6,5321131.5
11600,548539.75,5321336.0
11601,548263.3,5321315.0
11602,548074.56,5321521.0
11603,547876.0,5321751.0
11604,547555.5,5321709.5
11605,547355.7,5321946.0
11606,547089.5,5321948.0
11607,546952.9,5321708.5
11608,546198.4,5320999.5
11609,546145.6,5320771.5
11610,546188.5,5320585.0
11611,546017.06,5320396.0
11612,546050.2,5320208.5
11613,544524.56,5320573.0
11614,544714.6,5320516.5
11615,544911.06,5320487.5
11616,545052.56,5320640.0
11617,545249.9,5320597.5
11618,545390.9,5320732.0
11619,545567.06,5320654.5
11620,545763.25,5320685.0
11621,545956.56,5320858.0
11622,547482.1,5322258.0
11623,547580.0,5322551.0
11624,540961.94,5338916.0
11625,541175.94,5338734.5
11626,541364.9,5338605.5
11627,541452.56,5338391.0
11628,541689.44,5338325.5
11629,541850.5,5338496.0
11630,542084.56,5338501.5
11631,542306.6,5338477.5
11632,542525.44,5338466.5
11633,542649.0,5338266.0
11634,542868.2,5338268.0
11635,543069.9,5338231.0
11636,543167.4,5338372.5
11637,543284.56,5338215.5
11638,543418.5,5338058.5
11639,543578.8,5337903.0
11640,543804.06,5337830.5
11641,543984.1,5337846.0
11642,544169.8,5337862.0
11643,544387.9,5337811.0
11644,544593.3,5337753.0
11645,544637.4,5337540.5
11646,544821.06,5337452.5
11647,545018.4,5337392.5
11648,545209.5,5337356.0
11649,545397.9,5337355.5
11650,545602.6,5337414.0
11651,545807.7,5337455.5
11652,545977.94,5337473.0
11653,546122.0,5337531.0
11654,546254.75,5337586.0
11655,546404.8,5337605.0
11656,546481.94,5337738.0
11657,546541.8,5337845.0
11658,546681.94,5337832.5
11659,546773.2,5337710.5
11660,546905.44,5337782.0
11661,546919.0,5337890.5
11662,546992.0,5337994.5
11663,547104.25,5337975.0
11664,547214.4,5337957.5
11665,547313.6,5337973.0
11666,547394.8,5338010.0
11667,547486.75,5338041.0
11668,547467.9,5338138.0
11669,547803.2,5338558.5
11670,547795.3,5338698.5
11671,547985.6,5342107.5
11672,547960.94,5342027.5
11673,547281.0,5362420.0
11674,547177.0,5362557.0
11675,557660.25,5313748.0
11676,557625.4,5313834.5
11677,557576.6,5313895.5
11678,557531.1,5313981.0
11679,557599.9,5314074.5
11680,557545.3,5314150.0
11681,557461.0,5314175.5
11682,557451.4,5314266.5
11683,557382.9,5314318.5
11684,557393.56,5314410.5
11685,557323.9,5314478.0
11686,557346.7,5314571.5
11687,557267.6,5314632.5
11688,557161.75,5314641.5
11689,557127.56,5314749.0
11690,557101.7,5314859.5
11691,557084.06,5314971.0
11692,557064.44,5315081.0
11693,556930.5,5315117.5
11694,556904.56,5315234.0
11695,556770.75,5315288.0
11696,556761.0,5315412.0
11697,556634.06,5315481.5
11698,556643.9,5315613.5
11699,556525.75,5315697.5
11700,556544.2,5315837.0
11701,556429.75,5315935.0
11702,556325.7,5316046.0
11703,556232.5,5316179.5
11704,556149.8,5316326.0
11705,556073.44,5316473.5
11706,555992.6,5316618.5
11707,555910.94,5316766.5
11708,555832.94,5316916.5
11709,555755.3,5317065.5
11710,555591.94,5317057.0
11711,555513.06,5317212.0
11712,555434.94,5317367.0
11713,555356.4,5317522.5
11714,555277.4,5317678.0
11715,555105.8,5317673.5
11716,555023.06,5317832.5
11717,554939.8,5317992.0
11718,554760.4,5317991.0
11719,554675.25,5318154.0
11720,554592.4,5318319.0
11721,554512.44,5318485.5
11722,554435.6,5318654.0
11723,554362.6,5318824.5
11724,554177.8,5318843.0
11725,553991.7,5318859.5
11726,553804.8,5318873.5
11727,553618.75,5318880.0
11728,553430.2,5318896.5
11729,553232.25,5318949.0
11730,553074.3,5318834.5
11731,552887.0,5318802.0
11732,552732.7,5318773.5
11733,552624.25,5318667.5
11734,552495.6,5318575.5
11735,552316.6,5318627.5
11736,552214.8,5318504.5
11737,552065.44,5318491.0
11738,552025.44,5318327.0
11739,551904.44,5318292.5
11740,551858.56,5318161.5
11741,551800.7,5318062.0
11742,551733.7,5317969.0
11743,551652.7,5317908.5
11744,551574.94,5317851.0
11745,551493.25,5317773.5
11746,550218.44,5318998.5
11747,550243.6,5319093.0
11748,550153.6,5319194.0
11749,550065.4,5319297.5
11750,549975.5,5319406.0
11751,549870.25,5319525.5
11752,549759.9,5319664.0
11753,550303.4,5318904.0
11754,549652.5,5319811.5
11755,549537.4,5319961.0
11756,549608.0,5320141.5
11757,549487.25,5320303.5
11758,549357.5,5320472.0
11759,549216.94,5320643.5
11760,549057.44,5320811.5
11761,549142.56,5321007.5
11762,548978.06,5321181.0
11763,548813.2,5321363.0
11764,548653.5,5321583.0
11765,548376.75,5321573.0
11766,548191.56,5321792.5
11767,547999.6,5322037.5
11768,547681.94,5322012.5
11769,545973.2,5320605.0
11770,545818.6,5320417.5
11771,545852.2,5320193.5
11772,545106.3,5320451.5
11773,545299.1,5320406.5
11774,545439.9,5320528.0
11775,545631.7,5320462.5
11776,547826.9,5322344.5
11777,547878.25,5322712.5
11778,540921.3,5338586.5
11779,540738.6,5338717.0
11780,541145.25,5338424.0
11781,541282.94,5338185.0
11782,541532.56,5338118.5
11783,541794.94,5338088.0
11784,541945.7,5338291.0
11785,542188.4,5338270.5
11786,542420.1,5338255.0
11787,542546.1,5338061.0
11788,542778.94,5338068.5
11789,542982.06,5338039.0
11790,543194.94,5338031.5
11791,543334.6,5337859.0
11792,543470.7,5337689.5
11793,543654.94,5337703.5
11794,543821.9,5337622.0
11795,544001.7,5337727.0
11796,544226.75,5337687.5
11797,544445.06,5337624.0
11798,544476.6,5337409.0
11799,544670.0,5337315.5
11800,544882.7,5337242.0
11801,545097.75,5337180.5
11802,545312.44,5337132.0
11803,545523.8,5337231.0
11804,545713.0,5337307.5
11805,545884.5,5337279.5
11806,546073.56,5337346.5
11807,546213.06,5337409.5
11808,546326.8,5337466.0
11809,546446.56,5337458.5
11810,546543.5,5337596.5
11811,546620.06,5337717.5
11812,546675.9,5337590.0
11813,546811.56,5337573.5
11814,546915.56,5337664.0
11815,547020.2,5337761.0
11816,547015.44,5337877.0
11817,547118.2,5337863.0
11818,547213.4,5337835.5
11819,547299.44,5337883.5
11820,547388.44,5337915.0
11821,547479.1,5337933.0
11822,547910.2,5338675.5
11823,547835.3,5338852.5
11824,548073.6,5342013.5
11825,548050.5,5341949.5
11826,547421.0,5362495.0
11827,547385.0,5362655.0
11828,557677.0,5313918.5
11829,557620.75,5313983.5
11830,557708.25,5314035.5
11831,557701.75,5314126.0
11832,557634.4,5314183.5
11833,557549.8,5314257.0
11834,557490.0,5314368.0
11835,557446.9,5314493.0
11836,557446.4,5314605.0
11837,557356.4,5314688.0
11838,557243.06,5314727.5
11839,557212.3,5314829.5
11840,557198.1,5314939.0
11841,557191.5,5315047.5
11842,557164.9,5315155.0
11843,557035.9,5315190.5
11844,557009.75,5315303.5
11845,556886.9,5315352.5
11846,556882.4,5315471.0
11847,556763.94,5315536.5
11848,556776.25,5315660.5
11849,556662.4,5315745.5
11850,556683.5,5315876.0
11851,556574.06,5315976.0
11852,556472.1,5316089.0
11853,556376.5,5316203.0
11854,556291.4,5316339.0
11855,556229.3,5316488.5
11856,556156.94,5316631.0
11857,556071.4,5316773.0
11858,555994.94,5316923.5
11859,555919.8,5317070.5
11860,555839.44,5317215.5
11861,555677.1,5317215.5
11862,555601.0,5317367.5
11863,555524.94,5317519.5
11864,555448.4,5317671.5
11865,555371.56,5317824.5
11866,555197.44,5317833.5
11867,555116.5,5317989.5
11868,555035.5,5318145.5
11869,554856.5,5318151.5
11870,554774.44,5318312.5
11871,554695.1,5318474.5
11872,554618.6,5318639.0
11873,554545.44,5318805.0
11874,554477.25,5318973.0
11875,554295.7,5318997.0
11876,554112.75,5319020.0
11877,553929.06,5319041.0
11878,553745.06,5319058.5
11879,553561.9,5319069.5
11880,553376.6,5319088.5
11881,553189.1,5319146.5
11882,553037.9,5319050.5
11883,552880.7,5318990.5
11884,552718.25,5318938.0
11885,552571.3,5318851.5
11886,552442.7,5318746.0
11887,552266.3,5318792.0
11888,552128.0,5318662.5
11889,551954.5,5318599.0
11890,551927.1,5318443.5
11891,551803.7,5318393.0
11892,551794.7,5318268.0
11893,551717.94,5318187.5
11894,551693.5,5318078.5
11895,551620.1,5318024.5
11896,551544.9,5317967.5
11897,551497.7,5317874.0
11898,550331.9,5318992.5
11899,550363.5,5319083.5
11900,550285.75,5319193.5
11901,550207.1,5319306.5
11902,550125.8,5319423.0
11903,550022.6,5319543.0
11904,549909.6,5319676.0
11905,549812.2,5319828.5
11906,550403.3,5318893.0
11907,549716.56,5319984.0
11908,549808.2,5320136.5
11909,549705.6,5320299.5
11910,549587.75,5320470.5
11911,549462.25,5320649.0
11912,549313.94,5320827.0
11913,549386.3,5321017.0
11914,549239.3,5321216.5
11915,549086.3,5321405.0
11916,548925.44,5321598.5
11917,548770.2,5321825.0
11918,548500.0,5321835.5
11919,548326.6,5322059.0
11920,548145.9,5322299.0
11921,545662.1,5320248.0
11922,545477.4,5320319.0
11923,548087.75,5322605.0
11924,548120.9,5322943.5
11925,547869.6,5323062.0
11926,540583.4,5338474.0
11927,540830.75,5338341.5
11928,540980.25,5338179.0
11929,541117.56,5337971.0
11930,541368.06,5337913.0
11931,541637.3,5337882.5
11932,541904.06,5337860.5
11933,542051.9,5338064.0
11934,542296.75,5338048.0
11935,542423.4,5337854.0
11936,542670.2,5337861.5
11937,542884.75,5337833.0
11938,543101.94,5337827.5
11939,543240.44,5337649.0
11940,543392.2,5337464.0
11941,543612.0,5337478.0
11942,543865.25,5337444.5
11943,544050.1,5337563.5
11944,544278.1,5337500.0
11945,544300.4,5337285.0
11946,544489.5,5337182.0
11947,544715.7,5337106.0
11948,544944.5,5337033.0
11949,545164.1,5336956.0
11950,545378.8,5336868.0
11951,545490.7,5337054.0
11952,545684.2,5337143.0
11953,545830.75,5337072.5
11954,546022.75,5337176.5
11955,546196.8,5337245.5
11956,546347.44,5337305.5
11957,546482.56,5337328.5
11958,546575.75,5337454.5
11959,546703.7,5337457.0
11960,546810.0,5337419.0
11961,546922.0,5337410.0
11962,546959.2,5337529.0
11963,547040.56,5337643.0
11964,547127.06,5337747.5
11965,547227.8,5337727.0
11966,547307.2,5337782.0
11967,547386.5,5337822.5
11968,547468.6,5337861.5
11969,547976.6,5338819.5
11970,547987.56,5338976.5
11971,547847.3,5339014.0
11972,548123.5,5341925.5
11973,548217.5,5341972.5
11974,547597.0,5362502.0
11975,547613.0,5362678.0
11976,557760.56,5313970.0
11977,557810.3,5314024.0
11978,557807.75,5314115.5
11979,557745.2,5314221.0
11980,557654.25,5314271.5
11981,557601.9,5314351.5
11982,557557.4,5314450.5
11983,557544.1,5314554.0
11984,557540.6,5314657.0
11985,557455.4,5314697.5
11986,557414.6,5314781.5
11987,557320.7,5314800.0
11988,557289.4,5314895.0
11989,557307.2,5314997.5
11990,557289.5,5315122.5
11991,557247.75,5315231.0
11992,557128.44,5315260.0
11993,557107.25,5315369.0
11994,556998.06,5315418.0
11995,556999.56,5315531.5
11996,556889.06,5315589.5
11997,556901.8,5315707.0
11998,556793.4,5315784.0
11999,556811.8,5315906.5
12000,556707.4,5316003.5
12001,556606.2,5316109.5
12002,556521.56,5316243.5
12003,556418.25,5316336.0
12004,556375.4,5316471.5
12005,556329.7,5316626.5
12006,556235.5,5316768.0
12007,556153.2,5316911.0
12008,556087.0,5317074.5
12009,555996.0,5317223.0
12010,555916.44,5317366.5
12011,555763.06,5317362.5
12012,555689.8,5317510.0
12013,555616.1,5317657.5
12014,555542.06,5317806.0
12015,555467.94,5317955.5
12016,555293.75,5317977.0
12017,555214.8,5318129.5
12018,555136.3,5318283.0
12019,554955.06,5318302.0
12020,554876.4,5318460.5
12021,554800.4,5318620.0
12022,554727.25,5318782.0
12023,554658.25,5318945.5
12024,554595.7,5319112.0
12025,554417.3,5319144.5
12026,554238.56,5319173.5
12027,554059.1,5319201.0
12028,553879.1,5319226.0
12029,553698.6,5319247.5
12030,553518.3,5319262.0
12031,553337.5,5319284.0
12032,553156.2,5319343.0
12033,553000.0,5319249.5
12034,552842.06,5319184.5
12035,552685.2,5319117.5
12036,552530.9,5319033.0
12037,552394.8,5318925.0
12038,552226.7,5318965.0
12039,552097.6,5318845.0
12040,551966.2,5318750.0
12041,551815.4,5318680.5
12042,551809.75,5318537.0
12043,551687.44,5318471.0
12044,551692.5,5318331.0
12045,551596.6,5318268.5
12046,551604.3,5318148.0
12047,551520.8,5318090.5
12048,551444.3,5318043.0
12049,551461.44,5317957.5
12050,550451.8,5318978.5
12051,550472.4,5319073.0
12052,550416.9,5319177.0
12053,550347.56,5319298.0
12054,550277.1,5319423.0
12055,550181.4,5319551.0
12056,550067.3,5319682.0
12057,549970.7,5319825.0
12058,549893.06,5319980.0
12059,550502.1,5318874.5
12060,549997.6,5320131.5
12061,549916.1,5320282.5
12062,549811.0,5320451.0
12063,549702.4,5320630.0
12064,549580.2,5320829.0
12065,549585.06,5321035.0
12066,549474.25,5321228.0
12067,549345.2,5321436.5
12068,549197.4,5321633.0
12069,549044.3,5321828.0
12070,548908.3,5322024.0
12071,548657.75,5322112.0
12072,548463.8,5322320.0
12073,548314.5,5322527.0
12074,548350.9,5322809.0
12075,548383.06,5323152.5
12076,548067.3,5323263.5
12077,547721.2,5323381.0
12078,540647.6,5338120.5
12079,540432.3,5338227.0
12080,540841.5,5337969.5
12081,540934.8,5337769.0
12082,541192.5,5337709.0
12083,541471.1,5337679.0
12084,541747.2,5337656.5
12085,542012.9,5337636.5
12086,542160.25,5337842.0
12087,542288.4,5337647.5
12088,542548.25,5337654.5
12089,542773.3,5337625.5
12090,543000.1,5337617.0
12091,543137.06,5337439.5
12092,543272.2,5337277.0
12093,543497.25,5337184.5
12094,543716.6,5337292.5
12095,543932.25,5337242.5
12096,544108.06,5337384.5
12097,544120.2,5337146.0
12098,544307.2,5337045.0
12099,544533.7,5336973.0
12100,544769.56,5336902.5
12101,544992.44,5336818.5
12102,545192.5,5336717.0
12103,545386.0,5336610.5
12104,545574.8,5336742.0
12105,545617.2,5336945.5
12106,545783.06,5336873.0
12107,545983.3,5336995.5
12108,546164.06,5337075.5
12109,546323.4,5337132.0
12110,546480.4,5337170.5
12111,546609.5,5337301.0
12112,546739.6,5337344.5
12113,546849.44,5337298.5
12114,546974.06,5337220.0
12115,547060.94,5337315.0
12116,547071.8,5337428.5
12117,547102.2,5337536.5
12118,547156.06,5337638.0
12119,547252.1,5337630.5
12120,547324.5,5337677.0
12121,547396.94,5337724.5
12122,547465.94,5337764.0
12123,547997.7,5339135.0
12124,547863.7,5339174.5
12125,548282.06,5341909.0
12126,548337.8,5341984.5
12127,547836.6,5362611.5
12128,547766.94,5362450.0
12129,557855.1,5313939.5
12130,557904.56,5314033.0
12131,557922.25,5314136.0
12132,557854.5,5314208.0
12133,557813.0,5314301.0
12134,557720.5,5314343.5
12135,557658.6,5314422.5
12136,557642.06,5314511.0
12137,557638.8,5314616.5
12138,557616.75,5314721.0
12139,557518.56,5314765.5
12140,557468.6,5314848.5
12141,557386.56,5314896.0
12142,557427.9,5314994.0
12143,557379.44,5315065.0
12144,557408.7,5315139.5
12145,557355.3,5315223.0
12146,557301.94,5315333.0
12147,557203.9,5315321.5
12148,557208.75,5315415.5
12149,557106.56,5315476.5
12150,557111.5,5315586.0
12151,557008.56,5315644.5
12152,557021.6,5315758.0
12153,556917.3,5315824.5
12154,556932.0,5315941.5
12155,556829.94,5316026.5
12156,556734.06,5316127.5
12157,556648.56,5316220.5
12158,556632.06,5316344.0
12159,556515.56,5316409.0
12160,556486.4,5316549.0
12161,556471.56,5316669.0
12162,556393.3,5316768.0
12163,556317.5,5316886.5
12164,556251.25,5317011.0
12165,556218.7,5317131.0
12166,556142.75,5317250.0
12167,556056.06,5317383.0
12168,555987.94,5317523.5
12169,555845.1,5317509.0
12170,555775.3,5317650.0
12171,555704.7,5317791.5
12172,555634.5,5317933.5
12173,555563.1,5318076.5
12174,555392.4,5318105.0
12175,555317.0,5318254.5
12176,555241.94,5318405.0
12177,555058.6,5318437.0
12178,554983.2,5318593.0
12179,554910.4,5318750.0
12180,554840.9,5318909.0
12181,554775.6,5319071.0
12182,554719.3,5319235.5
12183,554543.75,5319282.0
12184,554369.56,5319319.5
12185,554195.3,5319353.5
12186,554020.25,5319385.0
12187,553844.3,5319414.0
12188,553667.6,5319440.5
12189,553491.0,5319457.0
12190,553313.3,5319481.5
12191,553136.5,5319540.5
12192,552974.75,5319446.0
12193,552813.25,5319378.0
12194,552654.25,5319305.5
12195,552497.75,5319217.0
12196,552339.0,5319123.5
12197,552167.8,5319114.5
12198,552049.9,5319013.0
12199,551923.6,5318910.5
12200,551819.9,5318814.0
12201,551682.6,5318774.5
12202,551680.56,5318619.0
12203,551564.0,5318543.5
12204,551575.7,5318403.5
12205,551480.94,5318331.5
12206,551498.7,5318210.5
12207,551415.8,5318147.0
12208,551342.4,5318078.5
12209,551370.44,5317987.0
12210,550558.5,5318926.0
12211,550566.1,5319014.0
12212,550559.6,5319136.5
12213,550483.2,5319269.0
12214,550427.9,5319405.0
12215,550344.0,5319541.5
12216,550231.44,5319683.0
12217,550135.1,5319826.0
12218,550060.2,5319974.5
12219,550619.6,5318843.0
12220,550553.7,5318792.0
12221,550172.5,5320129.5
12222,550129.06,5320307.0
12223,550006.25,5320429.0
12224,549937.8,5320595.0
12225,549834.8,5320775.5
12226,549773.5,5320976.0
12227,549698.0,5321203.0
12228,549582.06,5321433.5
12229,549452.3,5321659.0
12230,549305.2,5321866.5
12231,549151.0,5322072.0
12232,548959.0,5322257.5
12233,548757.7,5322413.5
12234,548566.5,5322607.5
12235,548614.3,5322896.5
12236,548658.56,5323158.0
12237,548583.8,5323457.5
12238,548274.6,5323481.0
12239,547923.8,5323558.5
12240,547511.25,5323668.0
12241,540426.3,5337932.5
12242,540635.2,5337782.0
12243,540198.25,5338040.5
12244,540770.6,5337581.5
12245,541000.8,5337515.0
12246,541293.0,5337483.0
12247,541579.0,5337456.0
12248,541854.56,5337433.0
12249,542142.06,5337441.5
12250,542414.44,5337448.0
12251,542649.56,5337417.5
12252,542886.1,5337405.5
12253,543019.6,5337221.5
12254,543193.75,5337078.0
12255,543349.5,5336945.0
12256,543594.0,5336924.0
12257,543752.06,5337085.5
12258,543945.1,5336990.0
12259,544131.0,5336890.5
12260,544354.56,5336824.5
12261,544586.7,5336761.0
12262,544806.0,5336682.0
12263,545003.75,5336582.5
12264,545198.94,5336477.0
12265,545419.7,5336385.5
12266,545600.94,5336517.5
12267,545769.6,5336665.5
12268,545954.3,5336802.0
12269,546134.9,5336891.5
12270,546297.4,5336950.5
12271,546433.4,5337012.0
12272,546579.06,5337002.0
12273,546621.6,5337147.0
12274,546726.2,5337213.5
12275,546839.3,5337164.5
12276,546921.8,5337064.5
12277,547063.2,5337093.5
12278,547135.2,5337215.0
12279,547178.9,5337328.0
12280,547199.8,5337437.5
12281,547225.56,5337537.0
12282,547330.6,5337565.5
12283,547416.75,5337624.0
12284,547491.25,5337683.5
12285,547551.44,5337757.5
12286,548034.9,5339289.5
12287,547897.75,5339332.0
12288,548402.06,5341920.0
12289,548458.2,5342002.0
12290,547990.94,5362398.0
12291,548014.0,5362570.0
12292,557950.9,5313928.0
12293,558013.9,5314003.0
12294,557986.5,5314083.5
12295,558049.25,5314160.5
12296,557966.94,5314217.0
12297,557898.3,5314286.5
12298,557884.94,5314380.5
12299,557805.9,5314396.0
12300,557749.4,5314464.5
12301,557717.3,5314555.5
12302,557747.1,5314638.0
12303,557697.4,5314700.0
12304,557715.06,5314795.0
12305,557588.0,5314803.0
12306,557541.25,5314883.5
12307,557492.06,5314937.0
12308,557544.6,5315020.5
12309,557483.25,5315079.0
12310,557527.7,5315158.0
12311,557457.75,5315197.5
12312,557473.8,5315250.0
12313,557395.1,5315301.5
12314,557392.3,5315388.0
12315,557303.5,5315449.0
12316,557210.06,5315520.5
12317,557217.56,5315628.0
12318,557121.9,5315696.0
12319,557137.0,5315808.0
12320,557035.4,5315871.5
12321,557045.8,5315985.0
12322,556944.7,5316057.5
12323,556845.4,5316144.5
12324,556755.8,5316264.0
12325,556741.75,5316402.5
12326,556628.0,5316494.0
12327,556593.5,5316633.0
12328,556546.6,5316760.0
12329,556477.5,5316870.5
12330,556411.2,5316981.5
12331,556357.0,5317095.5
12332,556300.5,5317212.0
12333,556262.94,5317316.5
12334,556186.6,5317407.5
12335,556121.44,5317531.5
12336,556064.06,5317677.5
12337,555921.94,5317660.0
12338,555852.1,5317795.5
12339,555786.7,5317929.5
12340,555719.9,5318063.0
12341,555652.7,5318197.5
12342,555491.4,5318220.0
12343,555420.5,5318365.5
12344,555347.5,5318511.0
12345,555166.9,5318556.0
12346,555095.3,5318710.0
12347,555025.44,5318863.5
12348,554957.6,5319020.5
12349,554897.6,5319180.0
12350,554848.0,5319343.0
12351,554675.5,5319404.0
12352,554506.06,5319455.0
12353,554337.44,5319498.0
12354,554168.1,5319536.0
12355,553997.44,5319572.0
12356,553825.06,5319605.5
12357,553651.75,5319639.5
12358,553477.8,5319652.0
12359,553297.75,5319675.0
12360,553130.25,5319740.0
12361,552962.56,5319643.0
12362,552796.94,5319573.0
12363,552634.56,5319497.5
12364,552476.56,5319407.5
12365,552322.0,5319326.5
12366,552167.9,5319270.5
12367,552014.1,5319186.0
12368,551872.6,5319072.5
12369,551732.2,5318948.0
12370,551561.4,5318867.5
12371,551554.5,5318703.5
12372,551448.9,5318621.0
12373,551442.4,5318468.5
12374,551371.06,5318363.5
12375,551385.8,5318258.0
12376,551307.4,5318186.5
12377,551245.56,5318098.0
12378,551270.25,5317995.5
12379,550658.5,5318930.5
12380,550673.44,5319045.5
12381,550703.3,5319158.0
12382,550604.2,5319238.5
12383,550570.75,5319365.5
12384,550518.56,5319518.5
12385,550394.75,5319668.0
12386,550305.4,5319820.0
12387,550231.4,5319972.5
12388,550663.75,5318745.5
12389,550737.2,5318821.0
12390,550585.5,5318696.5
12391,550354.0,5320115.0
12392,550326.2,5320274.0
12393,550302.0,5320423.5
12394,550163.3,5320543.5
12395,550066.7,5320736.0
12396,549974.0,5320925.5
12397,549922.06,5321168.5
12398,549801.94,5321402.0
12399,549683.75,5321650.0
12400,549553.06,5321889.0
12401,549403.1,5322107.5
12402,549231.75,5322320.0
12403,549042.25,5322518.5
12404,548837.4,5322698.0
12405,548884.1,5322979.5
12406,548869.56,5323265.5
12407,548843.3,5323526.0
12408,548730.8,5323799.5
12409,548445.4,5323762.0
12410,548135.9,5323772.5
12411,547803.9,5323825.5
12412,547565.5,5324081.5
12413,547293.94,5323951.0
12414,540192.94,5337814.0
12415,540384.5,5337652.0
12416,540553.0,5337474.5
12417,539935.2,5337903.0
12418,540768.2,5337319.5
12419,541094.44,5337304.5
12420,541391.2,5337266.0
12421,541682.1,5337240.5
12422,541979.25,5337237.5
12423,542258.7,5337234.5
12424,542511.44,5337211.5
12425,542758.8,5337194.0
12426,542893.4,5337007.0
12427,543055.3,5336875.5
12428,543200.0,5336728.0
12429,543422.94,5336761.0
12430,543587.6,5336651.0
12431,543782.25,5336811.0
12432,543965.2,5336712.0
12433,544188.5,5336652.5
12434,544413.9,5336592.0
12435,544629.4,5336526.0
12436,544821.9,5336430.0
12437,545012.2,5336330.5
12438,545228.1,5336248.0
12439,545464.25,5336174.0
12440,545658.0,5336304.0
12441,545820.4,5336445.0
12442,545966.0,5336600.5
12443,546133.5,5336710.5
12444,546307.06,5336785.5
12445,546469.5,5336862.0
12446,546660.25,5336856.0
12447,546739.2,5337046.0
12448,546831.9,5336937.0
12449,546999.56,5336922.0
12450,547144.9,5336982.5
12451,547213.56,5337098.5
12452,547285.4,5337218.5
12453,547286.8,5337343.0
12454,547328.5,5337444.5
12455,547425.5,5337521.0
12456,547513.8,5337586.5
12457,547582.06,5337673.5
12458,547643.94,5337747.0
12459,547574.4,5337842.5
12460,547982.4,5339469.0
12461,548100.94,5339433.5
12462,548522.4,5341925.5
12463,548606.8,5341988.5
12464,548197.0,5362564.0
12465,548223.0,5362378.0
12466,558066.9,5314085.0
12467,557962.4,5314347.5
12468,557982.3,5314264.5
12469,557959.56,5314447.5
12470,557865.56,5314484.5
12471,557805.25,5314561.5
12472,557832.75,5314665.0
12473,557777.1,5314740.0
12474,557795.25,5314857.0
12475,557694.94,5314887.5
12476,557621.7,5314830.0
12477,557602.0,5314963.0
12478,557662.94,5315042.0
12479,557599.2,5315105.0
12480,557637.44,5315198.5
12481,557544.3,5315245.0
12482,557479.1,5315316.0
12483,557483.9,5315312.0
12484,557485.9,5315415.5
12485,557397.75,5315488.0
12486,557309.06,5315556.5
12487,557320.2,5315664.0
12488,557229.25,5315738.5
12489,557249.75,5315857.5
12490,557147.25,5315920.5
12491,557151.56,5316033.5
12492,557053.94,5316097.5
12493,556958.06,5316168.0
12494,556870.44,5316241.5
12495,556850.25,5316348.0
12496,556856.44,5316474.0
12497,556751.75,5316515.5
12498,556709.9,5316617.5
12499,556674.56,5316738.5
12500,556624.8,5316854.0
12501,556563.56,5316961.0
12502,556503.0,5317068.5
12503,556445.1,5317180.0
12504,556392.44,5317292.0
12505,556330.5,5317404.0
12506,556264.3,5317513.5
12507,556208.0,5317632.5
12508,556182.56,5317758.5
12509,556092.0,5317832.0
12510,555982.56,5317814.0
12511,555922.8,5317947.0
12512,555858.0,5318074.0
12513,555795.44,5318200.0
12514,555732.25,5318327.5
12515,555585.06,5318334.5
12516,555516.9,5318471.5
12517,555448.2,5318608.5
12518,555274.56,5318660.5
12519,555212.25,5318824.5
12520,555129.9,5318982.0
12521,555068.3,5319137.0
12522,555015.1,5319293.0
12523,554971.56,5319452.5
12524,554810.56,5319509.5
12525,554647.25,5319575.0
12526,554484.94,5319631.0
12527,554321.8,5319678.0
12528,554157.06,5319720.5
12529,553989.56,5319760.0
12530,553816.94,5319799.0
12531,553635.5,5319855.5
12532,553449.1,5319818.5
12533,553299.8,5319875.5
12534,553136.9,5319938.5
12535,552962.25,5319840.5
12536,552791.94,5319769.0
12537,552624.9,5319691.5
12538,552461.9,5319599.0
12539,552302.4,5319518.0
12540,552146.5,5319451.0
12541,551994.9,5319362.5
12542,551848.56,5319251.5
12543,551696.8,5319141.0
12544,551584.7,5319014.5
12545,551427.5,5318980.0
12546,551424.4,5318796.5
12547,551343.6,5318684.5
12548,551330.94,5318558.0
12549,551295.56,5318440.5
12550,551263.94,5318309.0
12551,551201.4,5318203.0
12552,551155.7,5318112.0
12553,551172.25,5318015.5
12554,550760.8,5318950.0
12555,550802.4,5319066.0
12556,550841.8,5319198.0
12557,550708.0,5319292.5
12558,550680.8,5319442.0
12559,550671.1,5319588.0
12560,550539.25,5319658.0
12561,550473.6,5319799.5
12562,550407.6,5319955.5
12563,550686.7,5318639.5
12564,550772.1,5318696.0
12565,550863.0,5318751.5
12566,550831.94,5318860.0
12567,550601.1,5318597.5
12568,550534.7,5320084.5
12569,550516.06,5320250.5
12570,550509.5,5320425.0
12571,550381.8,5320582.0
12572,550279.1,5320733.0
12573,550185.0,5320901.5
12574,550100.3,5321063.0
12575,550159.75,5321243.0
12576,550018.8,5321398.5
12577,549896.06,5321619.0
12578,549779.1,5321880.5
12579,549649.25,5322130.5
12580,549486.1,5322353.5
12581,549299.06,5322577.0
12582,549099.7,5322796.0
12583,549141.4,5323107.0
12584,549087.44,5323414.0
12585,549018.5,5323691.5
12586,548967.9,5323937.0
12587,548832.0,5324142.5
12588,548575.25,5324079.5
12589,548291.8,5324043.5
12590,547961.4,5324053.5
12591,547796.4,5324330.0
12592,547429.0,5324432.5
12593,547163.56,5324278.0
12594,539982.6,5337736.0
12595,540133.1,5337584.0
12596,540305.94,5337394.5
12597,540491.1,5337208.0
12598,539754.0,5338005.0
12599,539803.25,5338135.5
12600,539747.4,5337770.0
12601,540671.8,5337018.5
12602,540925.2,5337135.0
12603,541200.8,5337082.5
12604,541490.8,5337046.5
12605,541803.5,5337041.5
12606,542098.7,5337032.5
12607,542363.6,5337006.0
12608,542621.94,5336981.0
12609,542752.0,5336766.0
12610,542964.75,5336678.5
12611,543070.9,5336511.5
12612,543330.0,5336556.5
12613,543496.25,5336413.0
12614,543777.8,5336506.0
12615,544027.3,5336462.5
12616,544252.9,5336417.5
12617,544467.5,5336346.0
12618,544658.25,5336248.5
12619,544842.2,5336152.0
12620,545050.75,5336082.5
12621,545278.0,5336025.0
12622,545508.44,5335955.0
12623,545697.6,5336096.5
12624,545907.9,5336228.5
12625,546045.3,5336403.5
12626,546162.56,5336540.0
12627,546317.8,5336617.5
12628,546502.06,5336702.5
12629,546677.0,5336699.5
12630,546828.2,5336797.5
12631,546982.0,5336758.0
12632,547163.9,5336831.5
12633,547279.7,5336950.0
12634,547348.44,5337076.0
12635,547424.94,5337198.5
12636,547391.25,5337318.5
12637,547438.94,5337418.0
12638,547518.25,5337467.5
12639,547583.75,5337521.0
12640,547605.3,5337597.0
12641,547674.75,5337642.0
12642,547747.7,5337688.5
12643,547714.75,5337785.5
12644,547642.75,5337856.0
12645,548088.3,5339591.0
12646,548215.3,5339543.0
12647,548641.4,5341910.5
12648,548734.2,5341955.0
12649,548369.0,5362613.0
12650,548464.0,5362447.0
12651,558058.8,5314333.0
12652,558011.94,5314391.0
12653,558067.2,5314228.5
12654,558066.06,5314433.5
12655,558026.8,5314513.0
12656,557960.44,5314547.0
12657,557892.0,5314595.0
12658,557914.0,5314696.5
12659,557852.6,5314769.0
12660,557893.56,5314858.5
12661,557871.56,5314941.0
12662,557769.8,5314965.0
12663,557648.4,5314965.0
12664,557580.94,5314892.0
12665,557715.94,5315127.0
12666,557751.5,5315220.5
12667,557691.56,5315292.0
12668,557612.5,5315289.5
12669,557558.25,5315346.5
12670,557489.06,5315389.0
12671,557492.7,5315515.0
12672,557406.0,5315594.0
12673,557423.25,5315711.0
12674,557331.6,5315770.0
12675,557353.7,5315862.5
12676,557340.94,5315949.5
12677,557246.94,5315977.5
12678,557249.7,5316087.5
12679,557154.3,5316143.0
12680,557057.1,5316209.0
12681,556959.2,5316280.5
12682,556952.5,5316388.5
12683,556965.9,5316487.5
12684,556930.7,5316582.5
12685,556825.9,5316602.0
12686,556790.5,5316719.0
12687,556755.3,5316838.0
12688,556705.0,5316945.5
12689,556642.7,5317050.0
12690,556583.56,5317157.5
12691,556527.75,5317267.0
12692,556469.3,5317376.5
12693,556409.3,5317485.5
12694,556353.25,5317594.0
12695,556309.4,5317703.0
12696,556279.4,5317810.0
12697,556193.8,5317904.5
12698,556055.8,5317968.0
12699,555983.25,5318095.5
12700,555923.06,5318219.0
12701,555863.44,5318339.5
12702,555803.5,5318462.0
12703,555668.44,5318457.0
12704,555605.25,5318585.0
12705,555543.9,5318713.0
12706,555385.2,5318744.5
12707,555353.06,5318874.0
12708,555276.44,5318990.5
12709,555216.94,5319132.5
12710,555165.3,5319278.0
12711,555121.3,5319426.5
12712,555088.9,5319577.5
12713,554943.9,5319616.0
12714,554791.5,5319678.5
12715,554636.0,5319747.5
12716,554480.0,5319807.5
12717,554321.8,5319858.5
12718,554161.0,5319905.0
12719,553996.56,5319947.5
12720,553827.4,5319992.0
12721,553666.5,5320078.0
12722,553486.3,5320000.5
12723,553320.44,5320075.0
12724,553155.94,5320135.5
12725,552973.5,5320038.5
12726,552797.8,5319966.0
12727,552625.5,5319886.5
12728,552456.75,5319791.5
12729,552291.8,5319708.5
12730,552131.44,5319637.0
12731,551976.4,5319544.0
12732,551823.1,5319436.5
12733,551687.8,5319335.5
12734,551566.2,5319257.0
12735,551503.06,5319133.0
12736,551341.44,5319132.0
12737,551253.0,5319020.0
12738,551311.06,5318898.5
12739,551264.94,5318785.0
12740,551228.7,5318652.0
12741,551203.7,5318529.5
12742,551179.0,5318407.5
12743,551142.3,5318295.0
12744,551087.3,5318185.0
12745,551079.06,5318052.0
12746,550883.0,5318958.0
12747,550938.8,5319069.5
12748,551012.06,5319172.5
12749,550937.4,5319286.5
12750,550816.8,5319360.5
12751,550814.2,5319514.0
12752,550791.6,5319681.5
12753,550639.25,5319752.5
12754,550582.4,5319917.5
12755,550692.94,5318532.5
12756,550787.5,5318582.5
12757,550888.0,5318638.0
12758,550997.75,5318708.0
12759,550941.1,5318837.0
12760,550607.4,5318497.0
12761,550710.8,5320032.0
12762,550698.44,5320197.5
12763,550708.0,5320361.0
12764,550732.4,5320524.0
12765,550565.2,5320592.5
12766,550498.4,5320757.0
12767,550387.8,5320913.0
12768,550293.06,5321084.0
12769,550385.0,5321272.5
12770,550252.5,5321439.5
12771,550112.94,5321611.0
12772,549984.9,5321834.5
12773,549890.06,5322123.5
12774,549743.44,5322394.5
12775,549540.7,5322607.0
12776,549339.5,5322847.5
12777,549408.1,5323109.5
12778,549330.8,5323370.0
12779,549271.3,5323642.5
12780,549203.06,5323907.0
12781,549104.6,5324168.5
12782,548987.4,5324412.5
12783,548705.2,5324397.0
12784,548432.4,5324351.0
12785,548137.8,5324317.0
12786,547996.4,5324594.5
12787,547665.56,5324631.0
12788,547297.8,5324761.5
12789,547039.44,5324612.0
12790,539878.3,5337599.0
12791,540043.0,5337377.5
12792,540218.75,5337160.0
12793,540378.7,5336941.0
12794,539683.4,5338138.0
12795,539587.56,5337905.5
12796,539738.0,5338217.0
12797,539840.8,5338241.0
12798,539496.9,5337698.0
12799,539674.6,5337594.0
12800,540534.75,5336749.5
12801,540775.7,5336797.0
12802,540980.4,5336929.5
12803,541274.44,5336834.0
12804,541610.4,5336850.5
12805,541923.0,5336839.0
12806,542201.2,5336804.5
12807,542470.44,5336774.5
12808,542566.1,5336540.0
12809,542808.9,5336505.0
12810,542937.6,5336295.5
12811,543210.56,5336337.0
12812,543374.9,5336179.5
12813,543650.25,5336249.0
12814,543892.25,5336250.5
12815,544113.75,5336210.5
12816,544312.6,5336192.5
12817,544474.4,5336072.0
12818,544674.44,5335943.0
12819,544899.25,5335881.0
12820,545113.44,5335833.5
12821,545334.7,5335819.5
12822,545497.6,5335686.5
12823,545687.25,5335856.0
12824,545881.1,5335991.0
12825,546055.25,5336076.5
12826,546178.2,5336251.0
12827,546295.4,5336401.0
12828,546453.0,5336535.0
12829,546635.0,5336537.0
12830,546819.94,5336641.5
12831,546980.4,5336590.5
12832,547116.1,5336689.5
12833,547263.06,5336655.0
12834,547333.8,5336790.0
12835,547416.9,5336922.5
12836,547481.8,5337054.0
12837,547549.56,5337181.0
12838,547518.25,5337327.5
12839,547613.1,5337414.5
12840,547665.56,5337534.5
12841,547764.56,5337590.0
12842,548213.2,5339693.5
12843,548340.5,5339637.0
12844,548770.8,5341870.5
12845,548858.4,5341898.5
12846,548635.94,5362606.0
12847,548503.0,5362720.0
12848,558133.1,5314303.5
12849,558154.7,5314394.0
12850,558064.0,5314603.5
12851,558108.9,5314540.5
12852,557978.3,5314643.0
12853,557998.2,5314748.0
12854,557925.94,5314781.0
12855,557973.7,5314836.5
12856,557976.5,5314925.5
12857,557944.6,5315019.0
12858,557884.2,5315033.0
12859,557789.2,5315054.5
12860,557703.2,5315048.5
12861,557783.0,5315315.0
12862,557727.2,5315380.5
12863,557644.5,5315379.5
12864,557585.25,5315445.5
12865,557495.9,5315491.0
12866,557499.56,5315614.5
12867,557506.4,5315714.0
12868,557513.2,5315813.5
12869,557429.56,5315826.5
12870,557435.7,5315932.0
12871,557435.75,5316029.5
12872,557342.8,5316051.0
12873,557343.25,5316153.5
12874,557249.06,5316193.5
12875,557152.56,5316251.0
12876,557054.0,5316319.0
12877,557052.06,5316429.5
12878,557046.75,5316556.0
12879,557000.06,5316670.0
12880,556898.75,5316697.0
12881,556866.9,5316812.0
12882,556838.75,5316937.5
12883,556768.1,5317042.5
12884,556706.9,5317148.5
12885,556653.4,5317256.5
12886,556599.6,5317362.5
12887,556541.56,5317466.5
12888,556487.75,5317572.0
12889,556439.94,5317678.0
12890,556394.7,5317786.5
12891,556334.94,5317898.5
12892,556283.25,5318005.5
12893,556168.75,5318023.5
12894,556103.0,5318117.0
12895,556046.6,5318231.5
12896,555990.5,5318348.0
12897,555932.6,5318464.0
12898,555876.44,5318584.5
12899,555746.4,5318588.0
12900,555687.7,5318711.0
12901,555627.5,5318834.0
12902,555490.1,5318843.5
12903,555430.06,5318979.0
12904,555367.4,5319109.5
12905,555315.44,5319244.0
12906,555271.06,5319380.5
12907,555234.2,5319519.0
12908,555210.44,5319660.0
12909,555072.8,5319727.5
12910,554933.44,5319776.5
12911,554790.25,5319845.0
12912,554641.0,5319918.0
12913,554489.8,5319982.5
12914,554335.56,5320038.0
12915,554178.25,5320088.0
12916,554017.44,5320135.0
12917,553854.9,5320185.5
12918,553693.06,5320278.5
12919,553505.6,5320205.0
12920,553337.4,5320292.0
12921,553156.5,5320313.5
12922,552991.44,5320234.5
12923,552813.3,5320162.5
12924,552636.3,5320082.5
12925,552461.25,5319986.0
12926,552290.7,5319900.5
12927,552125.2,5319826.0
12928,551964.6,5319729.5
12929,551806.06,5319613.5
12930,551627.1,5319522.5
12931,551507.06,5319400.0
12932,551410.8,5319271.5
12933,551252.7,5319269.0
12934,551172.25,5319155.0
12935,551094.4,5319044.0
12936,551161.94,5318902.0
12937,551136.75,5318748.0
12938,551105.75,5318620.0
12939,551090.1,5318497.5
12940,551068.94,5318386.0
12941,551038.0,5318287.0
12942,550978.06,5318210.0
12943,551009.6,5318115.0
12944,551013.5,5318946.0
12945,551081.9,5319305.0
12946,550947.5,5319424.0
12947,550938.1,5319597.0
12948,550910.9,5319777.5
12949,550750.4,5319858.0
12950,550668.3,5318420.5
12951,550778.3,5318474.0
12952,550885.8,5318524.5
12953,550993.5,5318576.5
12954,551052.44,5318827.5
12955,550877.06,5319960.0
12956,550875.1,5320130.0
12957,550887.9,5320290.0
12958,550914.75,5320452.5
12959,550930.5,5320630.5
12960,550709.9,5320691.5
12961,550668.75,5320842.0
12962,550579.8,5320949.0
12963,550495.1,5321098.0
12964,550594.56,5321283.5
12965,550474.56,5321469.5
12966,550340.5,5321643.5
12967,550202.06,5321816.5
12968,550085.9,5322014.5
12969,550145.5,5322245.0
12970,549972.5,5322359.5
12971,549973.56,5322578.5
12972,549771.25,5322677.5
12973,549573.8,5322860.5
12974,549620.2,5323089.0
12975,549584.4,5323354.0
12976,549512.3,5323624.5
12977,549446.56,5323883.5
12978,549359.9,5324142.0
12979,549276.75,5324403.5
12980,549177.6,5324643.0
12981,548865.75,5324662.0
12982,548574.8,5324657.5
12983,548293.7,5324621.0
12984,548166.1,5324898.0
12985,547872.56,5324884.5
12986,547554.2,5324928.0
12987,547234.06,5325088.5
12988,546906.94,5324942.0
12989,539779.4,5337383.5
12990,539944.25,5337162.0
12991,540110.2,5336918.5
12992,540257.75,5336648.0
12993,539376.94,5337956.5
12994,539661.3,5338199.5
12995,539802.0,5338409.0
12996,539685.0,5338324.0
12997,539277.0,5337602.5
12998,539476.25,5337407.0
12999,540497.56,5336506.5
13000,540737.94,5336561.5
13001,541000.1,5336688.0
13002,541188.7,5336541.0
13003,541448.94,5336633.0
13004,541743.25,5336649.5
13005,542022.75,5336611.5
13006,542299.9,5336570.5
13007,542409.9,5336322.5
13008,542672.25,5336287.0
13009,542825.0,5336061.5
13010,543094.8,5336104.0
13011,543270.44,5335936.5
13012,543538.0,5336007.5
13013,543778.7,5336023.0
13014,544006.2,5335984.0
13015,544229.6,5335969.5
13016,544390.44,5335822.5
13017,544556.25,5335704.0
13018,544754.5,5335667.0
13019,544974.2,5335595.0
13020,545218.94,5335620.5
13021,545364.56,5335486.5
13022,545610.6,5335425.0
13023,545736.7,5335628.5
13024,545875.1,5335809.0
13025,546080.7,5335850.5
13026,546222.75,5336000.5
13027,546341.1,5336168.0
13028,546493.4,5336373.0
13029,546690.94,5336341.0
13030,546820.9,5336473.0
13031,546988.4,5336411.0
13032,547149.5,5336532.0
13033,547326.06,5336461.0
13034,547409.4,5336603.0
13035,547475.75,5336752.0
13036,547552.44,5336892.0
13037,547614.06,5337027.0
13038,547672.9,5337149.0
13039,547634.25,5337283.5
13040,547708.44,5337359.5
13041,547702.1,5337442.0
13042,547732.7,5337507.5
13043,548359.25,5339759.0
13044,548494.9,5339670.5
13045,548852.1,5341811.0
13046,548975.0,5341819.5
13047,548640.0,5362854.0
13048,548776.0,5362759.0
13049,558171.9,5314596.5
13050,558148.56,5314687.5
13051,558054.0,5314684.0
13052,558200.5,5314501.0
13053,558081.9,5314754.5
13054,558057.06,5314845.0
13055,558073.25,5314943.0
13056,558027.56,5315019.5
13057,557987.5,5315099.0
13058,557906.06,5315127.0
13059,557816.56,5315409.5
13060,557708.25,5315482.5
13061,557599.8,5315544.5
13062,557502.75,5315590.5
13063,557520.06,5315913.0
13064,557526.9,5316012.5
13065,557531.75,5316112.5
13066,557436.8,5316129.0
13067,557432.94,5316229.5
13068,557339.5,5316255.5
13069,557244.44,5316298.0
13070,557147.2,5316358.5
13071,557139.8,5316468.5
13072,557147.75,5316576.0
13073,557097.94,5316671.0
13074,557057.56,5316763.0
13075,556971.44,5316783.5
13076,556941.44,5316880.5
13077,556957.6,5316975.5
13078,556877.06,5317057.5
13079,556811.2,5317152.0
13080,556761.0,5317259.5
13081,556717.94,5317365.5
13082,556661.75,5317468.0
13083,556605.9,5317566.0
13084,556559.7,5317672.0
13085,556515.75,5317778.0
13086,556457.8,5317887.0
13087,556406.06,5317996.5
13088,556354.7,5318105.0
13089,556231.9,5318119.0
13090,556174.5,5318227.0
13091,556120.8,5318339.0
13092,556065.7,5318451.0
13093,556011.4,5318561.5
13094,555962.8,5318672.5
13095,555826.94,5318720.5
13096,555755.06,5318844.0
13097,555697.6,5318966.0
13098,555570.2,5318961.0
13099,555514.25,5319087.5
13100,555462.06,5319213.0
13101,555416.75,5319340.5
13102,555378.75,5319469.5
13103,555344.7,5319597.0
13104,555326.5,5319732.0
13105,555201.1,5319800.5
13106,555074.4,5319875.0
13107,554946.3,5319933.0
13108,554807.6,5320005.5
13109,554660.6,5320083.0
13110,554513.1,5320153.0
13111,554361.5,5320214.0
13112,554206.9,5320270.0
13113,554050.5,5320326.0
13114,553888.44,5320372.5
13115,553727.1,5320467.5
13116,553534.3,5320425.5
13117,553365.56,5320491.5
13118,553201.8,5320479.0
13119,553019.0,5320431.5
13120,552839.25,5320359.5
13121,552656.8,5320279.0
13122,552475.4,5320181.0
13123,552298.9,5320094.0
13124,552128.06,5320018.0
13125,551961.6,5319919.5
13126,551801.3,5319800.0
13127,551645.0,5319700.0
13128,551466.44,5319668.0
13129,551405.8,5319539.5
13130,551327.8,5319409.5
13131,551182.6,5319399.0
13132,550981.56,5318463.5
13133,550962.7,5318369.0
13134,550942.06,5318299.0
13135,551067.6,5319493.5
13136,551076.8,5319679.5
13137,551036.75,5319875.5
13138,550755.6,5318373.5
13139,550870.75,5318424.0
13140,551037.44,5320044.5
13141,551063.75,5320214.0
13142,551072.44,5320356.5
13143,551125.25,5320495.0
13144,551157.3,5320663.0
13145,551013.8,5320796.5
13146,550827.4,5320805.0
13147,550765.06,5320976.5
13148,550701.2,5321119.0
13149,550797.3,5321302.5
13150,550676.5,5321485.0
13151,550554.25,5321677.5
13152,550419.75,5321855.5
13153,550278.75,5322030.5
13154,550355.2,5322216.0
13155,550370.1,5322423.0
13156,550182.7,5322504.0
13157,550209.7,5322738.0
13158,550002.6,5322819.5
13159,549801.2,5322930.0
13160,549803.56,5323182.0
13161,549814.3,5323403.0
13162,549744.94,5323615.5
13163,549694.25,5323863.5
13164,549609.2,5324096.0
13165,549527.6,5324351.0
13166,549505.56,5324620.0
13167,549354.7,5324850.0
13168,549046.06,5324885.0
13169,548739.7,5324918.0
13170,548448.3,5324924.0
13171,548329.6,5325198.5
13172,548048.25,5325183.0
13173,547762.1,5325177.5
13174,547488.44,5325211.5
13175,547322.75,5325447.0
13176,547036.7,5325354.0
13177,546764.56,5325264.0
13178,539646.8,5337175.0
13179,539832.25,5336949.5
13180,539974.06,5336679.5
13181,540045.4,5336402.5
13182,540320.6,5336337.0
13183,539152.56,5337758.5
13184,539536.0,5338244.0
13185,539420.3,5338094.0
13186,539616.0,5338483.0
13187,539731.9,5338643.0
13188,539472.0,5338366.0
13189,538942.4,5337545.5
13190,539135.6,5337348.0
13191,539338.8,5337151.5
13192,540639.9,5336273.0
13193,540930.06,5336418.0
13194,541129.8,5336255.0
13195,541366.4,5336361.0
13196,541597.9,5336465.0
13197,541844.7,5336422.5
13198,542128.06,5336379.5
13199,542237.5,5336137.5
13200,542542.2,5336044.0
13201,542744.2,5335801.5
13202,543002.2,5335853.5
13203,543189.0,5335678.5
13204,543443.9,5335763.0
13205,543685.06,5335779.0
13206,543889.4,5335779.5
13207,544105.44,5335701.0
13208,544308.3,5335567.5
13209,544517.25,5335466.5
13210,544727.94,5335403.0
13211,544913.0,5335322.5
13212,545149.4,5335338.0
13213,545425.0,5335304.5
13214,545641.8,5335123.5
13215,545882.6,5335271.0
13216,545866.56,5335489.5
13217,546001.0,5335652.5
13218,546227.25,5335752.5
13219,546386.06,5335901.5
13220,546475.8,5336069.0
13221,546554.0,5336222.0
13222,546722.7,5336096.0
13223,546857.5,5336255.5
13224,547045.8,5336210.0
13225,547178.75,5336356.5
13226,547382.0,5336262.0
13227,547505.75,5336413.0
13228,547545.9,5336590.5
13229,547622.7,5336721.0
13230,547696.06,5336869.5
13231,547751.3,5337007.5
13232,547802.06,5337141.5
13233,547748.7,5337265.0
13234,547810.3,5337402.0
13235,547820.5,5337525.0
13236,548519.1,5339782.5
13237,548649.94,5339696.5
13238,548964.7,5341742.0
13239,549055.0,5341763.0
13240,548884.0,5362991.0
13241,548724.0,5363039.0
13242,558256.6,5314556.0
13243,558253.6,5314656.0
13244,558229.06,5314752.5
13245,558149.7,5314795.5
13246,558147.94,5314888.5
13247,558155.1,5314972.5
13248,558113.1,5315040.0
13249,558066.06,5315118.0
13250,558001.1,5315198.0
13251,557925.75,5315224.5
13252,557845.5,5315505.0
13253,557773.9,5315567.5
13254,557687.94,5315603.0
13255,557599.44,5315657.0
13256,557509.56,5315690.0
13257,557527.56,5316212.0
13258,557519.1,5316311.5
13259,557426.25,5316330.0
13260,557332.94,5316358.0
13261,557236.9,5316402.0
13262,557231.0,5316502.0
13263,557231.4,5316594.0
13264,557190.1,5316681.5
13265,557149.2,5316793.5
13266,557047.7,5316876.5
13267,557058.1,5316994.0
13268,556977.06,5317084.5
13269,556907.1,5317172.5
13270,556847.4,5317254.0
13271,556834.3,5317369.5
13272,556772.6,5317477.0
13273,556717.2,5317580.5
13274,556660.9,5317665.5
13275,556642.0,5317776.0
13276,556571.9,5317883.5
13277,556522.94,5317992.5
13278,556473.44,5318098.5
13279,556421.9,5318204.5
13280,556301.94,5318215.0
13281,556249.44,5318324.0
13282,556197.25,5318433.5
13283,556144.0,5318541.5
13284,556093.8,5318648.5
13285,556050.44,5318757.0
13286,555938.3,5318777.5
13287,555873.44,5318866.0
13288,555818.44,5318977.5
13289,555767.25,5319093.0
13290,555644.6,5319087.5
13291,555594.56,5319208.5
13292,555549.4,5319329.5
13293,555510.9,5319453.0
13294,555478.4,5319576.5
13295,555438.4,5319683.0
13296,555448.9,5319799.0
13297,555329.44,5319863.5
13298,555212.25,5319939.0
13299,555099.9,5320021.5
13300,554975.3,5320079.5
13301,554837.4,5320156.0
13302,554695.44,5320239.0
13303,554549.3,5320316.0
13304,554398.6,5320385.0
13305,554242.5,5320450.5
13306,554079.6,5320533.5
13307,553900.3,5320542.0
13308,553776.25,5320655.0
13309,553599.0,5320637.5
13310,553429.44,5320658.0
13311,553246.94,5320665.5
13312,553061.2,5320622.5
13313,552873.6,5320556.0
13314,552687.2,5320475.5
13315,552498.94,5320376.5
13316,552315.6,5320289.5
13317,552139.56,5320212.5
13318,551966.9,5320112.0
13319,551798.3,5319987.5
13320,551636.8,5319881.5
13321,551502.0,5319805.0
13322,551338.75,5319819.0
13323,551274.7,5319675.0
13324,551214.9,5319543.0
13325,550849.8,5318338.5
13326,551175.75,5319802.5
13327,551219.0,5319961.5
13328,551188.3,5320130.5
13329,551275.44,5320305.5
13330,551318.44,5320508.5
13331,551347.2,5320703.0
13332,551202.3,5320847.5
13333,551066.25,5320987.0
13334,550907.75,5320937.0
13335,550913.8,5321127.5
13336,550988.0,5321343.0
13337,550867.56,5321517.5
13338,550749.25,5321697.5
13339,550630.5,5321890.5
13340,550501.0,5322066.0
13341,550542.3,5322282.5
13342,550603.75,5322517.5
13343,550420.6,5322656.0
13344,550438.5,5322887.0
13345,550223.8,5322973.5
13346,550013.75,5323064.5
13347,550011.8,5323307.5
13348,549980.3,5323555.5
13349,549931.94,5323801.0
13350,549890.3,5324060.0
13351,549745.1,5324258.0
13352,549750.5,5324472.0
13353,549805.5,5324690.5
13354,549639.75,5324869.0
13355,549483.06,5325045.0
13356,549220.1,5325087.0
13357,548921.6,5325134.5
13358,548618.8,5325181.0
13359,548502.56,5325457.0
13360,548215.44,5325481.0
13361,547924.06,5325467.0
13362,547630.2,5325471.5
13363,547478.7,5325747.5
13364,547164.06,5325725.0
13365,546870.25,5325658.5
13366,546587.5,5325573.5
13367,539541.75,5336941.5
13368,539731.1,5336731.0
13369,539754.2,5336436.0
13370,539842.3,5336135.5
13371,540118.3,5336118.0
13372,540418.9,5336074.0
13373,539292.0,5338308.0
13374,539127.9,5338034.5
13375,539458.8,5338756.0
13376,539345.0,5338515.0
13377,538919.0,5337176.0
13378,538772.94,5337304.5
13379,539101.0,5337095.0
13380,539132.0,5336938.0
13381,539328.0,5336860.0
13382,540731.4,5335954.5
13383,540887.1,5336173.0
13384,541048.25,5335982.0
13385,541340.1,5336069.5
13386,541628.56,5336238.5
13387,541955.4,5336200.0
13388,542054.4,5335922.0
13389,542321.3,5335911.5
13390,542500.6,5335735.0
13391,542673.06,5335510.0
13392,542927.1,5335583.5
13393,543120.0,5335412.0
13394,543378.1,5335503.0
13395,543595.44,5335556.5
13396,543826.75,5335506.0
13397,544056.4,5335408.0
13398,544279.25,5335298.5
13399,544505.4,5335206.0
13400,544726.9,5335131.0
13401,544961.6,5335093.0
13402,545184.56,5335047.0
13403,545359.5,5335151.5
13404,545447.4,5334939.5
13405,545699.8,5334822.0
13406,545932.3,5334995.0
13407,546159.5,5335189.5
13408,546120.25,5335466.5
13409,546311.94,5335588.0
13410,546490.9,5335698.5
13411,546611.25,5335912.0
13412,546842.5,5335871.5
13413,546952.9,5336041.0
13414,547178.9,5336020.0
13415,547243.25,5336176.5
13416,547428.4,5336015.0
13417,547553.56,5336176.0
13418,547638.2,5336352.0
13419,547698.2,5336529.5
13420,547764.75,5336696.0
13421,547839.75,5336850.5
13422,547888.2,5337007.5
13423,547939.0,5337156.5
13424,547868.6,5337273.5
13425,547924.7,5337377.5
13426,547919.75,5337484.5
13427,548670.56,5339836.0
13428,548790.56,5339771.0
13429,549074.2,5341664.0
13430,549175.5,5341703.0
13431,548940.56,5363241.0
13432,548745.1,5363264.5
13433,558229.06,5314852.5
13434,558234.6,5314951.0
13435,558205.9,5315048.5
13436,558157.9,5315131.5
13437,558101.06,5315212.5
13438,558048.4,5315287.5
13439,557965.6,5315316.5
13440,557863.7,5315603.5
13441,557779.44,5315662.5
13442,557690.8,5315717.0
13443,557600.06,5315780.5
13444,557516.44,5315789.5
13445,557510.56,5316410.5
13446,557418.44,5316431.0
13447,557324.94,5316459.0
13448,557314.06,5316558.0
13449,557288.25,5316658.5
13450,557255.2,5316759.0
13451,557239.94,5316862.0
13452,557146.7,5316914.5
13453,557152.0,5317025.5
13454,557070.56,5317104.5
13455,556997.44,5317196.0
13456,556926.6,5317289.0
13457,556948.2,5317395.0
13458,556878.8,5317486.0
13459,556818.06,5317593.0
13460,556758.8,5317711.0
13461,556749.4,5317836.5
13462,556670.94,5317891.5
13463,556634.9,5317991.5
13464,556589.0,5318096.0
13465,556538.0,5318195.0
13466,556487.2,5318297.0
13467,556371.56,5318311.5
13468,556322.06,5318418.5
13469,556270.75,5318525.5
13470,556220.25,5318631.5
13471,556171.75,5318737.5
13472,556121.7,5318845.5
13473,555998.94,5318869.0
13474,555942.8,5318975.5
13475,555892.06,5319085.5
13476,555844.3,5319198.0
13477,555719.2,5319210.0
13478,555674.2,5319327.0
13479,555634.06,5319446.0
13480,555599.2,5319570.5
13481,555561.5,5319706.0
13482,555565.06,5319844.5
13483,555454.3,5319923.5
13484,555345.25,5319994.5
13485,555239.25,5320075.0
13486,555131.0,5320175.5
13487,554996.4,5320211.0
13488,554883.8,5320299.5
13489,554744.0,5320386.5
13490,554598.75,5320469.5
13491,554447.94,5320547.0
13492,554294.9,5320626.5
13493,554154.25,5320730.0
13494,553965.3,5320728.0
13495,553806.25,5320827.0
13496,553647.6,5320831.5
13497,553479.1,5320850.0
13498,553301.94,5320851.0
13499,553111.2,5320812.0
13500,552915.4,5320753.5
13501,552726.56,5320675.0
13502,552532.2,5320570.5
13503,552341.94,5320483.5
13504,552156.8,5320411.0
13505,551980.9,5320311.0
13506,551803.7,5320176.5
13507,551627.6,5320061.0
13508,551444.5,5319969.5
13509,551327.7,5320105.5
13510,551468.56,5320171.5
13511,551472.06,5320362.0
13512,551497.0,5320557.5
13513,551527.56,5320751.5
13514,551385.7,5320896.0
13515,551249.94,5321043.0
13516,551114.3,5321187.0
13517,551174.7,5321395.0
13518,551053.5,5321562.0
13519,550939.5,5321739.5
13520,550816.75,5321893.0
13521,550731.75,5322094.5
13522,550716.7,5322305.5
13523,550839.94,5322409.5
13524,550793.44,5322600.5
13525,550662.7,5322779.0
13526,550641.56,5323023.0
13527,550430.7,5323121.0
13528,550220.94,5323212.0
13529,550197.94,5323453.5
13530,550160.5,5323697.0
13531,550124.5,5323936.0
13532,550144.5,5324163.5
13533,549957.9,5324306.0
13534,549994.1,5324524.0
13535,550054.6,5324743.5
13536,549883.56,5324921.5
13537,549700.75,5325136.5
13538,549402.4,5325265.0
13539,549108.9,5325329.5
13540,548800.94,5325388.0
13541,548693.25,5325659.5
13542,548395.4,5325761.0
13543,548081.5,5325746.5
13544,547788.4,5325750.5
13545,547640.1,5326025.5
13546,547320.94,5326027.0
13547,546993.0,5326010.5
13548,546684.94,5325949.0
13549,546384.44,5325865.5
13550,539503.1,5336671.0
13551,539534.5,5336295.5
13552,539645.94,5336027.5
13553,539933.6,5335845.5
13554,540210.6,5335849.5
13555,540484.3,5335827.5
13556,539064.3,5338366.5
13557,538876.3,5338176.5
13558,539212.94,5338789.0
13559,539322.75,5339015.0
13560,539144.8,5338588.5
13561,538738.2,5337109.0
13562,538898.94,5337005.5
13563,538887.9,5336804.5
13564,539177.6,5336662.0
13565,540672.44,5335642.0
13566,540946.44,5335713.5
13567,541231.3,5335775.0
13568,541502.5,5335809.5
13569,541601.9,5336013.5
13570,541816.44,5336054.0
13571,541783.1,5335835.0
13572,541965.4,5335639.5
13573,542230.8,5335678.0
13574,542407.56,5335455.0
13575,542587.5,5335221.0
13576,542857.75,5335299.0
13577,543071.94,5335134.0
13578,543302.6,5335267.0
13579,543561.94,5335279.0
13580,543809.5,5335204.0
13581,544046.06,5335120.5
13582,544287.75,5335026.5
13583,544534.6,5334935.0
13584,544786.4,5334871.5
13585,545031.3,5334837.5
13586,545259.56,5334822.0
13587,545462.6,5334674.5
13588,545711.44,5334525.0
13589,545975.4,5334693.5
13590,546230.4,5334898.0
13591,546428.2,5335123.0
13592,546371.75,5335401.5
13593,546611.4,5335399.5
13594,546730.9,5335670.0
13595,546970.3,5335661.0
13596,547078.7,5335852.0
13597,547292.3,5335850.5
13598,548016.5,5337285.5
13599,548014.1,5337430.0
13600,548802.5,5339929.5
13601,548929.94,5339847.5
13602,549209.6,5341608.0
13603,549321.3,5341639.0
13604,548757.0,5363521.0
13605,548937.7,5363548.0
13606,558295.2,5315029.5
13607,558256.75,5315142.0
13608,558194.9,5315227.0
13609,558140.5,5315317.0
13610,558029.06,5315390.0
13611,557878.5,5315702.5
13612,557790.7,5315763.5
13613,557702.44,5315827.0
13614,557618.25,5315899.0
13615,557523.25,5315889.0
13616,557502.94,5316510.0
13617,557408.2,5316531.0
13618,557384.5,5316627.0
13619,557351.8,5316725.0
13620,557333.8,5316825.5
13621,557330.1,5316925.5
13622,557239.44,5316967.5
13623,557243.75,5317071.0
13624,557163.7,5317131.0
13625,557090.3,5317210.5
13626,557022.0,5317303.0
13627,557054.9,5317406.0
13628,556988.56,5317497.0
13629,556922.1,5317588.0
13630,556868.8,5317693.0
13631,556847.5,5317801.0
13632,556830.5,5317906.5
13633,556749.1,5317973.5
13634,556697.8,5318090.5
13635,556655.9,5318198.0
13636,556595.3,5318279.5
13637,556565.3,5318372.0
13638,556443.1,5318400.0
13639,556393.6,5318505.0
13640,556344.7,5318610.0
13641,556297.06,5318714.0
13642,556247.75,5318817.5
13643,556198.25,5318922.5
13644,556070.75,5318955.0
13645,556021.06,5319062.5
13646,555972.75,5319170.0
13647,555927.44,5319281.0
13648,555800.44,5319311.5
13649,555758.8,5319425.0
13650,555721.1,5319539.5
13651,555689.25,5319659.0
13652,555675.3,5319776.5
13653,555676.4,5319894.0
13654,555571.6,5319964.0
13655,555473.4,5320047.0
13656,555380.7,5320121.5
13657,555277.5,5320202.0
13658,555193.1,5320317.5
13659,555057.7,5320327.0
13660,554937.0,5320436.0
13661,554801.5,5320528.5
13662,554651.94,5320616.5
13663,554499.6,5320704.0
13664,554348.6,5320812.5
13665,554196.5,5320901.0
13666,554045.8,5320917.0
13667,553888.3,5320968.5
13668,553715.4,5321016.5
13669,553543.56,5321039.0
13670,553363.3,5321039.5
13671,553169.75,5321000.0
13672,552969.25,5320945.0
13673,552764.6,5320892.5
13674,552571.9,5320762.0
13675,552377.8,5320676.5
13676,552187.1,5320607.0
13677,551991.1,5320529.5
13678,551817.8,5320368.0
13679,551640.0,5320252.5
13680,551648.8,5320440.5
13681,551674.6,5320635.5
13682,551715.6,5320828.0
13683,551567.4,5320938.5
13684,551427.06,5321084.5
13685,551301.9,5321239.5
13686,551365.75,5321429.0
13687,551247.2,5321593.5
13688,551127.56,5321773.0
13689,550989.44,5321975.5
13690,550913.94,5322194.5
13691,551055.94,5322324.0
13692,550991.75,5322527.5
13693,550919.1,5322737.0
13694,550856.44,5322939.0
13695,550819.1,5323163.0
13696,550618.0,5323261.5
13697,550411.8,5323357.0
13698,550378.8,5323593.5
13699,550345.44,5323824.0
13700,550316.4,5324034.0
13701,550406.6,5324227.0
13702,550194.9,5324373.5
13703,550198.4,5324583.0
13704,550331.0,5324743.5
13705,550147.75,5324929.5
13706,549980.5,5325116.5
13707,549850.0,5325325.0
13708,549587.8,5325393.0
13709,549297.8,5325530.0
13710,548984.2,5325570.5
13711,548902.6,5325837.0
13712,548641.94,5325944.0
13713,548402.75,5326097.0
13714,548197.75,5325986.0
13715,547939.3,5326025.0
13716,547807.3,5326289.5
13717,547497.4,5326301.0
13718,547149.3,5326295.5
13719,546801.3,5326295.5
13720,546494.1,5326228.0
13721,546167.06,5326146.5
13722,539312.7,5336437.5
13723,539299.7,5336180.0
13724,539434.06,5336020.0
13725,539624.7,5335812.5
13726,539767.9,5335535.5
13727,540054.06,5335579.0
13728,540358.25,5335600.0
13729,538989.1,5338673.5
13730,538817.1,5338465.5
13731,539025.2,5338989.0
13732,539182.1,5339276.0
13733,538719.44,5336912.5
13734,538717.4,5336714.0
13735,538907.44,5336605.0
13736,539089.0,5336511.0
13737,540552.94,5335379.5
13738,540867.56,5335412.0
13739,541137.25,5335486.0
13740,541415.9,5335553.5
13741,541688.7,5335589.5
13742,541862.4,5335361.0
13743,542134.06,5335407.0
13744,542305.2,5335169.0
13745,542485.94,5334936.5
13746,542797.0,5334992.5
13747,543098.44,5334866.5
13748,543335.8,5335029.5
13749,543579.3,5334970.5
13750,543821.1,5334909.0
13751,544074.0,5334840.5
13752,544340.44,5334754.5
13753,544620.9,5334661.5
13754,544899.6,5334609.0
13755,545184.7,5334608.0
13756,545405.7,5334424.0
13757,545655.56,5334243.0
13758,545999.7,5334375.0
13759,546269.7,5334615.0
13760,546564.0,5334828.0
13761,546656.75,5335095.5
13762,546804.25,5335230.0
13763,546864.5,5335449.0
13764,547095.9,5335441.5
13765,547181.06,5335658.0
13766,548115.9,5337390.0
13767,548952.75,5339988.5
13768,549079.25,5339898.0
13769,549340.5,5341546.5
13770,549427.1,5341549.0
13771,548727.0,5363743.0
13772,548905.5,5363809.0
13773,558337.8,5315117.5
13774,558347.5,5315217.0
13775,558284.2,5315243.0
13776,558255.25,5315315.0
13777,558226.9,5315397.0
13778,558127.1,5315404.0
13779,557893.6,5315801.0
13780,557805.44,5315866.0
13781,557719.44,5315938.0
13782,557617.7,5316002.5
13783,557530.1,5315988.5
13784,557491.3,5316609.0
13785,557445.3,5316697.5
13786,557417.7,5316789.5
13787,557419.8,5316889.5
13788,557420.06,5316989.0
13789,557328.75,5317025.5
13790,557333.25,5317126.0
13791,557258.5,5317172.5
13792,557186.0,5317233.0
13793,557119.56,5317313.0
13794,557156.6,5317413.5
13795,557094.75,5317509.5
13796,557029.0,5317597.0
13797,556960.75,5317673.5
13798,556946.44,5317772.0
13799,556931.56,5317888.0
13800,556866.1,5318011.5
13801,556789.56,5318083.5
13802,556766.75,5318201.5
13803,556699.06,5318325.5
13804,556632.6,5318438.0
13805,556514.94,5318475.0
13806,556467.94,5318578.5
13807,556423.06,5318681.0
13808,556376.5,5318784.0
13809,556326.8,5318885.5
13810,556277.7,5318990.5
13811,556149.94,5319029.0
13812,556104.25,5319137.0
13813,556053.4,5319241.0
13814,556009.2,5319354.0
13815,555888.75,5319393.5
13816,555846.06,5319499.0
13817,555807.6,5319610.0
13818,555791.06,5319719.0
13819,555782.7,5319830.0
13820,555776.3,5319946.5
13821,555677.25,5320011.0
13822,555582.44,5320070.5
13823,555525.25,5320173.0
13824,555417.94,5320243.0
13825,555322.75,5320323.5
13826,555242.6,5320443.5
13827,555103.7,5320456.5
13828,554992.7,5320584.5
13829,554835.4,5320678.0
13830,554689.0,5320771.0
13831,554544.8,5320864.0
13832,554425.94,5320975.0
13833,554284.1,5321032.0
13834,554124.56,5321093.5
13835,553965.8,5321141.5
13836,553797.56,5321188.5
13837,553621.4,5321222.5
13838,553437.0,5321224.0
13839,553239.4,5321185.0
13840,553037.06,5321133.0
13841,552845.2,5321098.0
13842,552665.6,5321091.0
13843,552586.9,5320934.0
13844,552416.06,5320867.0
13845,552230.6,5320803.0
13846,552044.44,5320745.0
13847,551863.94,5320705.0
13848,551808.44,5320536.5
13849,551902.4,5320897.5
13850,551752.1,5321032.5
13851,551582.25,5321104.5
13852,551480.6,5321263.5
13853,551564.25,5321414.5
13854,551467.3,5321586.5
13855,551346.8,5321757.0
13856,551230.75,5321936.5
13857,551135.3,5322124.5
13858,551270.9,5322267.0
13859,551196.6,5322462.5
13860,551131.7,5322666.0
13861,551076.06,5322871.5
13862,551025.0,5323078.5
13863,550981.5,5323299.0
13864,550789.4,5323401.0
13865,550590.25,5323499.5
13866,550556.7,5323732.5
13867,550512.44,5323970.5
13868,550638.7,5324123.5
13869,550578.75,5324367.5
13870,550385.5,5324485.5
13871,550552.06,5324609.0
13872,550587.06,5324806.0
13873,550407.7,5324943.0
13874,550243.5,5325107.5
13875,550102.6,5325293.5
13876,549996.8,5325505.5
13877,549760.6,5325555.5
13878,549525.9,5325621.0
13879,549383.06,5325844.0
13880,549145.2,5325747.0
13881,549131.8,5325997.0
13882,548877.56,5326111.0
13883,548628.94,5326239.5
13884,548384.3,5326398.0
13885,548128.2,5326271.5
13886,547955.4,5326507.0
13887,547686.9,5326589.5
13888,547328.5,5326543.0
13889,546966.3,5326554.5
13890,546592.4,5326602.5
13891,546312.9,5326465.5
13892,546016.0,5326537.0
13893,539117.94,5336323.0
13894,539106.94,5336127.5
13895,539207.1,5335960.5
13896,539400.44,5335849.5
13897,539514.94,5335641.5
13898,539539.06,5335402.5
13899,539678.7,5335245.0
13900,539942.44,5335302.5
13901,540239.8,5335339.0
13902,538778.6,5338762.0
13903,538916.2,5339288.0
13904,538772.06,5339060.5
13905,538749.8,5336518.5
13906,538927.5,5336405.0
13907,540438.0,5335104.5
13908,540755.9,5335139.0
13909,541091.6,5335157.5
13910,541329.1,5335309.5
13911,541589.6,5335322.0
13912,541740.6,5335080.5
13913,542025.9,5335118.0
13914,542196.7,5334876.5
13915,542370.1,5334635.5
13916,542647.9,5334699.0
13917,542897.7,5334724.5
13918,543113.56,5334561.0
13919,543350.1,5334734.0
13920,543598.7,5334664.0
13921,543867.6,5334625.5
13922,544143.7,5334566.5
13923,544434.6,5334492.5
13924,544755.3,5334369.5
13925,545079.94,5334378.5
13926,545308.2,5334185.0
13927,545501.7,5333984.0
13928,545749.7,5333986.5
13929,545927.94,5334110.5
13930,546203.44,5334058.0
13931,546296.3,5334349.5
13932,546561.9,5334525.5
13933,546892.75,5334720.0
13934,546908.44,5334982.5
13935,547004.3,5335216.5
13936,549110.75,5340020.0
13937,549235.44,5339899.0
13938,549409.7,5341444.0
13939,549485.3,5341419.0
13940,548630.0,5363919.0
13941,548776.5,5364064.0
13942,558377.75,5315311.5
13943,558326.3,5315388.0
13944,557908.8,5315900.0
13945,557828.6,5315966.5
13946,557765.44,5316038.0
13947,557685.8,5316037.0
13948,557617.94,5316108.0
13949,557537.0,5316088.0
13950,557410.7,5317088.0
13951,557419.4,5317187.0
13952,557355.5,5317221.5
13953,557284.25,5317268.5
13954,557220.1,5317332.0
13955,557260.75,5317427.5
13956,557194.94,5317514.0
13957,557134.9,5317623.5
13958,557043.25,5317704.0
13959,557033.7,5317814.0
13960,557036.94,5317917.0
13961,556961.9,5317986.5
13962,556952.8,5318087.0
13963,556867.44,5318141.5
13964,556881.5,5318250.0
13965,556808.44,5318303.0
13966,556817.2,5318397.0
13967,556739.5,5318446.5
13968,556680.0,5318521.0
13969,556585.06,5318546.5
13970,556547.0,5318646.0
13971,556499.7,5318748.5
13972,556456.06,5318852.5
13973,556401.75,5318949.0
13974,556355.5,5319061.5
13975,556229.94,5319099.0
13976,556187.7,5319215.0
13977,556117.3,5319309.0
13978,556100.9,5319412.5
13979,555983.25,5319472.0
13980,555913.0,5319564.5
13981,555901.9,5319663.0
13982,555889.56,5319770.5
13983,555876.75,5319885.0
13984,555860.25,5320007.0
13985,555762.3,5320070.0
13986,555657.94,5320133.0
13987,555638.94,5320247.0
13988,555537.7,5320307.0
13989,555443.06,5320372.0
13990,555353.75,5320437.5
13991,555307.94,5320564.0
13992,555174.1,5320577.5
13993,555111.0,5320690.5
13994,554981.7,5320754.0
13995,554844.56,5320846.0
13996,554703.2,5320942.5
13997,554559.6,5321047.0
13998,554395.3,5321172.5
13999,554218.44,5321245.0
14000,554053.44,5321311.0
14001,553886.6,5321362.0
14002,553710.6,5321399.0
14003,553521.4,5321403.5
14004,553317.75,5321367.0
14005,553114.7,5321312.0
14006,552916.75,5321284.5
14007,552735.94,5321277.0
14008,552542.3,5321236.0
14009,552469.25,5321058.5
14010,552280.9,5320997.0
14011,552090.7,5320940.5
14012,551952.2,5321082.5
14013,551828.9,5321216.5
14014,551658.3,5321225.0
14015,551725.56,5321361.0
14016,551705.2,5321547.0
14017,551578.25,5321726.0
14018,551461.1,5321899.5
14019,551359.06,5322079.0
14020,551480.5,5322227.5
14021,551399.8,5322415.0
14022,551331.94,5322610.0
14023,551276.56,5322809.5
14024,551229.25,5323012.0
14025,551181.3,5323215.0
14026,551137.94,5323425.0
14027,550957.25,5323536.5
14028,550765.0,5323639.0
14029,550719.9,5323872.0
14030,550840.75,5324023.5
14031,550777.44,5324264.0
14032,550747.2,5324491.5
14033,550777.4,5324687.5
14034,550846.1,5324858.0
14035,550669.25,5324978.5
14036,550499.06,5325115.0
14037,550345.6,5325278.0
14038,550225.3,5325472.0
14039,550143.3,5325691.5
14040,549914.44,5325737.0
14041,549664.25,5325797.0
14042,549577.75,5326046.0
14043,549337.6,5326153.0
14044,549090.56,5326278.0
14045,548841.25,5326399.5
14046,548598.75,5326537.5
14047,548374.1,5326721.0
14048,548171.94,5326589.0
14049,547947.5,5326792.5
14050,547710.4,5326935.5
14051,547473.75,5326772.5
14052,547156.2,5326786.0
14053,546821.5,5326798.5
14054,546577.94,5327005.5
14055,546269.0,5326793.5
14056,545826.0,5326773.0
14057,538926.56,5336204.0
14058,538960.06,5336007.5
14059,539053.06,5335829.5
14060,539286.0,5335758.5
14061,539352.06,5335551.5
14062,539345.6,5335363.0
14063,539417.25,5335172.0
14064,539576.94,5335020.0
14065,539838.44,5335060.0
14066,540134.7,5335076.0
14067,538762.8,5336321.5
14068,540317.06,5334818.0
14069,540622.25,5334855.5
14070,540935.56,5334881.5
14071,541257.56,5334861.0
14072,541435.06,5335075.5
14073,541592.0,5334825.5
14074,541904.0,5334833.5
14075,542076.1,5334584.0
14076,542260.6,5334336.0
14077,542555.9,5334394.5
14078,542835.25,5334459.5
14079,543049.4,5334258.5
14080,543361.6,5334390.5
14081,543668.0,5334379.0
14082,543955.1,5334351.5
14083,544240.0,5334305.5
14084,544510.8,5334259.0
14085,544705.5,5334068.5
14086,544986.5,5334126.5
14087,545211.0,5333935.0
14088,545435.7,5333731.0
14089,545714.2,5333755.5
14090,545976.2,5333833.0
14091,546222.4,5333700.0
14092,546474.9,5333888.5
14093,546506.75,5334194.5
14094,546763.8,5334347.5
14095,546948.5,5334449.0
14096,549271.3,5339999.5
14097,549386.8,5339852.0
14098,549443.7,5341342.0
14099,549532.5,5341310.5
14100,548496.0,5364026.0
14101,548555.0,5364202.0
14102,557923.94,5315999.0
14103,557853.25,5316078.0
14104,557778.2,5316133.5
14105,557701.4,5316127.5
14106,557633.06,5316207.0
14107,557543.8,5316187.5
14108,557467.06,5317270.5
14109,557379.2,5317302.0
14110,557325.94,5317361.5
14111,557374.25,5317449.0
14112,557300.0,5317516.5
14113,557241.75,5317605.5
14114,557220.1,5317706.5
14115,557128.6,5317746.5
14116,557126.1,5317855.5
14117,557128.06,5317962.0
14118,557043.1,5318023.5
14119,557046.06,5318127.0
14120,556963.4,5318194.0
14121,556983.6,5318301.5
14122,556906.8,5318356.5
14123,556926.06,5318458.0
14124,556841.4,5318501.0
14125,556767.75,5318559.5
14126,556672.44,5318624.0
14127,556614.5,5318723.5
14128,556570.75,5318827.0
14129,556536.3,5318933.5
14130,556460.56,5319005.5
14131,556458.94,5319081.0
14132,556420.5,5319159.0
14133,556311.06,5319168.5
14134,556286.4,5319262.0
14135,556212.0,5319344.0
14136,556189.2,5319467.0
14137,556091.5,5319525.0
14138,556002.6,5319593.0
14139,555992.75,5319708.0
14140,555976.4,5319824.5
14141,555956.94,5319946.0
14142,555939.25,5320069.0
14143,555844.44,5320130.5
14144,555746.5,5320191.5
14145,555741.25,5320304.5
14146,555643.25,5320366.0
14147,555543.56,5320448.5
14148,555430.3,5320512.5
14149,555389.56,5320656.0
14150,555256.25,5320719.5
14151,555130.9,5320828.5
14152,554996.1,5320917.5
14153,554859.5,5321015.0
14154,554718.94,5321114.5
14155,554575.44,5321217.0
14156,554455.1,5321333.5
14157,554308.0,5321393.5
14158,554146.4,5321470.0
14159,553981.5,5321532.5
14160,553809.06,5321571.5
14161,553616.6,5321579.0
14162,553405.0,5321545.0
14163,553192.2,5321493.0
14164,553008.5,5321437.5
14165,552831.2,5321476.5
14166,552623.44,5321416.5
14167,552433.3,5321364.0
14168,552337.9,5321190.0
14169,552141.06,5321121.5
14170,552003.1,5321261.5
14171,551880.4,5321402.5
14172,551936.25,5321562.0
14173,551800.6,5321710.5
14174,551681.75,5321875.0
14175,551574.6,5322047.0
14176,551676.4,5322213.0
14177,551592.06,5322393.5
14178,551521.1,5322580.0
14179,551463.56,5322772.5
14180,551417.9,5322969.0
14181,551376.75,5323165.5
14182,551331.1,5323357.0
14183,551286.44,5323538.0
14184,551136.3,5323648.0
14185,550944.3,5323779.5
14186,551020.4,5323966.5
14187,550969.06,5324172.0
14188,550937.7,5324388.0
14189,550962.94,5324579.0
14190,551025.94,5324747.5
14191,551094.3,5324911.0
14192,550922.6,5325024.0
14193,550751.9,5325145.5
14194,550585.06,5325280.0
14195,550443.8,5325449.5
14196,550355.1,5325655.5
14197,550303.1,5325880.5
14198,550079.44,5325922.5
14199,549834.7,5325975.0
14200,549752.94,5326230.5
14201,549516.2,5326340.0
14202,549276.6,5326455.5
14203,549027.9,5326573.5
14204,548784.7,5326703.0
14205,548555.94,5326826.5
14206,548344.9,5327063.0
14207,548168.1,5326886.0
14208,547978.25,5327125.5
14209,547613.25,5327209.5
14210,547365.75,5327008.0
14211,546974.5,5327019.5
14212,546835.8,5327275.5
14213,546543.5,5327403.0
14214,546290.44,5327178.0
14215,546072.06,5326996.5
14216,545893.94,5327221.0
14217,545585.0,5326998.0
14218,538754.3,5336123.5
14219,538805.44,5335932.0
14220,538895.5,5335759.5
14221,539007.75,5335599.5
14222,539164.3,5335662.0
14223,539185.25,5335462.5
14224,539197.2,5335265.0
14225,539203.06,5335069.0
14226,539356.4,5334942.5
14227,539513.94,5334818.0
14228,539735.75,5334869.0
14229,540003.25,5334875.5
14230,540093.06,5334690.0
14231,540239.4,5334523.5
14232,540497.6,5334550.0
14233,540788.5,5334584.0
14234,541095.25,5334602.5
14235,541422.6,5334587.5
14236,541757.6,5334569.5
14237,541935.06,5334313.0
14238,542129.06,5334060.5
14239,542459.75,5334089.5
14240,542755.6,5334159.0
14241,542952.94,5333935.0
14242,543240.7,5334052.5
14243,543514.1,5334101.0
14244,543795.25,5334106.0
14245,544086.44,5334087.0
14246,544392.0,5334056.0
14247,544585.8,5333827.5
14248,544917.3,5333822.5
14249,545192.4,5333687.5
14250,545371.25,5333437.0
14251,545630.8,5333538.5
14252,545937.56,5333507.5
14253,546248.1,5333367.5
14254,546512.75,5333559.5
14255,546738.9,5333745.5
14256,546770.06,5334026.0
14257,547027.75,5334171.0
14258,549428.06,5339960.0
14259,549576.9,5339896.0
14260,549524.8,5339774.0
14261,549503.06,5341226.5
14262,549583.1,5341209.5
14263,548250.0,5364270.5
14264,548205.06,5364091.5
14265,557944.5,5316093.0
14266,557904.25,5316163.0
14267,557829.8,5316202.0
14268,557730.94,5316231.0
14269,557638.44,5316305.0
14270,557550.7,5316287.0
14271,557435.75,5317373.5
14272,557532.3,5317346.0
14273,557489.9,5317468.0
14274,557406.7,5317541.5
14275,557333.7,5317598.5
14276,557316.3,5317685.5
14277,557307.06,5317783.5
14278,557216.2,5317814.0
14279,557215.2,5317919.5
14280,557219.1,5318025.5
14281,557133.1,5318067.0
14282,557137.7,5318167.5
14283,557055.8,5318230.5
14284,557078.1,5318336.5
14285,557007.94,5318411.0
14286,557031.25,5318528.5
14287,556936.25,5318549.5
14288,556872.7,5318605.5
14289,556795.0,5318659.5
14290,556722.8,5318723.0
14291,556673.44,5318812.5
14292,556647.6,5318910.5
14293,556638.06,5319010.0
14294,556548.44,5319042.5
14295,556531.06,5319141.0
14296,556509.2,5319234.0
14297,556398.1,5319261.5
14298,556329.3,5319352.0
14299,556278.5,5319430.0
14300,556276.06,5319533.0
14301,556180.9,5319584.5
14302,556088.94,5319644.5
14303,556073.3,5319764.5
14304,556051.94,5319886.5
14305,556032.9,5320008.5
14306,556024.44,5320124.5
14307,555931.94,5320185.0
14308,555838.3,5320245.5
14309,555848.1,5320349.0
14310,555758.06,5320407.5
14311,555671.56,5320469.5
14312,555604.94,5320540.5
14313,555508.56,5320598.0
14314,555482.06,5320736.0
14315,555383.7,5320799.5
14316,555278.1,5320884.5
14317,555154.1,5320981.0
14318,555020.75,5321077.0
14319,554882.5,5321179.5
14320,554742.1,5321283.5
14321,554599.75,5321394.0
14322,554431.8,5321524.0
14323,554247.75,5321614.5
14324,554078.0,5321698.0
14325,553907.7,5321752.0
14326,553729.1,5321753.5
14327,553506.9,5321725.0
14328,553269.6,5321669.5
14329,553032.7,5321610.5
14330,552845.7,5321681.0
14331,552677.06,5321593.5
14332,552487.3,5321530.5
14333,552296.0,5321483.0
14334,552269.56,5321347.5
14335,552167.94,5321271.0
14336,552089.75,5321425.5
14337,552147.0,5321591.5
14338,552009.94,5321727.0
14339,551885.3,5321877.5
14340,551774.3,5322041.0
14341,551855.1,5322227.5
14342,551768.9,5322400.0
14343,551696.25,5322580.0
14344,551637.25,5322765.0
14345,551591.56,5322954.5
14346,551555.44,5323147.5
14347,551516.75,5323338.5
14348,551461.2,5323527.5
14349,551354.94,5323725.0
14350,551173.75,5323848.0
14351,551159.75,5324071.0
14352,551123.4,5324287.5
14353,551144.4,5324476.5
14354,551202.8,5324644.0
14355,551267.8,5324806.5
14356,551329.7,5324966.5
14357,551164.9,5325074.5
14358,550999.2,5325191.5
14359,550828.06,5325311.0
14360,550653.9,5325435.5
14361,550547.3,5325615.0
14362,550505.75,5325836.0
14363,550484.8,5326067.5
14364,550253.1,5326110.5
14365,550004.75,5326157.0
14366,549918.0,5326408.0
14367,549686.6,5326528.5
14368,549447.06,5326644.5
14369,549197.94,5326756.5
14370,548943.1,5326880.0
14371,548671.4,5327006.5
14372,548517.25,5327265.0
14373,548188.5,5327342.0
14374,547843.5,5327412.0
14375,547461.56,5327453.0
14376,547215.25,5327237.5
14377,547095.0,5327511.0
14378,546795.1,5327633.5
14379,546390.0,5327727.5
14380,546203.6,5327448.5
14381,545961.56,5327613.5
14382,545622.7,5327440.0
14383,545313.0,5327270.0
14384,539020.2,5335402.0
14385,539021.44,5335203.5
14386,539031.8,5335011.0
14387,539156.3,5334856.5
14388,539311.44,5334737.5
14389,539478.5,5334632.0
14390,539667.0,5334686.0
14391,539871.06,5334706.5
14392,539990.25,5334523.5
14393,540082.7,5334337.0
14394,540337.06,5334265.0
14395,540641.5,5334269.5
14396,540940.06,5334294.5
14397,541254.3,5334323.0
14398,541590.4,5334319.5
14399,541773.4,5334058.5
14400,541973.1,5333803.5
14401,542334.9,5333809.0
14402,542669.9,5333838.5
14403,542910.2,5333574.0
14404,543149.44,5333759.5
14405,543406.4,5333791.0
14406,543669.75,5333827.0
14407,543948.9,5333844.0
14408,544254.06,5333840.0
14409,544435.7,5333610.5
14410,544757.0,5333574.0
14411,545041.06,5333505.0
14412,545161.9,5333248.0
14413,545412.44,5333113.0
14414,545677.94,5333283.0
14415,545979.25,5333168.0
14416,546293.6,5333034.5
14417,546579.06,5333238.5
14418,546855.6,5333467.0
14419,547055.8,5333779.5
14420,549710.2,5339808.0
14421,549655.7,5339683.5
14422,549564.3,5341123.0
14423,549663.0,5341144.0
14424,547961.75,5364313.0
14425,547920.0,5364140.0
14426,557990.44,5316178.0
14427,558042.9,5316097.5
14428,557914.94,5316258.0
14429,557808.2,5316314.0
14430,557715.2,5316331.5
14431,557643.56,5316406.5
14432,557557.5,5316386.5
14433,557582.9,5317430.0
14434,557590.2,5317529.0
14435,557496.75,5317583.0
14436,557410.4,5317645.0
14437,557400.06,5317745.0
14438,557393.2,5317845.5
14439,557303.56,5317886.0
14440,557304.5,5317991.0
14441,557310.9,5318099.0
14442,557225.94,5318133.5
14443,557219.5,5318240.5
14444,557136.2,5318261.5
14445,557174.3,5318344.5
14446,557105.0,5318438.5
14447,557136.56,5318540.0
14448,557078.94,5318641.5
14449,556982.6,5318638.0
14450,556911.3,5318706.5
14451,556833.5,5318758.5
14452,556765.06,5318809.0
14453,556749.25,5318895.5
14454,556737.4,5318991.0
14455,556730.0,5319089.0
14456,556631.4,5319112.5
14457,556617.25,5319210.0
14458,556603.9,5319306.0
14459,556502.1,5319333.0
14460,556418.4,5319370.0
14461,556374.44,5319470.5
14462,556355.5,5319594.5
14463,556259.94,5319650.0
14464,556167.2,5319705.5
14465,556145.4,5319828.0
14466,556124.8,5319949.5
14467,556115.6,5320065.0
14468,556119.56,5320171.5
14469,556029.25,5320230.5
14470,555938.8,5320290.0
14471,555956.75,5320386.0
14472,555870.56,5320444.0
14473,555786.94,5320503.5
14474,555709.94,5320567.0
14475,555630.06,5320631.0
14476,555568.4,5320696.5
14477,555592.75,5320795.5
14478,555518.3,5320862.5
14479,555443.4,5320929.0
14480,555323.06,5321029.0
14481,555196.0,5321127.5
14482,555063.1,5321225.0
14483,554930.7,5321330.0
14484,554793.44,5321436.5
14485,554650.44,5321542.5
14486,554502.2,5321649.0
14487,554344.25,5321750.0
14488,554179.7,5321849.5
14489,554001.0,5321933.0
14490,553836.8,5321979.0
14491,553651.8,5321876.5
14492,553508.0,5321919.5
14493,553374.0,5321821.5
14494,553228.44,5321866.0
14495,553118.9,5321763.0
14496,552964.4,5321806.5
14497,552806.6,5321889.0
14498,552685.94,5321782.0
14499,552525.44,5321701.5
14500,552341.6,5321642.0
14501,552198.94,5321765.5
14502,552069.2,5321908.0
14503,551955.44,5322062.5
14504,552026.4,5322249.0
14505,551938.25,5322414.5
14506,551863.75,5322587.0
14507,551803.2,5322764.5
14508,551756.5,5322947.5
14509,551722.06,5323134.0
14510,551694.0,5323325.0
14511,551649.3,5323507.5
14512,551572.4,5323683.0
14513,551503.3,5323843.0
14514,551349.6,5323964.5
14515,551300.44,5324189.0
14516,551319.75,5324376.0
14517,551373.56,5324542.0
14518,551434.1,5324706.0
14519,551498.4,5324875.0
14520,550438.9,5326301.5
14521,550178.2,5326333.5
14522,550090.25,5326543.0
14523,549877.2,5326711.0
14524,549615.4,5326834.5
14525,549362.06,5326946.5
14526,549103.06,5327057.5
14527,548830.5,5327173.0
14528,548689.94,5327436.0
14529,548388.2,5327536.0
14530,548063.2,5327618.5
14531,547702.9,5327667.0
14532,547344.9,5327739.5
14533,547062.44,5327867.0
14534,546708.06,5327928.0
14535,546367.06,5328088.0
14536,546053.1,5327965.0
14537,545694.6,5327843.5
14538,545352.8,5327700.0
14539,545012.1,5327564.5
14540,539626.6,5334500.0
14541,539792.75,5334525.5
14542,539873.8,5334342.0
14543,539919.44,5334150.0
14544,540101.2,5334147.0
14545,540198.7,5333995.5
14546,540463.6,5334025.5
14547,540779.94,5333961.0
14548,541099.06,5334010.0
14549,541424.5,5334049.5
14550,541616.3,5333786.5
14551,541823.75,5333528.5
14552,542182.06,5333549.0
14553,542548.9,5333553.0
14554,542746.75,5333285.0
14555,543097.5,5333264.5
14556,543265.3,5333503.5
14557,543565.56,5333523.0
14558,543839.0,5333566.5
14559,544126.6,5333600.0
14560,544322.7,5333371.0
14561,544596.44,5333382.5
14562,544869.75,5333251.5
14563,545107.44,5332946.5
14564,545412.0,5332795.0
14565,545703.56,5332971.5
14566,546008.8,5332834.0
14567,546325.06,5332694.5
14568,546623.0,5332899.0
14569,546928.8,5333132.5
14570,547220.7,5333429.5
14571,549808.25,5339680.0
14572,549779.56,5339584.0
14573,549668.9,5341067.0
14574,549764.0,5341094.0
14575,549778.0,5341170.0
14576,547627.56,5364234.0
14577,547686.2,5364395.0
14578,558095.5,5316187.0
14579,558023.0,5316260.5
14580,558142.9,5316096.0
14581,557975.25,5316339.5
14582,557889.56,5316352.0
14583,557828.25,5316433.5
14584,557736.44,5316418.5
14585,557654.06,5316503.5
14586,557564.4,5316486.0
14587,557583.3,5317628.5
14588,557491.7,5317689.0
14589,557483.6,5317790.5
14590,557478.7,5317890.5
14591,557390.94,5317946.5
14592,557394.9,5318049.5
14593,557403.1,5318154.0
14594,557316.1,5318217.0
14595,557275.06,5318339.5
14596,557200.3,5318439.5
14597,557232.0,5318538.5
14598,557177.9,5318637.5
14599,557125.06,5318739.5
14600,557020.0,5318755.0
14601,556930.7,5318816.0
14602,556845.6,5318864.5
14603,556835.7,5318967.5
14604,556829.3,5319068.5
14605,556823.9,5319166.5
14606,556721.3,5319186.5
14607,556709.06,5319282.0
14608,556690.0,5319379.5
14609,556584.94,5319407.5
14610,556483.94,5319442.5
14611,556453.25,5319550.0
14612,556424.8,5319666.5
14613,556330.56,5319716.5
14614,556238.0,5319771.5
14615,556215.8,5319892.0
14616,556205.1,5320006.5
14617,556208.56,5320113.0
14618,556218.8,5320215.0
14619,556131.2,5320271.5
14620,556043.6,5320328.5
14621,556063.1,5320423.5
14622,555979.75,5320479.0
14623,555897.7,5320536.0
14624,555818.94,5320598.0
14625,555742.0,5320662.0
14626,555666.56,5320728.0
14627,553673.75,5322029.0
14628,553512.2,5322083.0
14629,553354.25,5321984.5
14630,553193.56,5322043.0
14631,553068.6,5321935.5
14632,552910.25,5322005.0
14633,552754.75,5322096.5
14634,552652.5,5321986.0
14635,552535.5,5321884.5
14636,552376.75,5321812.0
14637,552241.56,5321944.5
14638,552128.56,5322092.0
14639,552203.3,5322257.0
14640,552111.5,5322413.0
14641,552033.44,5322577.0
14642,551969.44,5322747.0
14643,551919.5,5322922.0
14644,551883.3,5323101.5
14645,551856.75,5323287.5
14646,551837.56,5323495.0
14647,551757.25,5323680.5
14648,551680.5,5323850.5
14649,551570.75,5323998.0
14650,551462.1,5324121.0
14651,551489.8,5324281.0
14652,551538.94,5324440.5
14653,551591.56,5324600.0
14654,551648.7,5324764.5
14655,550345.2,5326527.0
14656,550196.25,5326729.5
14657,550001.44,5326899.5
14658,549771.56,5327032.0
14659,549522.6,5327147.0
14660,549258.56,5327244.0
14661,548994.7,5327354.5
14662,548842.4,5327597.0
14663,548593.2,5327722.5
14664,548287.2,5327816.5
14665,547943.25,5327884.0
14666,547597.1,5327917.0
14667,547356.9,5328111.0
14668,546979.5,5328163.0
14669,546647.06,5328210.5
14670,546423.8,5328448.0
14671,546090.4,5328362.5
14672,545775.5,5328232.0
14673,545432.75,5328101.5
14674,545099.3,5327999.0
14675,544778.8,5327878.0
14676,539703.3,5334327.0
14677,539743.44,5334132.5
14678,539790.3,5333940.0
14679,539972.4,5333954.5
14680,540045.1,5333776.5
14681,540271.75,5333800.5
14682,540515.4,5333808.0
14683,540665.5,5333637.5
14684,540966.44,5333677.5
14685,541282.8,5333733.0
14686,541487.0,5333471.0
14687,541705.7,5333208.0
14688,542035.06,5333268.5
14689,542385.5,5333286.5
14690,542575.9,5333010.0
14691,542931.25,5333000.5
14692,543289.6,5332987.0
14693,543452.8,5333232.5
14694,543756.4,5333258.0
14695,544031.8,5333332.0
14696,544240.25,5333133.5
14697,544536.25,5333120.5
14698,544811.44,5332983.5
14699,544852.75,5332696.5
14700,545126.7,5332589.0
14701,545429.5,5332464.5
14702,545718.4,5332646.5
14703,546025.6,5332497.5
14704,546334.75,5332352.5
14705,546653.2,5332541.5
14706,546951.1,5332763.5
14707,547282.6,5333047.5
14708,549923.0,5339617.0
14709,549884.0,5339500.0
14710,549888.0,5341134.0
14711,549887.25,5341219.5
14712,547434.2,5364493.5
14713,547353.0,5364333.0
14714,558202.56,5316170.5
14715,558174.9,5316243.0
14716,558115.4,5316292.0
14717,558058.7,5316343.0
14718,558242.9,5316094.0
14719,558029.8,5316419.5
14720,557933.44,5316424.5
14721,557891.56,5316506.5
14722,557815.7,5316540.0
14723,557741.94,5316523.0
14724,557665.4,5316605.5
14725,557571.25,5316585.5
14726,557573.75,5317728.0
14727,557566.7,5317827.5
14728,557563.94,5317927.0
14729,557479.4,5317991.0
14730,557486.3,5318092.0
14731,557500.56,5318192.0
14732,557425.2,5318253.5
14733,557363.7,5318316.0
14734,557371.56,5318421.0
14735,557282.8,5318446.5
14736,557325.9,5318528.0
14737,557274.06,5318629.5
14738,557224.75,5318729.5
14739,557183.56,5318828.0
14740,557091.06,5318848.0
14741,557010.75,5318889.0
14742,556927.44,5318933.5
14743,556924.4,5319045.0
14744,556924.4,5319148.5
14745,556917.4,5319246.0
14746,556813.75,5319262.5
14747,556796.0,5319358.0
14748,556766.44,5319456.5
14749,556660.56,5319481.5
14750,556556.8,5319514.5
14751,556522.56,5319623.5
14752,556492.2,5319736.0
14753,556398.4,5319784.0
14754,556306.9,5319836.5
14755,556294.2,5319950.0
14756,556296.4,5320055.5
14757,556305.3,5320158.5
14758,556316.2,5320261.5
14759,556231.56,5320315.0
14760,556147.1,5320369.0
14761,553352.2,5322142.0
14762,553192.44,5322201.5
14763,553033.4,5322110.5
14764,552874.3,5322191.0
14765,552706.6,5322292.5
14766,552591.7,5322180.5
14767,552491.0,5322075.5
14768,552396.0,5321972.0
14769,552304.8,5322110.5
14770,552398.8,5322234.5
14771,552300.5,5322383.0
14772,552214.56,5322537.5
14773,552144.1,5322698.0
14774,552087.7,5322863.0
14775,552045.5,5323032.5
14776,552016.7,5323206.0
14777,551996.7,5323383.0
14778,552007.06,5323562.0
14779,551916.25,5323708.5
14780,551845.94,5323876.5
14781,551757.3,5324033.0
14782,551642.75,5324169.5
14783,551695.6,5324334.5
14784,551746.94,5324495.5
14785,551792.1,5324653.0
14786,548844.4,5327898.5
14787,548522.4,5328007.0
14788,548173.1,5328089.5
14789,547787.44,5328140.5
14790,547622.0,5328370.5
14791,547200.5,5328416.0
14792,546796.44,5328456.0
14793,546552.2,5328750.5
14794,546180.8,5328729.5
14795,545798.75,5328669.0
14796,545515.2,5328460.5
14797,545190.0,5328415.5
14798,544854.4,5328303.0
14799,544498.0,5328216.0
14800,539839.2,5333747.5
14801,539933.4,5333574.0
14802,540137.0,5333596.0
14803,540372.06,5333605.0
14804,540477.06,5333421.0
14805,540785.2,5333392.0
14806,541149.3,5333390.0
14807,541392.6,5333140.5
14808,541596.75,5332862.5
14809,541915.06,5332947.0
14810,542235.4,5332994.0
14811,542418.8,5332701.0
14812,542756.7,5332724.0
14813,543113.1,5332715.5
14814,543430.25,5332723.5
14815,543668.56,5332932.0
14816,543987.25,5333025.5
14817,544296.1,5332844.5
14818,544599.8,5332850.0
14819,544551.25,5332589.5
14820,544809.4,5332350.0
14821,545142.3,5332261.5
14822,545439.4,5332127.0
14823,545730.75,5332311.5
14824,546033.9,5332155.5
14825,546334.8,5332005.5
14826,546637.9,5332196.5
14827,546993.3,5332343.5
14828,547240.06,5332655.5
14829,550008.5,5339511.5
14830,550031.0,5339641.0
14831,550001.0,5341178.0
14832,550000.1,5341260.0
14833,547138.0,5364603.0
14834,547066.06,5364443.0
14835,558304.1,5316173.0
14836,558261.3,5316251.0
14837,558204.4,5316326.0
14838,558132.9,5316400.5
14839,558342.9,5316094.0
14840,558077.8,5316495.0
14841,557978.25,5316500.0
14842,557937.2,5316575.5
14843,557864.94,5316605.5
14844,557763.8,5316638.5
14845,557665.44,5316704.5
14846,557578.7,5316685.0
14847,557568.6,5318026.5
14848,557578.2,5318126.0
14849,557592.56,5318224.5
14850,557522.25,5318291.5
14851,557451.94,5318356.0
14852,557480.25,5318452.0
14853,557419.4,5318526.0
14854,557368.2,5318621.0
14855,557321.4,5318721.5
14856,557279.1,5318821.0
14857,557241.3,5318920.5
14858,557156.44,5318922.0
14859,557090.4,5318970.0
14860,557010.75,5319011.0
14861,557020.3,5319124.5
14862,557020.44,5319228.5
14863,557003.7,5319328.0
14864,556900.5,5319341.5
14865,556872.0,5319438.0
14866,556831.7,5319536.0
14867,556727.44,5319558.0
14868,556624.2,5319587.5
14869,556589.75,5319694.5
14870,556569.44,5319799.0
14871,556475.25,5319845.0
14872,556383.9,5319896.0
14873,556384.06,5320000.0
14874,556391.1,5320102.5
14875,556399.9,5320206.5
14876,553034.8,5322266.5
14877,552883.94,5322345.5
14878,552739.94,5322440.5
14879,552588.25,5322446.5
14880,552502.8,5322337.5
14881,552403.56,5322485.0
14882,552324.4,5322635.0
14883,552260.4,5322790.0
14884,552209.3,5322949.0
14885,552173.44,5323112.5
14886,552151.44,5323278.5
14887,552142.44,5323443.0
14888,552152.0,5323608.0
14889,552064.94,5323749.0
14890,551999.8,5323909.0
14891,551927.06,5324069.0
14892,551827.3,5324213.5
14893,551888.6,5324387.5
14894,551942.9,5324560.5
14895,548777.7,5328191.5
14896,548403.0,5328284.0
14897,548041.1,5328359.5
14898,547896.7,5328633.5
14899,547513.44,5328628.0
14900,547227.0,5328714.5
14901,546918.56,5328716.5
14902,546711.44,5329024.0
14903,546337.8,5329060.0
14904,545981.1,5329049.5
14905,545658.94,5329028.5
14906,545359.75,5328817.0
14907,544963.0,5328726.0
14908,544609.6,5328606.0
14909,544237.0,5328543.0
14910,540033.0,5333402.5
14911,540227.2,5333411.5
14912,540295.6,5333227.0
14913,540517.3,5333237.5
14914,540655.56,5333110.0
14915,540903.25,5333181.5
14916,541095.44,5333058.0
14917,541268.4,5332863.5
14918,541357.9,5332665.0
14919,541527.9,5332525.0
14920,541808.0,5332612.5
14921,542104.94,5332661.5
14922,542269.1,5332349.0
14923,542594.56,5332405.0
14924,542943.6,5332446.0
14925,543339.75,5332414.5
14926,543684.8,5332559.0
14927,543975.0,5332714.0
14928,544245.56,5332510.0
14929,544491.25,5332310.0
14930,544565.94,5331998.5
14931,544888.06,5332049.5
14932,545150.94,5331922.0
14933,545444.06,5331782.5
14934,545739.3,5331968.5
14935,546044.7,5331808.5
14936,546349.1,5331652.5
14937,546621.25,5331843.5
14938,546891.56,5332010.5
14939,547219.56,5331922.5
14940,547336.6,5332293.0
14941,550104.0,5339539.0
14942,550143.0,5339680.0
14943,550117.0,5341247.0
14944,550107.4,5341313.0
14945,546900.0,5364681.0
14946,546838.0,5364512.0
14947,558408.3,5316176.5
14948,558356.5,5316255.5
14949,558301.7,5316337.5
14950,558233.06,5316412.0
14951,558177.8,5316495.0
14952,558442.9,5316093.0
14953,557944.2,5316675.0
14954,557855.3,5316687.5
14955,557805.06,5316748.0
14956,557731.5,5316741.0
14957,557666.56,5316809.0
14958,557587.3,5316784.5
14959,557618.1,5318321.0
14960,557551.0,5318388.0
14961,557586.44,5318481.0
14962,557523.4,5318547.0
14963,557466.44,5318621.5
14964,557417.44,5318711.5
14965,557376.56,5318810.0
14966,557339.7,5318907.5
14967,557301.94,5319003.0
14968,557194.06,5319022.0
14969,557103.44,5319080.0
14970,557124.8,5319200.0
14971,557107.06,5319312.5
14972,557081.7,5319412.5
14973,556975.94,5319424.0
14974,556935.6,5319520.5
14975,556895.1,5319617.5
14976,556792.44,5319635.5
14977,556690.4,5319661.0
14978,556667.2,5319761.0
14979,556659.1,5319856.0
14980,556564.56,5319898.0
14981,556473.06,5319947.0
14982,556477.2,5320047.5
14983,556483.25,5320151.0
14984,552841.7,5322490.5
14985,552759.75,5322568.5
14986,552645.56,5322567.0
14987,552498.5,5322589.5
14988,552428.94,5322734.0
14989,552370.44,5322883.0
14990,552325.9,5323036.0
14991,552297.44,5323193.0
14992,552284.8,5323350.5
14993,552284.2,5323504.0
14994,552285.7,5323637.0
14995,552212.2,5323761.0
14996,552150.2,5323911.0
14997,552093.6,5324092.0
14998,551998.8,5324254.5
14999,552070.0,5324451.5
15000,548594.56,5328452.5
15001,548295.75,5328615.5
15002,548136.6,5328878.5
15003,547925.7,5329055.0
15004,547702.2,5328886.0
15005,547425.25,5328953.5
15006,547074.9,5328986.0
15007,546897.94,5329267.0
15008,546520.5,5329343.0
15009,546141.3,5329397.5
15010,545773.6,5329392.5
15011,545412.5,5329266.0
15012,545066.75,5329122.5
15013,544688.4,5329037.0
15014,544357.25,5328910.5
15015,544009.0,5328778.0
15016,540095.75,5333214.5
15017,540168.25,5333031.5
15018,540394.6,5333055.5
15019,540530.9,5332911.0
15020,540804.2,5332926.5
15021,540998.25,5332816.0
15022,541095.44,5332643.0
15023,541230.3,5332469.0
15024,541356.6,5332292.5
15025,541654.4,5332305.0
15026,541957.7,5332322.5
15027,542099.5,5331980.0
15028,542442.94,5332037.0
15029,542776.6,5332122.0
15030,543093.7,5332192.0
15031,543362.1,5332042.5
15032,543659.5,5332211.5
15033,543962.5,5332361.5
15034,544240.56,5332156.0
15035,544246.1,5331803.0
15036,544525.56,5331654.5
15037,544831.06,5331746.0
15038,545125.8,5331583.5
15039,545459.25,5331439.0
15040,545754.94,5331622.5
15041,546069.2,5331459.0
15042,546389.75,5331302.5
15043,546657.1,5331494.5
15044,546908.1,5331701.0
15045,547134.1,5331598.0
15046,550225.0,5339588.0
15047,550265.06,5339704.5
15048,550208.0,5341294.0
15049,550208.56,5341377.0
15050,546718.0,5364779.0
15051,546600.0,5364639.0
15052,558522.06,5316177.5
15053,558455.94,5316264.5
15054,558401.75,5316380.5
15055,558460.9,5316301.5
15056,558322.0,5316422.5
15057,558277.8,5316495.0
15058,558542.7,5316088.0
15059,557894.94,5316778.0
15060,557984.56,5316763.0
15061,557824.3,5316838.5
15062,557747.5,5316832.5
15063,557681.56,5316907.0
15064,557595.06,5316884.0
15065,557651.1,5318415.0
15066,557691.06,5318506.5
15067,557629.9,5318571.5
15068,557575.94,5318639.5
15069,557519.06,5318708.5
15070,557471.44,5318796.5
15071,557441.0,5318892.0
15072,557408.8,5318983.0
15073,557376.94,5319071.0
15074,557279.8,5319100.0
15075,557189.06,5319123.5
15076,557246.25,5319197.0
15077,557204.8,5319288.5
15078,557195.1,5319403.0
15079,557146.75,5319499.0
15080,557039.3,5319508.0
15081,556997.8,5319603.5
15082,556970.9,5319696.5
15083,556868.6,5319711.5
15084,556767.3,5319732.5
15085,556756.94,5319824.5
15086,556751.3,5319914.5
15087,556656.3,5319949.5
15088,556565.06,5319995.5
15089,556566.9,5320096.0
15090,552852.5,5322600.5
15091,552803.8,5322674.5
15092,552706.6,5322666.5
15093,552582.0,5322710.5
15094,552516.0,5322849.0
15095,552468.6,5322987.0
15096,552433.4,5323129.5
15097,552412.7,5323279.5
15098,552410.3,5323432.5
15099,552432.0,5323588.0
15100,552373.8,5323722.0
15101,552314.06,5323860.0
15102,552264.8,5324006.0
15103,552219.06,5324157.5
15104,552151.5,5324305.0
15105,548581.0,5328784.0
15106,548382.0,5329058.0
15107,548189.0,5329267.0
15108,547971.0,5329438.0
15109,547638.1,5329268.5
15110,547278.8,5329248.0
15111,547073.3,5329489.0
15112,546734.4,5329582.5
15113,546358.0,5329680.0
15114,545955.75,5329763.0
15115,545519.75,5329688.5
15116,545156.75,5329535.0
15117,544800.56,5329413.0
15118,544387.5,5329394.0
15119,544146.0,5329183.5
15120,544066.7,5328969.5
15121,543830.6,5328865.0
15122,540293.44,5332878.0
15123,540426.4,5332732.0
15124,540643.2,5332765.5
15125,540826.2,5332660.0
15126,540959.6,5332480.5
15127,541082.3,5332313.5
15128,541181.44,5332134.5
15129,541454.2,5332094.0
15130,541766.56,5332058.0
15131,541798.0,5331798.0
15132,541979.94,5331627.5
15133,542319.8,5331646.0
15134,542673.0,5331761.0
15135,543023.1,5331884.5
15136,543315.1,5331695.5
15137,543650.5,5331847.0
15138,543951.7,5332003.5
15139,543953.6,5331632.5
15140,544294.4,5331400.0
15141,544756.5,5331398.5
15142,545157.0,5331249.0
15143,545483.9,5331076.5
15144,545780.6,5331271.5
15145,546107.4,5331110.5
15146,546436.75,5330956.5
15147,546721.94,5331143.0
15148,546965.0,5331345.0
15149,547292.3,5331327.0
15150,550341.25,5339612.0
15151,550374.75,5339754.0
15152,550317.0,5341363.0
15153,550315.1,5341430.5
15154,546578.0,5364916.0
15155,546427.94,5364789.0
15156,558630.75,5316122.5
15157,558625.3,5316221.0
15158,558555.44,5316272.0
15159,558503.06,5316389.0
15160,558473.06,5316481.5
15161,558377.8,5316495.0
15162,557954.9,5316843.0
15163,557880.5,5316901.5
15164,558045.4,5316868.0
15165,558083.25,5316765.5
15166,557776.8,5316931.5
15167,557688.94,5317004.0
15168,557602.9,5316983.5
15169,557731.25,5318597.0
15170,557689.06,5318661.5
15171,557636.44,5318734.0
15172,557559.9,5318786.5
15173,557538.6,5318874.0
15174,557516.4,5318965.0
15175,557488.6,5319049.0
15176,557450.2,5319118.5
15177,557359.7,5319172.0
15178,557315.8,5319264.5
15179,557278.9,5319348.5
15180,557317.1,5319429.5
15181,557257.8,5319503.5
15182,557202.8,5319585.5
15183,557098.56,5319589.0
15184,557071.6,5319683.5
15185,557062.7,5319772.5
15186,556957.8,5319786.0
15187,556856.6,5319802.5
15188,556849.7,5319891.0
15189,556840.2,5319976.5
15190,556743.7,5320003.0
15191,556652.4,5320044.0
15192,552890.5,5322670.0
15193,552873.5,5322757.0
15194,552777.94,5322768.0
15195,552684.1,5322767.0
15196,552632.6,5322856.0
15197,552593.2,5322970.5
15198,552558.3,5323086.5
15199,552531.75,5323214.5
15200,552518.94,5323352.0
15201,552531.6,5323498.5
15202,547732.75,5329635.5
15203,547377.0,5329608.0
15204,546998.5,5329783.5
15205,546628.75,5329908.5
15206,546264.56,5330027.5
15207,545948.75,5330188.0
15208,545705.7,5330005.5
15209,545449.44,5330087.0
15210,545203.2,5329949.0
15211,544899.6,5329808.0
15212,544599.4,5329703.5
15213,544298.06,5329885.5
15214,544083.1,5329645.0
15215,544026.6,5329428.5
15216,543889.3,5329264.5
15217,543878.44,5329073.0
15218,543654.3,5328955.0
15219,540581.8,5332608.5
15220,540728.0,5332476.0
15221,540853.56,5332322.5
15222,540962.8,5332159.0
15223,541039.6,5331976.5
15224,541264.0,5331951.0
15225,541530.75,5331895.5
15226,541562.8,5331705.0
15227,541684.9,5331521.0
15228,541815.5,5331337.5
15229,542070.75,5331401.5
15230,542267.6,5331254.0
15231,542612.4,5331381.0
15232,542962.44,5331544.0
15233,543275.6,5331346.0
15234,543616.56,5331493.5
15235,543918.56,5331271.5
15236,544188.25,5331012.0
15237,544538.3,5331093.0
15238,544890.1,5331089.5
15239,545179.2,5330849.0
15240,545529.5,5330706.0
15241,545819.3,5330917.5
15242,546156.1,5330760.0
15243,546486.2,5330607.0
15244,546765.25,5330806.5
15245,547087.25,5330984.0
15246,547398.8,5330993.5
15247,550449.0,5339636.0
15248,550436.0,5339539.0
15249,550484.25,5339720.5
15250,550492.4,5339780.5
15251,550431.5,5341435.0
15252,550397.0,5341338.0
15253,546291.0,5365000.0
15254,546460.06,5365091.0
15255,557965.1,5316917.0
15256,557928.6,5316995.0
15257,557847.75,5317001.5
15258,558143.7,5316864.5
15259,558109.5,5316964.5
15260,558010.94,5316976.0
15261,558183.2,5316763.0
15262,557765.0,5317039.0
15263,557692.1,5317107.5
15264,557610.6,5317083.0
15265,557806.2,5318662.5
15266,557767.06,5318745.5
15267,557704.7,5318810.5
15268,557628.44,5318842.5
15269,557616.6,5318941.5
15270,557599.4,5319037.5
15271,557561.2,5319128.5
15272,557469.94,5319183.5
15273,557423.1,5319255.0
15274,557375.1,5319342.0
15275,557421.25,5319422.5
15276,557376.5,5319521.5
15277,557304.3,5319596.5
15278,557245.0,5319674.5
15279,557157.3,5319662.0
15280,557172.5,5319755.0
15281,557154.9,5319847.5
15282,557049.3,5319860.0
15283,556948.9,5319875.0
15284,556939.5,5319964.0
15285,552956.9,5322698.5
15286,552953.1,5322823.0
15287,552854.1,5322864.5
15288,552744.94,5322870.5
15289,552709.06,5322972.0
15290,552679.2,5323080.0
15291,552651.94,5323189.5
15292,552628.8,5323299.5
15293,552623.4,5323399.0
15294,547531.5,5329938.5
15295,547232.94,5329994.5
15296,546892.8,5330118.5
15297,546544.0,5330251.0
15298,546212.75,5330401.0
15299,545880.6,5330562.0
15300,545626.06,5330355.5
15301,545272.3,5330409.0
15302,544949.9,5330205.0
15303,544628.9,5330070.5
15304,544357.44,5330314.5
15305,544036.2,5330205.5
15306,543919.44,5329893.5
15307,543796.25,5329634.5
15308,543714.2,5329425.0
15309,543682.94,5329183.5
15310,543489.1,5329065.0
15311,541122.3,5331796.5
15312,541340.44,5331769.5
15313,541427.44,5331583.5
15314,541479.1,5331409.5
15315,541584.9,5331260.5
15316,541699.8,5331098.0
15317,541951.3,5331161.5
15318,542052.7,5331006.5
15319,542225.8,5330927.0
15320,542447.56,5331076.0
15321,542678.3,5331013.5
15322,542944.8,5331196.0
15323,543246.8,5330987.5
15324,543576.75,5331128.0
15325,543855.56,5330889.5
15326,544112.3,5330609.0
15327,544435.5,5330724.5
15328,544779.06,5330808.0
15329,544982.0,5330558.0
15330,546809.1,5330456.0
15331,547056.8,5330649.5
15332,547406.44,5330631.0
15333,550555.06,5339586.0
15334,550556.0,5339482.0
15335,550600.5,5339749.5
15336,550598.0,5339827.0
15337,550482.6,5341343.0
15338,550455.9,5341227.5
15339,550368.0,5341247.0
15340,546216.0,5365212.0
15341,546408.0,5365264.0
15342,557988.44,5317063.0
15343,557909.44,5317096.0
15344,557829.8,5317089.5
15345,558237.0,5316869.0
15346,558209.5,5316964.0
15347,558274.44,5316784.0
15348,557769.6,5317143.5
15349,557701.94,5317210.0
15350,557618.4,5317182.5
15351,557888.9,5318718.5
15352,557864.9,5318807.0
15353,557785.56,5318855.5
15354,557706.4,5318907.0
15355,557701.94,5319007.5
15356,557692.44,5319108.5
15357,557633.3,5319186.5
15358,557541.6,5319240.0
15359,557478.0,5319331.0
15360,557521.3,5319418.5
15361,557472.06,5319497.0
15362,557477.1,5319592.5
15363,557394.25,5319620.5
15364,557342.06,5319689.5
15365,557273.75,5319753.5
15366,557264.2,5319842.5
15367,557236.8,5319935.0
15368,557137.25,5319932.5
15369,557038.5,5319949.0
15370,553016.4,5322748.5
15371,553001.1,5322651.0
15372,553072.44,5322823.5
15373,553012.0,5322891.5
15374,552947.56,5322956.0
15375,552828.8,5322974.0
15376,552798.56,5323084.0
15377,552776.0,5323205.0
15378,552742.25,5323314.0
15379,552705.6,5323417.5
15380,552656.5,5323520.5
15381,547458.7,5330271.5
15382,547148.25,5330344.5
15383,544677.0,5330453.0
15384,543807.3,5330505.0
15385,543733.75,5330150.5
15386,543653.6,5329863.5
15387,543600.3,5329634.0
15388,543453.2,5329539.0
15389,543510.44,5329301.0
15390,543323.94,5329174.5
15391,541214.94,5331621.0
15392,541296.25,5331440.5
15393,541360.8,5331253.0
15394,541453.56,5331081.5
15395,541581.5,5330930.0
15396,541828.6,5330944.0
15397,541983.5,5330787.0
15398,542178.3,5330690.5
15399,542432.25,5330797.5
15400,542665.44,5330724.0
15401,542930.25,5330871.5
15402,543152.25,5330665.0
15403,543524.0,5330743.0
15404,550670.56,5339555.0
15405,550700.3,5339458.5
15406,550687.8,5339791.5
15407,550671.5,5339873.5
15408,550576.2,5339909.0
15409,550510.56,5339867.0
15410,550359.25,5341161.5
15411,550277.0,5341196.0
15412,546363.0,5365433.0
15413,546197.0,5365440.0
15414,557989.2,5317162.0
15415,557929.2,5317195.0
15416,557852.5,5317176.5
15417,558324.44,5316870.0
15418,558308.3,5316962.0
15419,557790.3,5317242.0
15420,557713.5,5317308.5
15421,557626.1,5317282.0
15422,557971.0,5318775.0
15423,557937.8,5318866.0
15424,557869.7,5318913.0
15425,557792.25,5318962.5
15426,557798.75,5319062.5
15427,557811.4,5319156.5
15428,557728.6,5319204.5
15429,557647.44,5319267.0
15430,557578.56,5319335.0
15431,557614.3,5319424.5
15432,557563.75,5319518.5
15433,557565.0,5319613.0
15434,557531.1,5319677.0
15435,557446.4,5319706.0
15436,557360.94,5319776.5
15437,557366.1,5319856.0
15438,557336.56,5319944.0
15439,553083.4,5322701.5
15440,553043.5,5322594.5
15441,553163.0,5322753.0
15442,553156.9,5322864.0
15443,553086.6,5322950.5
15444,553038.6,5323051.0
15445,552923.5,5323072.5
15446,552898.7,5323173.5
15447,552879.2,5323253.5
15448,552871.06,5323339.5
15449,552807.2,5323429.0
15450,552742.6,5323528.0
15451,552669.1,5323637.5
15452,543544.94,5330376.5
15453,543506.7,5330073.0
15454,543461.75,5329805.0
15455,543314.9,5329709.0
15456,543213.5,5329569.0
15457,543342.44,5329388.0
15458,543197.5,5329327.0
15459,541718.75,5330787.5
15460,541861.4,5330649.5
15461,542029.1,5330545.5
15462,542203.0,5330450.5
15463,542332.0,5330585.5
15464,542515.0,5330548.5
15465,542705.4,5330474.0
15466,542860.4,5330631.5
15467,542929.25,5330466.5
15468,543094.94,5330342.5
15469,543324.1,5330483.0
15470,550787.0,5339526.5
15471,550836.0,5339431.5
15472,550450.9,5339941.5
15473,550394.6,5339892.0
15474,550251.0,5341098.0
15475,550161.0,5341142.0
15476,546405.0,5365590.0
15477,546239.0,5365658.0
15478,558010.7,5317249.5
15479,558078.25,5317178.0
15480,557891.44,5317272.5
15481,557805.44,5317336.5
15482,557723.5,5317406.5
15483,557633.94,5317381.5
15484,558021.56,5318890.5
15485,558061.6,5318815.5
15486,557964.44,5318962.5
15487,557889.25,5319016.0
15488,557906.3,5319114.0
15489,557908.75,5319214.0
15490,557818.94,5319256.5
15491,557737.94,5319289.0
15492,557679.6,5319351.0
15493,557709.1,5319424.5
15494,557663.2,5319500.5
15495,557639.1,5319593.0
15496,557627.44,5319682.5
15497,557551.4,5319760.5
15498,557459.06,5319803.5
15499,557447.94,5319892.0
15500,557433.25,5319968.5
15501,553151.7,5322628.5
15502,553124.5,5322505.5
15503,553247.06,5322686.0
15504,553244.3,5322813.0
15505,553217.7,5322937.5
15506,553171.2,5323033.0
15507,553127.3,5323118.0
15508,553029.4,5323172.0
15509,552975.5,5323271.0
15510,553011.56,5323370.0
15511,552930.0,5323444.5
15512,552851.7,5323524.5
15513,552777.8,5323617.0
15514,552719.7,5323719.5
15515,543322.4,5330235.0
15516,543346.8,5330010.5
15517,543247.25,5329889.0
15518,543117.1,5329767.0
15519,542979.0,5329653.5
15520,543072.5,5329481.0
15521,542393.8,5330396.5
15522,542571.8,5330322.5
15523,542827.1,5330300.0
15524,542950.06,5330145.0
15525,543160.44,5330101.0
15526,550905.44,5339509.5
15527,550973.4,5339425.0
15528,550344.7,5339977.0
15529,550285.0,5339942.0
15530,550155.9,5341044.0
15531,550055.0,5341083.0
15532,546480.0,5365743.0
15533,546340.0,5365847.0
15534,558123.4,5317259.0
15535,558066.75,5317333.5
15536,557972.06,5317325.0
15537,558178.2,5317175.0
15538,557895.6,5317372.5
15539,557814.6,5317434.5
15540,557731.5,5317505.0
15541,557641.7,5317481.0
15542,558118.75,5318913.0
15543,558064.44,5318998.0
15544,558160.9,5318825.0
15545,557994.94,5319065.0
15546,558004.6,5319169.5
15547,557984.4,5319279.5
15548,557888.25,5319320.0
15549,557788.4,5319364.0
15550,557775.5,5319481.5
15551,557707.7,5319557.5
15552,557728.8,5319637.5
15553,557726.6,5319714.5
15554,557647.06,5319756.5
15555,557638.7,5319829.5
15556,557548.9,5319854.5
15557,557537.1,5319938.0
15558,557519.1,5320018.0
15559,553236.0,5322561.5
15560,553222.5,5322432.5
15561,553339.2,5322626.5
15562,553332.44,5322751.0
15563,553316.5,5322884.0
15564,553304.56,5323022.0
15565,553245.44,5323123.5
15566,553167.8,5323207.0
15567,553092.4,5323285.0
15568,553138.25,5323387.0
15569,553057.2,5323467.0
15570,552977.7,5323537.0
15571,552896.44,5323606.0
15572,552828.7,5323688.5
15573,552775.0,5323771.0
15574,543039.8,5329955.0
15575,542906.5,5329838.0
15576,542698.1,5330170.0
15577,542824.4,5330017.0
15578,551024.6,5339514.5
15579,551119.2,5339421.5
15580,550243.9,5340020.5
15581,550173.4,5339987.0
15582,550050.44,5340981.5
15583,549953.0,5341022.0
15584,546593.94,5365903.0
15585,546480.0,5366013.0
15586,558228.0,5317260.5
15587,558176.9,5317348.5
15588,558088.6,5317419.5
15589,557992.44,5317407.5
15590,558278.1,5317171.0
15591,557910.06,5317467.0
15592,557822.25,5317531.0
15593,557738.25,5317604.0
15594,557649.44,5317580.5
15595,558222.0,5318912.5
15596,558165.1,5319011.0
15597,558103.25,5319112.5
15598,558260.06,5318819.0
15599,558080.2,5319235.5
15600,558047.75,5319352.0
15601,557952.7,5319389.0
15602,557857.0,5319423.5
15603,557809.8,5319580.5
15604,557780.8,5319487.0
15605,557835.9,5319677.0
15606,557804.4,5319759.5
15607,557728.44,5319801.0
15608,557729.56,5319885.0
15609,557636.4,5319912.5
15610,557618.4,5319997.0
15611,557597.7,5320079.5
15612,553330.94,5322510.0
15613,553307.9,5322398.0
15614,553438.25,5322568.0
15615,553428.06,5322690.0
15616,553409.25,5322815.5
15617,553395.25,5322939.5
15618,553420.8,5323051.5
15619,553368.6,5323152.5
15620,553293.2,5323231.0
15621,553214.8,5323308.0
15622,553262.2,5323414.5
15623,553168.9,5323488.0
15624,553102.25,5323566.0
15625,553027.94,5323625.0
15626,552939.44,5323679.0
15627,552877.8,5323764.0
15628,551143.3,5339532.0
15629,551183.9,5339478.5
15630,551211.3,5339389.5
15631,550093.7,5340104.5
15632,550064.06,5340035.0
15633,549944.9,5340927.0
15634,549837.0,5340982.0
15635,546669.0,5366173.0
15636,546767.0,5366010.0
15637,558325.1,5317244.5
15638,558301.5,5317341.0
15639,558251.6,5317412.0
15640,558178.4,5317448.0
15641,558107.0,5317499.0
15642,558010.94,5317505.0
15643,558373.06,5317153.5
15644,557913.7,5317561.5
15645,557826.25,5317629.0
15646,557745.75,5317704.0
15647,557657.2,5317679.5
15648,558339.7,5318890.5
15649,558267.1,5318994.5
15650,558215.06,5319096.5
15651,558175.0,5319200.0
15652,558413.6,5318774.0
15653,558142.75,5319315.5
15654,557889.75,5319523.5
15655,557901.75,5319609.5
15656,557862.8,5319430.0
15657,557957.5,5319680.0
15658,557903.8,5319761.5
15659,557832.3,5319847.5
15660,557800.8,5319951.0
15661,557712.94,5319981.0
15662,557687.1,5320076.0
15663,557647.6,5320163.5
15664,553425.06,5322454.5
15665,553393.2,5322350.5
15666,553538.06,5322500.0
15667,553525.3,5322630.0
15668,553505.9,5322756.0
15669,553487.25,5322874.5
15670,553481.9,5322978.5
15671,553548.9,5323064.0
15672,553484.44,5323135.5
15673,553479.3,5323219.0
15674,553416.7,5323292.5
15675,553323.5,5323333.5
15676,553395.56,5323420.0
15677,553327.06,5323498.0
15678,553253.1,5323520.5
15679,553207.06,5323598.0
15680,553165.6,5323675.5
15681,553061.2,5323707.0
15682,552970.7,5323733.0
15683,551242.5,5339552.0
15684,551284.2,5339423.5
15685,551303.1,5339461.5
15686,551325.2,5339348.0
15687,549996.75,5340124.0
15688,550039.3,5340196.0
15689,549829.2,5340895.5
15690,549748.1,5340936.0
15691,546990.94,5366108.0
15692,558408.8,5317213.0
15693,558400.25,5317299.5
15694,558407.9,5317389.5
15695,558336.5,5317445.0
15696,558263.94,5317502.0
15697,558184.3,5317539.5
15698,558090.06,5317584.5
15699,557996.8,5317606.0
15700,558456.8,5317123.0
15701,557910.1,5317660.0
15702,557834.25,5317731.0
15703,557757.6,5317805.0
15704,557665.06,5317779.0
15705,558443.5,5318869.5
15706,558438.0,5318949.5
15707,558354.7,5318985.5
15708,558314.2,5319074.0
15709,558273.75,5319173.0
15710,558237.8,5319279.0
15711,558421.8,5318665.0
15712,558332.56,5318732.0
15713,558507.8,5318743.5
15714,558507.9,5318824.5
15715,557977.25,5319484.5
15716,557987.06,5319579.5
15717,557958.1,5319395.5
15718,558056.5,5319650.0
15719,558023.0,5319765.0
15720,557946.9,5319846.5
15721,557894.9,5319932.5
15722,557862.0,5320018.0
15723,557780.44,5320066.5
15724,557732.3,5320175.5
15725,557649.3,5320261.5
15726,553506.8,5322382.5
15727,553477.0,5322292.0
15728,553596.5,5322399.0
15729,553648.4,5322474.5
15730,553617.3,5322582.5
15731,553599.06,5322703.5
15732,553580.0,5322824.5
15733,553566.0,5322941.5
15734,553642.44,5323001.0
15735,553643.9,5323104.5
15736,553598.56,5323199.5
15737,553547.6,5323301.5
15738,553505.0,5323392.5
15739,553485.4,5323494.0
15740,553394.0,5323542.0
15741,553305.3,5323607.0
15742,553254.1,5323713.5
15743,551374.9,5339499.0
15744,551396.0,5339389.5
15745,551447.5,5339307.5
15746,549965.1,5340231.0
15747,550018.2,5340291.5
15748,549739.0,5340825.0
15749,549672.5,5340844.5
15750,558482.2,5317237.5
15751,558493.8,5317332.0
15752,558502.4,5317429.0
15753,558427.3,5317489.0
15754,558351.75,5317545.5
15755,558270.7,5317606.5
15756,558180.3,5317618.0
15757,558131.8,5317673.5
15758,558058.8,5317683.5
15759,557983.06,5317696.0
15760,558540.06,5317178.0
15761,557923.25,5317761.5
15762,557853.6,5317832.0
15763,557781.25,5317903.0
15764,557676.0,5317878.5
15765,558541.9,5318909.0
15766,558504.9,5319009.0
15767,558410.44,5319044.0
15768,558369.6,5319141.0
15769,558332.8,5319242.5
15770,558330.0,5318637.5
15771,558365.0,5318547.0
15772,558463.9,5318570.5
15773,558523.1,5318654.5
15774,558249.25,5318677.0
15775,558592.06,5318725.5
15776,558606.4,5318812.0
15777,558069.9,5319447.5
15778,558075.56,5319541.5
15779,558052.9,5319359.5
15780,558149.94,5319606.5
15781,558127.06,5319718.0
15782,558117.3,5319823.0
15783,558042.44,5319882.0
15784,557979.2,5319940.0
15785,557957.5,5320033.0
15786,557882.4,5320103.5
15787,557817.7,5320158.5
15788,557819.44,5320247.0
15789,557740.4,5320274.5
15790,557706.6,5320356.0
15791,557617.3,5320356.0
15792,553598.8,5322290.5
15793,553686.9,5322370.0
15794,553749.75,5322452.5
15795,553709.94,5322551.5
15796,553686.94,5322660.0
15797,553669.06,5322774.0
15798,553653.6,5322889.0
15799,553732.06,5322942.0
15800,553722.75,5323050.5
15801,553724.25,5323167.5
15802,553712.25,5323254.0
15803,553663.6,5323320.0
15804,553614.0,5323387.5
15805,553593.94,5323468.5
15806,553564.0,5323558.5
15807,553459.6,5323590.0
15808,553393.2,5323647.0
15809,553333.2,5323700.5
15810,551482.8,5339447.0
15811,551593.7,5339401.0
15812,551568.75,5339273.0
15813,549910.7,5340302.5
15814,549938.5,5340364.5
15815,549710.0,5340720.0
15816,549639.4,5340729.0
15817,558581.06,5317266.5
15818,558584.0,5317366.0
15819,558589.56,5317466.0
15820,558520.06,5317528.5
15821,558448.25,5317586.5
15822,558374.9,5317641.0
15823,558310.7,5317703.5
15824,558211.6,5317706.0
15825,558115.7,5317769.0
15826,558018.75,5317777.5
15827,557954.25,5317855.0
15828,557889.25,5317926.5
15829,557821.9,5317993.5
15830,557704.8,5317973.5
15831,558648.6,5318895.0
15832,558599.7,5318985.0
15833,558558.44,5319076.5
15834,558464.3,5319107.0
15835,558427.8,5319206.0
15836,558261.75,5318574.0
15837,558274.94,5318480.0
15838,558350.1,5318431.0
15839,558431.44,5318469.0
15840,558515.0,5318494.0
15841,558557.7,5318568.0
15842,558617.56,5318653.0
15843,558173.1,5318613.0
15844,558681.56,5318731.0
15845,558714.56,5318809.0
15846,558164.9,5319410.5
15847,558168.94,5319503.0
15848,558147.56,5319323.0
15849,558245.4,5319567.5
15850,558218.3,5319672.5
15851,558219.8,5319781.0
15852,558191.6,5319876.0
15853,558126.7,5319940.5
15854,558054.8,5319996.0
15855,558059.2,5320084.5
15856,557975.6,5320133.0
15857,557899.75,5320198.5
15858,557912.56,5320300.0
15859,557809.94,5320348.5
15860,557757.94,5320440.0
15861,557661.9,5320451.0
15862,557565.4,5320441.5
15863,553731.6,5322277.5
15864,553790.4,5322368.0
15865,553866.56,5322444.5
15866,553801.56,5322526.0
15867,553772.1,5322624.5
15868,553756.8,5322725.0
15869,553739.1,5322834.0
15870,553818.75,5322877.5
15871,553816.2,5322988.5
15872,553789.0,5323092.0
15873,553839.1,5323153.5
15874,553817.0,5323248.5
15875,553775.9,5323337.0
15876,553725.3,5323435.0
15877,553655.7,5323533.0
15878,551707.0,5339362.0
15879,551688.6,5339257.5
15880,549833.0,5340375.0
15881,549783.1,5340301.0
15882,549677.0,5340596.0
15883,549610.6,5340612.0
15884,558613.44,5317563.0
15885,558546.4,5317624.5
15886,558477.2,5317681.0
15887,558408.56,5317736.5
15888,558345.7,5317802.0
15889,558267.5,5317779.5
15890,558198.56,5317811.5
15891,558130.7,5317861.5
15892,558052.6,5317865.0
15893,557999.4,5317945.5
15894,557936.44,5318014.5
15895,557873.44,5318079.0
15896,557756.56,5318058.5
15897,558746.4,5318894.0
15898,558692.8,5318978.0
15899,558653.4,5319061.5
15900,558619.2,5319136.5
15901,558522.75,5319169.0
15902,558181.06,5318507.0
15903,558196.25,5318408.5
15904,558273.4,5318384.0
15905,558320.6,5318317.5
15906,558409.6,5318361.5
15907,558496.06,5318397.0
15908,558586.3,5318424.0
15909,558651.75,5318582.5
15910,558711.75,5318639.5
15911,558096.25,5318549.5
15912,558788.1,5318716.5
15913,558808.1,5318813.0
15914,558259.8,5319374.0
15915,558265.1,5319466.0
15916,558242.25,5319286.5
15917,558342.7,5319530.5
15918,558313.7,5319632.0
15919,558293.44,5319720.0
15920,558335.25,5319792.0
15921,558280.1,5319872.0
15922,558222.8,5319964.5
15923,558160.2,5320048.0
15924,558144.06,5320138.5
15925,558068.8,5320173.5
15926,557985.5,5320227.5
15927,558019.4,5320319.5
15928,557979.9,5320395.0
15929,557895.9,5320388.0
15930,557851.7,5320453.5
15931,557807.44,5320521.5
15932,557719.2,5320535.5
15933,557611.7,5320548.5
15934,557514.75,5320526.5
15935,553813.8,5322287.0
15936,553884.7,5322337.5
15937,553958.1,5322403.5
15938,553974.8,5322507.5
15939,553889.2,5322529.5
15940,553847.0,5322593.0
15941,553851.44,5322676.5
15942,553821.4,5322779.0
15943,553907.75,5322809.0
15944,553900.3,5322910.0
15945,553905.5,5322992.5
15946,553870.6,5323082.0
15947,551809.4,5339258.0
15948,551823.56,5339338.0
15949,549724.0,5340371.0
15950,549664.6,5340306.5
15951,549670.0,5340498.0
15952,549581.75,5340495.5
15953,558644.06,5317658.0
15954,558580.75,5317718.0
15955,558512.0,5317774.0
15956,558441.1,5317829.5
15957,558370.5,5317893.5
15958,558276.4,5317881.5
15959,558189.94,5317900.0
15960,558109.9,5317954.5
15961,558049.44,5318030.5
15962,557989.44,5318098.5
15963,557927.1,5318163.5
15964,557810.5,5318142.5
15965,558840.75,5318910.5
15966,558774.0,5318982.0
15967,558741.6,5319071.0
15968,558694.9,5319150.5
15969,558620.2,5319217.0
15970,558526.5,5319177.5
15971,558094.8,5318430.5
15972,558130.7,5318346.0
15973,558214.6,5318297.0
15974,558283.94,5318210.5
15975,558386.3,5318256.5
15976,558476.1,5318298.0
15977,558564.94,5318330.5
15978,558656.3,5318352.5
15979,558742.25,5318515.0
15980,558793.3,5318619.0
15981,558030.44,5318475.0
15982,558897.25,5318653.0
15983,558895.2,5318752.5
15984,558894.2,5318839.0
15985,558354.0,5319337.5
15986,558360.3,5319429.5
15987,558337.0,5319250.0
15988,558438.5,5319495.0
15989,558409.7,5319601.0
15990,558382.8,5319701.0
15991,558435.4,5319776.5
15992,558381.94,5319870.5
15993,558322.8,5319958.5
15994,558272.0,5320050.5
15995,558230.56,5320140.0
15996,558166.25,5320235.5
15997,558066.1,5320247.5
15998,558122.06,5320329.0
15999,558076.9,5320409.0
16000,558039.7,5320489.0
16001,557944.4,5320477.5
16002,557897.5,5320562.0
16003,557801.75,5320608.0
16004,557700.4,5320625.5
16005,557606.25,5320643.0
16006,557508.7,5320623.5
16007,553892.8,5322217.5
16008,553961.7,5322285.0
16009,554023.6,5322350.5
16010,554050.4,5322443.5
16011,554079.4,5322556.0
16012,553998.9,5322599.0
16013,553924.56,5322604.0
16014,553960.56,5322695.0
16015,553887.4,5322736.5
16016,553989.1,5322778.5
16017,553979.25,5322864.5
16018,553979.4,5322964.5
16019,551927.7,5339281.5
16020,551938.9,5339372.0
16021,549659.0,5340411.0
16022,549586.1,5340378.0
16023,558686.56,5317748.5
16024,558619.44,5317810.0
16025,558543.7,5317865.5
16026,558469.06,5317918.0
16027,558402.06,5317971.5
16028,558314.8,5317985.5
16029,558217.75,5317971.0
16030,558154.4,5318043.0
16031,558103.56,5318116.5
16032,558045.06,5318182.0
16033,557980.75,5318247.0
16034,557862.06,5318227.5
16035,558945.5,5318925.5
16036,558891.56,5319007.5
16037,558828.4,5319091.5
16038,558870.56,5319007.5
16039,558778.0,5319169.5
16040,558705.94,5319243.5
16041,558628.4,5319308.5
16042,558534.7,5319262.0
16043,558431.7,5319214.0
16044,557972.94,5318393.5
16045,558032.4,5318333.0
16046,558097.5,5318265.0
16047,558165.0,5318202.5
16048,558212.4,5318127.5
16049,558307.5,5318101.5
16050,558380.3,5318157.5
16051,558464.7,5318201.0
16052,558549.9,5318237.5
16053,558637.56,5318266.5
16054,558731.0,5318286.5
16055,558849.0,5318559.5
16056,558956.1,5318554.5
16057,559010.56,5318621.5
16058,559000.94,5318718.5
16059,558994.1,5318825.5
16060,558445.94,5319300.5
16061,558453.56,5319392.5
16062,558532.4,5319455.5
16063,558505.2,5319567.5
16064,558477.4,5319673.0
16065,558530.06,5319754.0
16066,558480.8,5319857.0
16067,558425.2,5319951.5
16068,558375.4,5320042.0
16069,558330.06,5320133.5
16070,558266.8,5320227.0
16071,558166.8,5320243.0
16072,558224.2,5320327.0
16073,558178.2,5320415.5
16074,558137.8,5320500.5
16075,558104.7,5320586.5
16076,558004.4,5320569.0
16077,557965.5,5320640.0
16078,557879.6,5320668.5
16079,557775.56,5320696.5
16080,557664.4,5320712.5
16081,557547.06,5320715.0
16082,553981.4,5322164.0
16083,554047.9,5322255.5
16084,554104.8,5322343.5
16085,554145.6,5322442.0
16086,554047.8,5322651.0
16087,554161.6,5322537.0
16088,554062.8,5322736.5
16089,554051.6,5322816.5
16090,554059.06,5322886.5
16091,554081.1,5322941.0
16092,552040.1,5339322.5
16093,552028.1,5339462.5
16094,558733.25,5317836.5
16095,558645.4,5317903.0
16096,558562.4,5317959.0
16097,558476.56,5318010.5
16098,558388.94,5318057.0
16099,558244.6,5318047.5
16100,557916.3,5318311.5
16101,559050.8,5318940.0
16102,559008.6,5319035.5
16103,558917.6,5319119.0
16104,558870.2,5319201.0
16105,558962.2,5319040.5
16106,558785.8,5319264.5
16107,558713.9,5319342.0
16108,558632.94,5319414.0
16109,558544.5,5319354.5
16110,558466.44,5318104.5
16111,558543.3,5318146.0
16112,558625.8,5318178.0
16113,558707.7,5318203.5
16114,559064.2,5318509.0
16115,559112.7,5318656.5
16116,559100.06,5318770.0
16117,559099.0,5318861.0
16118,558593.0,5319526.5
16119,558579.2,5319646.0
16120,558623.56,5319752.0
16121,558576.5,5319845.5
16122,558525.06,5319942.0
16123,558476.8,5320035.5
16124,558431.06,5320125.5
16125,558367.4,5320218.0
16126,558267.25,5320234.5
16127,558325.7,5320320.0
16128,558280.75,5320412.0
16129,558239.4,5320501.5
16130,558207.75,5320588.5
16131,558177.0,5320680.5
16132,558060.2,5320675.5
16133,557962.8,5320729.0
16134,557854.0,5320758.0
16135,557735.1,5320778.5
16136,557610.9,5320792.0
16137,554069.9,5322164.0
16138,554149.0,5322240.0
16139,554199.6,5322334.5
16140,554243.8,5322410.5
16141,554237.5,5322502.0
16142,554142.1,5322828.0
16143,554135.9,5322925.0
16144,552123.6,5339475.5
16145,552085.4,5339592.0
16146,558740.7,5317934.5
16147,558656.94,5318007.0
16148,558554.7,5318051.0
16149,559168.1,5318947.0
16150,559127.44,5319047.5
16151,559006.3,5319129.5
16152,558980.6,5319218.0
16153,558932.0,5319282.0
16154,558858.3,5319293.0
16155,558804.0,5319355.0
16156,558747.44,5319435.5
16157,558677.3,5319493.5
16158,558618.3,5318095.5
16159,558699.9,5318108.5
16160,559163.2,5318576.0
16161,559254.4,5318653.5
16162,559200.4,5318739.5
16163,559201.44,5318840.5
16164,558666.0,5319581.5
16165,558680.7,5319674.5
16166,558725.5,5319764.0
16167,558675.94,5319846.0
16168,558623.5,5319932.0
16169,558575.56,5320027.0
16170,558534.2,5320117.5
16171,558467.94,5320209.0
16172,558367.7,5320226.0
16173,558425.94,5320311.5
16174,558381.3,5320405.0
16175,558340.1,5320496.5
16176,558311.56,5320585.5
16177,558284.6,5320670.0
16178,558262.7,5320748.0
16179,558203.56,5320795.5
16180,558124.75,5320753.0
16181,558040.9,5320784.0
16182,557934.0,5320819.0
16183,557815.8,5320841.0
16184,557687.06,5320856.5
16185,554208.9,5322913.5
16186,554208.9,5322838.0
16187,552184.2,5339623.5
16188,552141.2,5339727.0
16189,558757.25,5318030.5
16190,559282.75,5318931.5
16191,559247.8,5319047.0
16192,559075.3,5319191.0
16193,559065.75,5319278.0
16194,559013.0,5319336.0
16195,558909.75,5319366.5
16196,558841.75,5319425.0
16197,558838.0,5319506.0
16198,558756.5,5319533.5
16199,559310.3,5318796.5
16200,559368.3,5318685.5
16201,558748.0,5319612.0
16202,558780.56,5319685.5
16203,558829.2,5319770.0
16204,558780.56,5319851.5
16205,558726.0,5319932.5
16206,558664.8,5320007.5
16207,558646.7,5320102.0
16208,558568.5,5320200.5
16209,558468.1,5320217.5
16210,558525.7,5320302.0
16211,558479.56,5320396.0
16212,558437.44,5320490.5
16213,558410.0,5320585.5
16214,558384.1,5320680.5
16215,558349.1,5320773.0
16216,558291.4,5320847.0
16217,558207.0,5320894.0
16218,558122.06,5320844.0
16219,558017.8,5320875.5
16220,557904.4,5320911.0
16221,557767.94,5320915.5
16222,552235.1,5339754.0
16223,552206.5,5339850.0
16224,559394.4,5318921.5
16225,559368.06,5319044.0
16226,559149.8,5319287.5
16227,559173.7,5319208.5
16228,559117.44,5319368.5
16229,559073.06,5319438.5
16230,558986.2,5319417.5
16231,558918.9,5319465.0
16232,558927.25,5319557.5
16233,558841.06,5319601.0
16234,559432.06,5318800.5
16235,559487.8,5318690.0
16236,558866.4,5319691.5
16237,558935.8,5319761.5
16238,558884.75,5319854.0
16239,558826.25,5319939.5
16240,558749.56,5320022.5
16241,558756.5,5320107.5
16242,558669.06,5320192.0
16243,558568.56,5320209.0
16244,558626.9,5320293.5
16245,558579.0,5320387.0
16246,558534.94,5320482.0
16247,558506.8,5320578.5
16248,558479.94,5320679.5
16249,558441.5,5320786.5
16250,558388.06,5320890.5
16251,558292.3,5320946.5
16252,558190.44,5320981.5
16253,558104.9,5320930.5
16254,558005.0,5320968.0
16255,557934.8,5321026.5
16256,557850.9,5320972.0
16257,559506.3,5318909.5
16258,559488.3,5319040.5
16259,559243.7,5319290.5
16260,559213.0,5319378.0
16261,559273.3,5319214.0
16262,559176.0,5319470.0
16263,559095.9,5319540.0
16264,559006.6,5319506.0
16265,559016.75,5319601.0
16266,558936.4,5319651.5
16267,559549.06,5318787.5
16268,559604.44,5318667.0
16269,559019.0,5319700.0
16270,559036.94,5319792.5
16271,558982.06,5319864.0
16272,558925.44,5319946.0
16273,558848.56,5320027.5
16274,558859.8,5320113.5
16275,558769.94,5320189.5
16276,558669.0,5320200.0
16277,558728.4,5320289.0
16278,558681.56,5320380.0
16279,558635.94,5320472.5
16280,558605.25,5320566.5
16281,558577.0,5320664.0
16282,558535.3,5320768.0
16283,558500.9,5320882.0
16284,558454.1,5320979.5
16285,558366.7,5321008.0
16286,558270.8,5321040.5
16287,558171.9,5321061.0
16288,558091.56,5321021.5
16289,558020.8,5321077.5
16290,559616.8,5318881.5
16291,559586.56,5319007.0
16292,559348.75,5319279.5
16293,559303.7,5319356.0
16294,559299.4,5319444.5
16295,559370.75,5319193.5
16296,559249.3,5319530.5
16297,559177.5,5319586.5
16298,559101.75,5319645.5
16299,559663.25,5318757.5
16300,559718.1,5318629.5
16301,559116.6,5319739.5
16302,559131.25,5319822.5
16303,559080.94,5319886.0
16304,559021.06,5319958.0
16305,558946.7,5320035.5
16306,558959.2,5320123.0
16307,558870.25,5320200.0
16308,558769.75,5320199.0
16309,558827.4,5320292.5
16310,558782.7,5320379.0
16311,558738.75,5320468.5
16312,558705.75,5320558.5
16313,558674.94,5320649.0
16314,558630.4,5320743.5
16315,558586.6,5320835.5
16316,558617.9,5320922.0
16317,558541.56,5320972.5
16318,558524.75,5321056.5
16319,558435.0,5321081.0
16320,558343.75,5321107.5
16321,558230.06,5321122.5
16322,558105.94,5321130.5
16323,559729.7,5318848.5
16324,559689.0,5318966.5
16325,559454.25,5319242.0
16326,559399.8,5319365.5
16327,559405.25,5319474.0
16328,559337.25,5319544.0
16329,559268.7,5319623.0
16330,559196.25,5319689.5
16331,559773.25,5318721.5
16332,559828.8,5318583.5
16333,559221.25,5319792.5
16334,559191.56,5319901.5
16335,559119.8,5319973.0
16336,559043.06,5320046.0
16337,559057.8,5320134.0
16338,558970.75,5320209.5
16339,558870.0,5320209.5
16340,558923.8,5320302.0
16341,558879.94,5320386.5
16342,558836.9,5320469.5
16343,558805.8,5320559.0
16344,558776.5,5320645.0
16345,558724.56,5320732.0
16346,558671.8,5320826.5
16347,558722.94,5320902.5
16348,558700.8,5320986.5
16349,558614.0,5321026.5
16350,558593.6,5321127.0
16351,558501.7,5321138.5
16352,558421.0,5321186.5
16353,558302.2,5321186.0
16354,558181.56,5321196.0
16355,559840.1,5318819.5
16356,559806.44,5318941.0
16357,559490.6,5319333.0
16358,559485.6,5319432.5
16359,559503.75,5319530.5
16360,559431.75,5319576.0
16361,559363.4,5319643.0
16362,559295.1,5319720.0
16363,559870.5,5318704.5
16364,559958.75,5318657.0
16365,559938.4,5318535.0
16366,559334.06,5319811.5
16367,559278.9,5319874.0
16368,559296.8,5319961.5
16369,559218.1,5320004.0
16370,559139.56,5320064.0
16371,559169.4,5320153.0
16372,559071.25,5320219.0
16373,558970.4,5320219.0
16374,559020.75,5320310.0
16375,558975.75,5320394.5
16376,558935.06,5320480.0
16377,558893.44,5320552.0
16378,558890.6,5320645.5
16379,558827.06,5320731.5
16380,558767.0,5320813.0
16381,558810.94,5320887.0
16382,558809.1,5320974.0
16383,558765.6,5321044.5
16384,558686.3,5321077.0
16385,558683.7,5321153.0
16386,558622.25,5321211.5
16387,558526.06,5321218.0
16388,558456.7,5321294.5
16389,558361.6,5321252.5
16390,558257.6,5321261.0
16391,559949.6,5318786.0
16392,559922.1,5318907.5
16393,559532.5,5319626.5
16394,559462.0,5319672.0
16395,559394.06,5319739.0
16396,560013.0,5318576.5
16397,560082.2,5318649.5
16398,560054.4,5318754.5
16399,559433.3,5319834.0
16400,559371.3,5319907.5
16401,559404.25,5320009.5
16402,559317.06,5320058.0
16403,559236.0,5320092.5
16404,559317.94,5320164.5
16405,559238.2,5320216.0
16406,559171.4,5320231.5
16407,559070.6,5320229.5
16408,559120.1,5320311.0
16409,559074.94,5320394.5
16410,559031.6,5320483.5
16411,558988.0,5320580.0
16412,558999.7,5320684.0
16413,558929.44,5320749.0
16414,558868.56,5320822.5
16415,558895.2,5320920.0
16416,558909.6,5321014.0
16417,558850.2,5321072.5
16418,558776.4,5321122.5
16419,558577.8,5321293.0
16420,558686.75,5321288.0
16421,558534.4,5321366.0
16422,558414.6,5321385.5
16423,558334.3,5321325.5
16424,560038.0,5318875.0
16425,559571.5,5319718.5
16426,559484.06,5319759.0
16427,560128.9,5318546.5
16428,560192.8,5318614.0
16429,560165.1,5318721.0
16430,560150.75,5318833.5
16431,559536.4,5319840.0
16432,559467.3,5319925.5
16433,559515.44,5320011.5
16434,559479.75,5320093.0
16435,559396.2,5320111.5
16436,559465.0,5320197.0
16437,559387.56,5320242.5
16438,559302.06,5320263.5
16439,559214.1,5320299.0
16440,559176.1,5320384.5
16441,559134.1,5320471.5
16442,559097.6,5320560.0
16443,559073.7,5320639.5
16444,559110.25,5320728.0
16445,559028.06,5320785.5
16446,558962.3,5320852.5
16447,558982.7,5320955.0
16448,558990.9,5321043.0
16449,558944.94,5321118.5
16450,558862.8,5321165.5
16451,558652.7,5321354.0
16452,558774.6,5321337.5
16453,558615.3,5321424.0
16454,558498.3,5321440.0
16455,559613.9,5319809.0
16456,560241.8,5318506.5
16457,560298.44,5318567.0
16458,560268.3,5318672.5
16459,560258.2,5318779.5
16460,559635.25,5319906.0
16461,559556.2,5319936.0
16462,559621.8,5320000.0
16463,559585.44,5320080.5
16464,559551.6,5320154.5
16465,559606.9,5320230.0
16466,559536.3,5320280.5
16467,559458.2,5320314.0
16468,559361.94,5320328.0
16469,559270.56,5320357.0
16470,559232.75,5320452.0
16471,559198.1,5320546.0
16472,559167.1,5320639.5
16473,559224.9,5320717.5
16474,559176.75,5320798.0
16475,559111.8,5320842.0
16476,559048.44,5320898.0
16477,559065.4,5321006.0
16478,559051.25,5321101.5
16479,559020.3,5321186.0
16480,558943.5,5321227.0
16481,558719.6,5321405.5
16482,558813.9,5321435.5
16483,558873.75,5321350.5
16484,558703.94,5321475.5
16485,558582.7,5321494.0
16486,560349.7,5318455.5
16487,560400.4,5318540.0
16488,560360.4,5318625.0
16489,560359.56,5318715.0
16490,559713.4,5319966.0
16491,559690.4,5320066.5
16492,559654.06,5320151.0
16493,559726.06,5320218.5
16494,559694.2,5320297.5
16495,559614.94,5320336.5
16496,559543.44,5320382.5
16497,559479.6,5320420.5
16498,559407.44,5320405.0
16499,559320.94,5320420.0
16500,559292.06,5320519.5
16501,559265.4,5320615.0
16502,559325.6,5320676.0
16503,559307.4,5320758.0
16504,559256.3,5320820.5
16505,559201.56,5320898.5
16506,559131.2,5320955.0
16507,559147.94,5321071.5
16508,559114.1,5321167.5
16509,559079.3,5321243.5
16510,559023.4,5321289.5
16511,558924.56,5321427.5
16512,558882.4,5321508.5
16513,558782.75,5321534.0
16514,558973.8,5321338.0
16515,558669.25,5321544.5
16516,560463.06,5318436.5
16517,560384.94,5318373.0
16518,560487.1,5318537.0
16519,560459.44,5318648.0
16520,559783.3,5320036.5
16521,559757.7,5320137.5
16522,559842.4,5320213.0
16523,559797.9,5320293.5
16524,559760.2,5320360.5
16525,559688.0,5320401.5
16526,559616.7,5320450.5
16527,559532.25,5320492.0
16528,559442.5,5320503.5
16529,559367.1,5320485.0
16530,559371.1,5320579.5
16531,559416.5,5320656.0
16532,559396.7,5320738.5
16533,559357.9,5320821.5
16534,559308.0,5320893.0
16535,559278.2,5320962.5
16536,559216.44,5321007.5
16537,559251.4,5321099.0
16538,559198.7,5321169.0
16539,559153.0,5321263.5
16540,559071.44,5321335.0
16541,559011.4,5321408.5
16542,559004.0,5321506.0
16543,558929.9,5321561.5
16544,558854.0,5321611.0
16545,558735.06,5321616.5
16546,560491.3,5318318.0
16547,560568.6,5318374.0
16548,560571.25,5318479.0
16549,560563.5,5318587.5
16550,559842.1,5320117.5
16551,559929.8,5320160.0
16552,559951.5,5320247.5
16553,559892.5,5320313.0
16554,559846.5,5320400.5
16555,559765.7,5320441.5
16556,559703.94,5320512.5
16557,559599.3,5320549.0
16558,559487.56,5320589.0
16559,559500.5,5320699.5
16560,559461.1,5320796.0
16561,559415.7,5320882.0
16562,559372.56,5320960.5
16563,559330.1,5321044.0
16564,559340.94,5321136.0
16565,559292.44,5321193.5
16566,559233.5,5321248.5
16567,559220.44,5321332.0
16568,559144.56,5321358.0
16569,559088.25,5321430.0
16570,559115.56,5321516.5
16571,559068.0,5321598.5
16572,558972.06,5321616.5
16573,558915.44,5321694.5
16574,558798.4,5321694.0
16575,560587.9,5318247.5
16576,560660.7,5318328.0
16577,560672.75,5318422.0
16578,560670.56,5318532.5
16579,560027.2,5320182.5
16580,560052.0,5320275.5
16581,559988.9,5320344.5
16582,559933.75,5320401.5
16583,559912.4,5320485.0
16584,559817.4,5320505.5
16585,559772.7,5320589.5
16586,559669.94,5320608.5
16587,559570.2,5320630.0
16588,559617.9,5320692.5
16589,559564.9,5320771.0
16590,559520.25,5320858.0
16591,559476.4,5320942.5
16592,559437.06,5321026.5
16593,559418.7,5321118.5
16594,559395.56,5321227.5
16595,559305.8,5321284.5
16596,559283.75,5321382.5
16597,559188.7,5321432.0
16598,559201.3,5321526.5
16599,559175.25,5321619.5
16600,559112.94,5321682.5
16601,559024.94,5321692.5
16602,558980.44,5321771.5
16603,558863.7,5321770.0
16604,560737.06,5318255.0
16605,560683.1,5318175.0
16606,560769.94,5318354.0
16607,560776.2,5318475.0
16608,560143.6,5320210.0
16609,560135.3,5320323.0
16610,560076.56,5320378.5
16611,560010.1,5320453.0
16612,559975.7,5320549.5
16613,559878.44,5320572.5
16614,559835.0,5320655.0
16615,559729.0,5320675.0
16616,559677.5,5320754.5
16617,559622.6,5320832.0
16618,559577.44,5320916.5
16619,559539.9,5321000.0
16620,559508.4,5321087.0
16621,559490.44,5321186.5
16622,559497.0,5321290.5
16623,559429.6,5321311.0
16624,559367.75,5321338.0
16625,559357.8,5321433.5
16626,559272.25,5321478.5
16627,559268.25,5321587.0
16628,559261.2,5321692.0
16629,559182.8,5321737.5
16630,559089.6,5321768.0
16631,559047.2,5321846.0
16632,558930.4,5321845.0
16633,560825.7,5318177.5
16634,560861.06,5318277.5
16635,560772.3,5318096.0
16636,560870.56,5318400.5
16637,560220.0,5320323.5
16638,560262.06,5320226.0
16639,560176.2,5320434.5
16640,560095.25,5320462.0
16641,560061.3,5320539.5
16642,560033.44,5320620.0
16643,559940.6,5320634.5
16644,559897.6,5320711.0
16645,559788.4,5320742.5
16646,559723.3,5320823.5
16647,559666.8,5320891.0
16648,559641.75,5320968.5
16649,559605.0,5321052.0
16650,559577.94,5321141.5
16651,559573.75,5321239.0
16652,559586.5,5321337.5
16653,559526.3,5321384.0
16654,559446.75,5321394.5
16655,559428.1,5321495.5
16656,559343.2,5321535.5
16657,559351.25,5321650.0
16658,559329.9,5321764.5
16659,559251.1,5321807.5
16660,559158.5,5321837.0
16661,559115.6,5321917.5
16662,558997.06,5321919.5
16663,560908.6,5318093.5
16664,560946.5,5318197.0
16665,560963.2,5318324.0
16666,560850.2,5318005.0
16667,560329.9,5320337.5
16668,560265.6,5320430.0
16669,560381.44,5320226.0
16670,560249.0,5320555.0
16671,560132.75,5320529.5
16672,560133.6,5320606.5
16673,560092.6,5320674.0
16674,559996.1,5320709.0
16675,559945.56,5320786.0
16676,559863.6,5320781.0
16677,559803.6,5320837.5
16678,559741.1,5320920.5
16679,559703.94,5321015.5
16680,559669.7,5321101.5
16681,559650.2,5321191.5
16682,559650.9,5321291.5
16683,559662.06,5321395.5
16684,559591.94,5321439.5
16685,559510.75,5321474.5
16686,559502.94,5321577.0
16687,559415.56,5321585.5
16688,559461.6,5321672.0
16689,559403.06,5321735.0
16690,559399.25,5321836.0
16691,559321.0,5321879.0
16692,559229.4,5321909.0
16693,559184.7,5321987.0
16694,559065.7,5321992.5
16695,560951.6,5318000.5
16696,561016.3,5318043.5
16697,561030.06,5318122.5
16698,561049.56,5318240.0
16699,560438.5,5320307.0
16700,560420.7,5320393.5
16701,560357.25,5320475.0
16702,560499.6,5320208.0
16703,560363.4,5320588.0
16704,560058.56,5320745.0
16705,560023.4,5320815.5
16706,559974.0,5320874.0
16707,559889.8,5320851.0
16708,559831.5,5320915.5
16709,559790.7,5320993.5
16710,559761.7,5321076.0
16711,559733.3,5321156.5
16712,559715.06,5321248.0
16713,559725.25,5321344.5
16714,559743.9,5321445.0
16715,559670.4,5321497.0
16716,559587.8,5321532.0
16717,559590.9,5321611.5
16718,559555.4,5321677.0
16719,559530.8,5321749.5
16720,559470.3,5321787.5
16721,559472.7,5321895.5
16722,559394.56,5321945.5
16723,559304.6,5321991.0
16724,559237.56,5322056.0
16725,559137.1,5322062.5
16726,561067.1,5317961.0
16727,561013.8,5317898.5
16728,561105.2,5318036.5
16729,561131.75,5318152.5
16730,560526.3,5320395.0
16731,560470.94,5320462.5
16732,560464.6,5320539.0
16733,560632.0,5320335.5
16734,560611.94,5320168.0
16735,560475.3,5320628.5
16736,559913.0,5320923.5
16737,559869.56,5320987.5
16738,559844.56,5321062.0
16739,559827.9,5321139.5
16740,559780.6,5321220.5
16741,559794.06,5321293.0
16742,559808.6,5321385.5
16743,559833.06,5321487.0
16744,559757.56,5321541.0
16745,559677.1,5321597.5
16746,559641.0,5321686.5
16747,559611.94,5321783.0
16748,559545.6,5321846.5
16749,559552.1,5321950.5
16750,559474.4,5322003.5
16751,559396.3,5322056.5
16752,559317.2,5322104.5
16753,559209.3,5322132.0
16754,561114.06,5317866.5
16755,561163.8,5317937.0
16756,561072.56,5317794.0
16757,561197.8,5318052.0
16758,560568.8,5320493.5
16759,560638.44,5320439.0
16760,560577.5,5320575.0
16761,560739.25,5320279.5
16762,560721.8,5320120.5
16763,560591.2,5320656.0
16764,559875.9,5321228.5
16765,559880.6,5321319.5
16766,559894.0,5321420.0
16767,559926.3,5321530.5
16768,559844.75,5321589.0
16769,559769.06,5321626.5
16770,559729.75,5321692.0
16771,559688.4,5321759.5
16772,559699.75,5321845.0
16773,559627.2,5321895.0
16774,559640.06,5321998.0
16775,559559.06,5322055.0
16776,559481.6,5322113.5
16777,559405.94,5322176.0
16778,559288.4,5322193.5
16779,561185.9,5317830.5
16780,561247.1,5317942.5
16781,561200.25,5317752.5
16782,561114.4,5317682.0
16783,560687.06,5320535.5
16784,560753.9,5320473.0
16785,560695.25,5320599.0
16786,560843.94,5320218.5
16787,560828.9,5320067.5
16788,560707.56,5320681.0
16789,559968.06,5321252.5
16790,559965.1,5321352.5
16791,559971.75,5321448.5
16792,560037.2,5321515.0
16793,559993.5,5321598.0
16794,559917.3,5321644.5
16795,559830.4,5321700.5
16796,559768.8,5321781.0
16797,559787.06,5321881.5
16798,559717.3,5321942.5
16799,559730.44,5322044.0
16800,559649.44,5322100.0
16801,559570.6,5322160.0
16802,559506.25,5322226.0
16803,559457.1,5322300.5
16804,559369.8,5322251.5
16805,561290.06,5317830.0
16806,561233.4,5317635.0
16807,561322.94,5317714.5
16808,561143.0,5317565.5
16809,560804.25,5320562.5
16810,560872.25,5320495.5
16811,560812.3,5320622.5
16812,560949.94,5320159.5
16813,560927.2,5320000.0
16814,560824.6,5320702.5
16815,560050.8,5321299.0
16816,560041.0,5321403.5
16817,560105.0,5321453.5
16818,560142.1,5321531.5
16819,560080.9,5321605.5
16820,560007.6,5321694.0
16821,559916.6,5321746.0
16822,559850.0,5321812.0
16823,559868.75,5321921.5
16824,559803.44,5321986.0
16825,559815.06,5322093.0
16826,559739.94,5322144.0
16827,559658.8,5322200.0
16828,559597.56,5322268.5
16829,559547.0,5322344.5
16830,561253.4,5317514.0
16831,561349.7,5317597.0
16832,561156.9,5317447.0
16833,560921.9,5320585.0
16834,560990.7,5320518.0
16835,560929.8,5320644.0
16836,561046.3,5320087.0
16837,561012.44,5319916.5
16838,560941.8,5320723.5
16839,560123.8,5321361.0
16840,560183.8,5321435.0
16841,560236.6,5321515.0
16842,560187.1,5321627.0
16843,560097.5,5321685.5
16844,560071.6,5321788.0
16845,559988.8,5321792.0
16846,559930.2,5321855.5
16847,559954.25,5321960.0
16848,559883.8,5322028.0
16849,559896.25,5322132.0
16850,559827.75,5322207.0
16851,559740.8,5322232.5
16852,559688.8,5322302.0
16853,559641.4,5322377.5
16854,561240.3,5317383.0
16855,561365.56,5317478.0
16856,561143.4,5317328.0
16857,561038.94,5320606.0
16858,561109.06,5320541.0
16859,561047.44,5320664.0
16860,561119.56,5319990.5
16861,561084.94,5319821.5
16862,561059.2,5320743.5
16863,560297.2,5321617.0
16864,560208.8,5321767.0
16865,560147.4,5321728.0
16866,560148.25,5321813.5
16867,560112.8,5321898.0
16868,560020.1,5321885.5
16869,560050.5,5321991.5
16870,559967.06,5322059.0
16871,559984.75,5322151.5
16872,559924.94,5322228.0
16873,559879.25,5322305.0
16874,559783.9,5322310.5
16875,559731.0,5322403.5
16876,561271.4,5317309.0
16877,561367.3,5317357.5
16878,561250.9,5317224.5
16879,561117.06,5317211.5
16880,561159.4,5320623.0
16881,561228.8,5320554.5
16882,561153.8,5320683.5
16883,561182.75,5319887.0
16884,561237.0,5319779.0
16885,561141.75,5319716.0
16886,561176.8,5320761.5
16887,560324.0,5321785.0
16888,560401.3,5321731.0
16889,560211.3,5321867.0
16890,560289.25,5321826.0
16891,560200.8,5321946.5
16892,560142.4,5321989.5
16893,560128.56,5322071.0
16894,560046.75,5322089.5
16895,560087.6,5322172.0
16896,560007.0,5322225.5
16897,559995.7,5322316.0
16898,559925.06,5322380.0
16899,559828.44,5322398.0
16900,561371.0,5317234.0
16901,561218.44,5317114.0
16902,561293.5,5317113.0
16903,561086.5,5317095.5
16904,561248.5,5320672.0
16905,561308.44,5320620.5
16906,561348.94,5320553.0
16907,561276.25,5319664.5
16908,561187.75,5319606.0
16909,561295.6,5320767.0
16910,560431.9,5321835.5
16911,560513.2,5321774.5
16912,560290.0,5321936.5
16913,560377.25,5321874.0
16914,560229.7,5322038.0
16915,560182.8,5322141.5
16916,561421.2,5317075.0
16917,561187.9,5317003.0
16918,561317.25,5316996.0
16919,561058.5,5316979.0
16920,561332.9,5320690.0
16921,561403.75,5320636.0
16922,561463.94,5320521.0
16923,561288.0,5319544.0
16924,561222.8,5319491.5
16925,561412.06,5320744.0
16926,560546.25,5321869.5
16927,560625.2,5321805.5
16928,560379.25,5321958.5
16929,560330.44,5322033.0
16930,560462.56,5321926.0
16931,560281.56,5322125.5
16932,561431.7,5316947.0
16933,561154.25,5316892.5
16934,561319.0,5316877.0
16935,561034.75,5316861.5
16936,561520.25,5320695.0
16937,561620.94,5320631.5
16938,561565.6,5320457.5
16939,561307.1,5319425.0
16940,561253.6,5319376.0
16941,560663.56,5321892.0
16942,560729.4,5321826.0
16943,560435.2,5322019.5
16944,560380.1,5322110.5
16945,560543.75,5321985.0
16946,561420.9,5316771.5
16947,561128.4,5316780.5
16948,561294.44,5316760.5
16949,561028.3,5316742.5
16950,561715.06,5320559.0
16951,561656.44,5320378.5
16952,561373.25,5319326.0
16953,561312.3,5319272.5
16954,560782.06,5321907.0
16955,560847.6,5321835.0
16956,560478.4,5322091.0
16957,560568.75,5322069.0
16958,561387.06,5316656.0
16959,561135.4,5316668.0
16960,561244.56,5316652.5
16961,561040.3,5316623.5
16962,561804.3,5320480.0
16963,561747.06,5320299.0
16964,561422.2,5319229.0
16965,561486.5,5319310.0
16966,560901.3,5321909.5
16967,560950.2,5321830.5
16968,561346.6,5316543.0
16969,561171.0,5316558.5
16970,561246.0,5316521.0
16971,561062.56,5316505.5
16972,561892.94,5320400.5
16973,561844.3,5320228.5
16974,561541.6,5319222.0
16975,561607.56,5319313.5
16976,561019.2,5321892.5
16977,561059.25,5321799.5
16978,561301.5,5316431.5
16979,561169.6,5316455.0
16980,561078.2,5316387.0
16981,561989.06,5320330.5
16982,561950.6,5320171.5
16983,561648.8,5319221.0
16984,561738.2,5319264.5
16985,561131.9,5321853.5
16986,561167.25,5321750.0
16987,561177.9,5316351.5
16988,561258.25,5316319.5
16989,561078.3,5316267.5
16990,562091.2,5320269.5
16991,562061.25,5320124.0
16992,561746.4,5319172.5
16993,561821.9,5319218.5
16994,561237.5,5321798.0
16995,561245.7,5321701.5
16996,561215.0,5316207.0
16997,561072.44,5316147.5
16998,562200.44,5320222.5
16999,562172.9,5320078.5
17000,561825.7,5319100.0
17001,561916.75,5319143.0
17002,561335.6,5321730.0
17003,561342.1,5321622.0
17004,561181.75,5316092.0
17005,561064.25,5316028.0
17006,562311.56,5320180.0
17007,562283.7,5320031.0
17008,561933.6,5319052.5
17009,562024.6,5319089.0
17010,561440.0,5321641.0
17011,561435.44,5321517.0
17012,561178.44,5315972.5
17013,561056.0,5315908.5
17014,562423.0,5320138.0
17015,562399.4,5319997.5
17016,562059.8,5319007.0
17017,562140.94,5319060.5
17018,561545.8,5321508.5
17019,561495.06,5321415.0
17020,561212.4,5315858.5
17021,561079.1,5315791.5
17022,562530.9,5320088.0
17023,562512.5,5319956.0
17024,562209.7,5319001.5
17025,562253.1,5319096.0
17026,561606.4,5321392.0
17027,561530.3,5321302.0
17028,561130.2,5315684.0
17029,561281.9,5315761.0
17030,562635.8,5320032.0
17031,562618.2,5319899.0
17032,562317.6,5319058.0
17033,562359.9,5319151.5
17034,561642.2,5321260.0
17035,561546.44,5321184.0
17036,561206.5,5315592.5
17037,561373.44,5315683.0
17038,562733.0,5319964.5
17039,562702.0,5319813.5
17040,562409.8,5319086.0
17041,562478.94,5319162.5
17042,561659.94,5321121.0
17043,561557.94,5321065.5
17044,561297.9,5315515.0
17045,561471.94,5315614.0
17046,562813.0,5319876.5
17047,562772.25,5319715.5
17048,562527.3,5319068.5
17049,562593.06,5319124.0
17050,561669.06,5321001.5
17051,561569.8,5320947.0
17052,561394.44,5315444.0
17053,561573.25,5315549.0
17054,562881.06,5319779.0
17055,562938.56,5319675.0
17056,562835.6,5319613.0
17057,562634.5,5319016.0
17058,562712.0,5319040.0
17059,561683.6,5320883.0
17060,561602.06,5320833.5
17061,561489.1,5315371.0
17062,561670.5,5315478.5
17063,562983.06,5319564.5
17064,562894.06,5319508.0
17065,562732.0,5318930.0
17066,562800.7,5318960.0
17067,561681.5,5320747.5
17068,561769.9,5320818.5
17069,561588.94,5315304.5
17070,561763.44,5315402.0
17071,563032.9,5319456.5
17072,562946.0,5319399.0
17073,562806.0,5318855.0
17074,562887.2,5318865.0
17075,561798.9,5320745.0
17076,561876.6,5320781.5
17077,561878.25,5320867.5
17078,561689.44,5315239.5
17079,561837.2,5315307.0
17080,563080.94,5319347.5
17081,562993.2,5319288.0
17082,562866.0,5318758.0
17083,562958.2,5318716.5
17084,561996.5,5320857.0
17085,561974.4,5320938.0
17086,561781.94,5315164.5
17087,561900.75,5315205.0
17088,563129.44,5319239.0
17089,563035.8,5319175.5
17090,562899.0,5318650.0
17091,562962.6,5318583.5
17092,562082.56,5320977.0
17093,562116.4,5320874.5
17094,561855.44,5315070.5
17095,561963.5,5315102.5
17096,563169.2,5319126.5
17097,563071.2,5319060.0
17098,562894.06,5318530.5
17099,562949.1,5318430.5
17100,562187.94,5320925.5
17101,562200.0,5320823.0
17102,561907.56,5314963.0
17103,562020.5,5314996.5
17104,563204.4,5319013.0
17105,563107.1,5318945.0
17106,562873.2,5318413.0
17107,562911.4,5318316.0
17108,562277.75,5320847.0
17109,562276.6,5320749.0
17110,562005.8,5314903.0
17111,561929.0,5314845.5
17112,562104.7,5314930.5
17113,563241.9,5318900.0
17114,563156.7,5318835.0
17115,562840.4,5318298.0
17116,562867.44,5318203.0
17117,562356.44,5320757.0
17118,562356.9,5320662.5
17119,562034.2,5314820.0
17120,561881.4,5314738.5
17121,562136.9,5314808.5
17122,562225.56,5314936.5
17123,563287.44,5318790.0
17124,563218.56,5318732.0
17125,562800.56,5318185.5
17126,562886.6,5318097.5
17127,562439.1,5320671.5
17128,562454.8,5320584.5
17129,562018.0,5314703.0
17130,561912.0,5314612.0
17131,561789.9,5314661.5
17132,562278.1,5314864.0
17133,562346.5,5314940.5
17134,563339.1,5318683.0
17135,563270.3,5318623.0
17136,562827.1,5318075.5
17137,562924.4,5318009.0
17138,562994.75,5318050.5
17139,562538.06,5320605.0
17140,562588.6,5320525.0
17141,561795.0,5314512.0
17142,561692.94,5314591.0
17143,562412.7,5314883.0
17144,562464.06,5314969.0
17145,563379.5,5318571.0
17146,563295.5,5318506.0
17147,563023.3,5317942.0
17148,563110.1,5318077.5
17149,562651.6,5320569.0
17150,562706.0,5320506.5
17151,561689.0,5314453.0
17152,561586.5,5314537.0
17153,562548.2,5314935.0
17154,562578.06,5315009.5
17155,563406.7,5318455.5
17156,563284.44,5318386.5
17157,563174.06,5317945.0
17158,563059.44,5317826.5
17159,563233.56,5318044.0
17160,563190.44,5318167.0
17161,562769.1,5320548.0
17162,562820.9,5320478.0
17163,561566.7,5314376.5
17164,561473.0,5314499.0
17165,562678.5,5314977.0
17166,562690.0,5315055.5
17167,563411.1,5318335.5
17168,563485.94,5318428.0
17169,563498.7,5318529.5
17170,563336.7,5318251.0
17171,563249.5,5318271.5
17172,563153.1,5317831.0
17173,563073.4,5317706.5
17174,563290.3,5318145.0
17175,562881.94,5320510.5
17176,562904.2,5320427.5
17177,561449.9,5314349.0
17178,561355.6,5314475.0
17179,562793.4,5315037.0
17180,562790.5,5315123.0
17181,563566.9,5318516.0
17182,563533.0,5318653.0
17183,563159.6,5317716.5
17184,563095.44,5317587.5
17185,562978.1,5320442.0
17186,562972.9,5320324.5
17187,561331.25,5314329.5
17188,561237.6,5314454.5
17189,562892.8,5315124.5
17190,562876.94,5315207.5
17191,563609.8,5318625.5
17192,563580.8,5318728.0
17193,563501.0,5318749.0
17194,563217.8,5317619.0
17195,563178.7,5317501.5
17196,563096.7,5317466.5
17197,563043.6,5320343.0
17198,563028.1,5320227.0
17199,562955.56,5320201.0
17200,561213.1,5314307.0
17201,561124.25,5314417.5
17202,562969.5,5315220.0
17203,562954.3,5315300.5
17204,563521.7,5318831.0
17205,563440.5,5318834.0
17206,563281.3,5317493.5
17207,563316.44,5317553.5
17208,563152.56,5317383.5
17209,563086.9,5317346.0
17210,562964.8,5320112.5
17211,562895.1,5320098.5
17212,561100.7,5314266.0
17213,561005.7,5314347.5
17214,563056.06,5315326.5
17215,563030.8,5315394.5
17216,563488.0,5318940.0
17217,563401.44,5318943.0
17218,563379.44,5317454.0
17219,563341.7,5317393.0
17220,563148.94,5317263.0
17221,563089.6,5317201.5
17222,562930.4,5320021.5
17223,562865.6,5319984.0
17224,561015.2,5314218.0
17225,560886.0,5314278.0
17226,563134.5,5315405.5
17227,563110.4,5315485.5
17228,563573.4,5319000.5
17229,563590.0,5318937.0
17230,563465.44,5319029.0
17231,563406.1,5317338.0
17232,563374.94,5317279.0
17233,563166.3,5317143.5
17234,563114.9,5317064.5
17235,562911.3,5319918.5
17236,562990.3,5319940.0
17237,560901.4,5314132.5
17238,560775.7,5314177.0
17239,563209.7,5315512.5
17240,563185.2,5315580.5
17241,563697.0,5318978.0
17242,563711.0,5318905.0
17243,563469.5,5317229.0
17244,563483.44,5317340.5
17245,563196.2,5317026.5
17246,563155.0,5316938.0
17247,563030.2,5319875.0
17248,563106.9,5319939.0
17249,560817.44,5314047.0
17250,560674.0,5314037.0
17251,563272.1,5315616.0
17252,563245.1,5315685.5
17253,563781.94,5318961.0
17254,563712.9,5319079.5
17255,563548.5,5317307.0
17256,563568.4,5317425.5
17257,563513.44,5317455.0
17258,563230.25,5316910.5
17259,563184.5,5316830.5
17260,563162.3,5319885.0
17261,563225.0,5319947.5
17262,560750.9,5313947.5
17263,560618.5,5313931.0
17264,563316.94,5315728.0
17265,563283.8,5315800.5
17266,563783.7,5319068.5
17267,563722.94,5319171.0
17268,563641.0,5319183.0
17269,563570.5,5317545.0
17270,563647.6,5317458.0
17271,563268.8,5316796.0
17272,563222.4,5316712.5
17273,563259.1,5319868.5
17274,563350.8,5319876.0
17275,560708.1,5313835.5
17276,560584.56,5313817.0
17277,563351.56,5315844.0
17278,563307.2,5315919.0
17279,563654.5,5319269.0
17280,563573.8,5319274.5
17281,563688.6,5317530.0
17282,563785.9,5317463.5
17283,563745.6,5317388.5
17284,563308.6,5316682.0
17285,563249.8,5316605.0
17286,563339.5,5319771.0
17287,563413.7,5319742.0
17288,560693.06,5313717.0
17289,560575.75,5313698.0
17290,563372.06,5315963.0
17291,563316.56,5316039.5
17292,563584.0,5319365.0
17293,563501.2,5319392.0
17294,563882.8,5317394.0
17295,563847.06,5317324.0
17296,563333.8,5316564.0
17297,563268.8,5316502.0
17298,563381.1,5319659.5
17299,563453.2,5319630.0
17300,560693.4,5313596.5
17301,560569.2,5313578.0
17302,563377.56,5316083.5
17303,563312.4,5316160.5
17304,563522.1,5319467.0
17305,563441.4,5319512.5
17306,563986.4,5317334.5
17307,563954.9,5317270.5
17308,563348.6,5316444.0
17309,563281.4,5316400.5
17310,560685.94,5313477.0
17311,560560.0,5313458.5
17312,563372.56,5316204.0
17313,563298.94,5316281.0
17314,564091.6,5317278.0
17315,564060.9,5317213.5
17316,563362.6,5316324.5
17317,560671.3,5313357.5
17318,560545.2,5313340.0
17319,564187.8,5317208.5
17320,564157.7,5317142.5
17321,560652.25,5313239.0
17322,560528.6,5313221.0
17323,564260.44,5317114.5
17324,564222.56,5317042.5
17325,560632.0,5313120.5
17326,560510.1,5313103.0
17327,564305.94,5317004.5
17328,564250.2,5316926.0
17329,560613.44,5313001.5
17330,560484.1,5312986.0
17331,564319.9,5316886.5
17332,564257.06,5316806.0
17333,560598.9,5312882.0
17334,560470.06,5312867.0
17335,564322.0,5316767.0
17336,564265.25,5316686.0
17337,560596.94,5312762.0
17338,560481.75,5312748.0
17339,564332.44,5316648.0
17340,564286.9,5316567.5
17341,560508.8,5312631.5
17342,560615.25,5312643.5
17343,564352.1,5316530.0
17344,564310.56,5316449.5
17345,560549.3,5312519.0
17346,560655.75,5312531.0
17347,564372.2,5316412.0
17348,564325.94,5316331.0
17349,560601.6,5312411.0
17350,560711.06,5312424.5
17351,564385.5,5316293.5
17352,564280.44,5316226.5
17353,560656.44,5312304.5
17354,560757.25,5312314.0
17355,564354.06,5316184.5
17356,564255.8,5316121.5
17357,564182.9,5316157.0
17358,560681.6,5312189.0
17359,560783.2,5312196.5
17360,564199.7,5316023.5
17361,564123.06,5316057.0
17362,560790.5,5312077.0
17363,560670.25,5312070.5
17364,564133.1,5315939.0
17365,564222.9,5315908.0
17366,560777.1,5311957.5
17367,560643.56,5311953.5
17368,564170.2,5315824.5
17369,564247.5,5315791.0
17370,560738.3,5311844.0
17371,560614.25,5311837.5
17372,564188.5,5315705.5
17373,564253.94,5315672.0
17374,560699.06,5311730.5
17375,560579.7,5311723.0
17376,564192.6,5315585.0
17377,564250.2,5315552.5
17378,560655.25,5311618.5
17379,560534.6,5311612.0
17380,564179.6,5315466.0
17381,564227.06,5315435.5
17382,560603.1,5311510.0
17383,560484.2,5311503.0
17384,564122.5,5315360.5
17385,564183.25,5315325.0
17386,560549.56,5311402.5
17387,560432.25,5311395.0
17388,564109.0,5315233.0
17389,564039.06,5315274.5
17390,560489.25,5311298.5
17391,560382.25,5311286.5
17392,564008.4,5315170.0
17393,563934.75,5315215.5
17394,560437.75,5311190.0
17395,560345.0,5311173.0
17396,563902.44,5315114.5
17397,563828.8,5315159.5
17398,560400.9,5311077.0
17399,560319.1,5311056.0
17400,563820.3,5315032.0
17401,563748.4,5315072.5
17402,560394.4,5310957.0
17403,560320.75,5310936.5
17404,563708.06,5314960.0
17405,563787.0,5314918.5
17406,560351.56,5310821.5
17407,560483.7,5310892.5
17408,563710.8,5314840.5
17409,563796.2,5314800.0
17410,560456.4,5310769.0
17411,560575.94,5310765.0
17412,560603.44,5310885.0
17413,563739.25,5314723.5
17414,563834.5,5314687.5
17415,560695.75,5310767.0
17416,560723.56,5310884.0
17417,563783.8,5314612.0
17418,563878.4,5314576.5
17419,560815.25,5310775.0
17420,560841.75,5310904.5
17421,563815.4,5314496.5
17422,563895.0,5314458.5
17423,560934.7,5310784.5
17424,560958.2,5310933.5
17425,563820.75,5314376.5
17426,563891.75,5314339.0
17427,561054.3,5310790.0
17428,561076.9,5310943.0
17429,563814.06,5314256.0
17430,563893.06,5314220.0
17431,561173.4,5310781.0
17432,561194.6,5310920.0
17433,563830.56,5314137.5
17434,563941.75,5314115.0
17435,561306.8,5310878.5
17436,561285.56,5310742.0
17437,563890.75,5314036.5
17438,563996.5,5313983.5
17439,564043.56,5314058.5
17440,561408.0,5310814.5
17441,561380.0,5310670.0
17442,564113.3,5313956.0
17443,564156.9,5314021.5
17444,561496.6,5310733.5
17445,561457.4,5310579.0
17446,564251.7,5313951.5
17447,564209.75,5313889.0
17448,561569.94,5310639.0
17449,561523.9,5310479.0
17450,564305.25,5313847.0
17451,564252.0,5313778.0
17452,561638.1,5310540.0
17453,561590.7,5310380.0
17454,564331.25,5313730.5
17455,564278.0,5313660.5
17456,561706.7,5310441.0
17457,561661.44,5310283.0
17458,564368.06,5313618.0
17459,564329.8,5313553.0
17460,561776.7,5310343.5
17461,561735.44,5310189.0
17462,564428.25,5313514.5
17463,564397.4,5313453.0
17464,561853.44,5310251.0
17465,561853.7,5310165.5
17466,561807.9,5310093.5
17467,564495.2,5313416.0
17468,564467.4,5313355.0
17469,561942.9,5310199.5
17470,561961.3,5310303.0
17471,561921.4,5310095.5
17472,561869.06,5309990.5
17473,564562.2,5313317.0
17474,564539.7,5313259.0
17475,562014.7,5310152.0
17476,562050.8,5310260.0
17477,562061.1,5310370.0
17478,562020.75,5310032.5
17479,561921.94,5309883.5
17480,564630.9,5313219.0
17481,564609.5,5313161.0
17482,562147.06,5310329.0
17483,562169.2,5310423.0
17484,562055.9,5309918.0
17485,561962.8,5309771.0
17486,564696.56,5313119.5
17487,564674.6,5313059.5
17488,562255.75,5310377.0
17489,562261.5,5310497.0
17490,562091.3,5309803.0
17491,562114.6,5309685.5
17492,561992.5,5309655.0
17493,564758.25,5313017.0
17494,564729.94,5312953.0
17495,562334.8,5310466.0
17496,562344.0,5310582.5
17497,562125.2,5309566.0
17498,562009.2,5309536.5
17499,564807.0,5312908.5
17500,564767.0,5312838.5
17501,562426.0,5310536.5
17502,562457.7,5310615.5
17503,562121.6,5309446.0
17504,562000.4,5309418.0
17505,564835.7,5312792.5
17506,564793.0,5312721.0
17507,562542.3,5310560.0
17508,562571.3,5310650.0
17509,562099.75,5309328.0
17510,561971.8,5309302.0
17511,564859.56,5312675.5
17512,564818.1,5312603.0
17513,562647.9,5310612.5
17514,562652.7,5310734.5
17515,562070.8,5309211.5
17516,561943.06,5309185.5
17517,564884.9,5312558.5
17518,564831.1,5312484.0
17519,562718.4,5310706.5
17520,562744.0,5310822.0
17521,562678.3,5310851.0
17522,562048.94,5309093.0
17523,561923.75,5309067.5
17524,564892.06,5312440.0
17525,564808.3,5312367.0
17526,562761.9,5310939.5
17527,562698.25,5310969.5
17528,562045.7,5308973.0
17529,561926.7,5308948.5
17530,564858.06,5312326.0
17531,564758.25,5312257.5
17532,562782.1,5311057.0
17533,562713.3,5311089.0
17534,561956.2,5308832.5
17535,562076.75,5308857.5
17536,564805.4,5312219.0
17537,564702.0,5312151.0
17538,562782.9,5311179.0
17539,562865.3,5311125.5
17540,562004.06,5308723.0
17541,562136.3,5308753.5
17542,564748.4,5312114.0
17543,564643.0,5312046.0
17544,562900.4,5311205.0
17545,562979.25,5311152.5
17546,562070.5,5308624.0
17547,562206.5,5308656.0
17548,564688.4,5312010.5
17549,564580.9,5311943.0
17550,563005.2,5311259.5
17551,563065.56,5311232.5
17552,562150.25,5308534.5
17553,562287.44,5308567.5
17554,564625.5,5311909.0
17555,564553.9,5311813.5
17556,564507.4,5311848.0
17557,563100.56,5311331.0
17558,563166.4,5311290.0
17559,562242.75,5308458.5
17560,562393.3,5308511.5
17561,564461.5,5311738.5
17562,564412.9,5311774.5
17563,563216.06,5311357.0
17564,563283.3,5311282.5
17565,562343.9,5308394.5
17566,562455.5,5308351.5
17567,562510.25,5308484.0
17568,564357.1,5311681.0
17569,564305.3,5311721.0
17570,563334.6,5311340.0
17571,563401.56,5311268.5
17572,562572.56,5308326.5
17573,562627.94,5308460.0
17574,564248.0,5311632.5
17575,564191.75,5311681.0
17576,563454.6,5311344.5
17577,563519.2,5311289.0
17578,562691.2,5308310.0
17579,562744.56,5308432.5
17580,564133.06,5311600.5
17581,564074.94,5311653.0
17582,563572.5,5311368.5
17583,563633.75,5311322.5
17584,562810.56,5308299.5
17585,562864.3,5308422.0
17586,564014.7,5311585.0
17587,563955.3,5311640.5
17588,563683.9,5311413.0
17589,563742.75,5311370.5
17590,562929.75,5308287.5
17591,562983.7,5308410.5
17592,563905.3,5311543.5
17593,563851.1,5311584.5
17594,563772.9,5311493.0
17595,563828.44,5311452.5
17596,563046.9,5308262.5
17597,563100.5,5308383.0
17598,563157.0,5308216.0
17599,563211.56,5308338.5
17600,563311.94,5308273.0
17601,563253.1,5308144.5
17602,563405.0,5308197.0
17603,563337.5,5308059.5
17604,563501.06,5308125.5
17605,563430.1,5307984.0
17606,563539.44,5307935.0
17607,563608.06,5308071.5
17608,563653.9,5307900.0
17609,563722.44,5308036.0
17610,563772.1,5307881.0
17611,563841.1,5308018.0
17612,563891.8,5307879.5
17613,563960.94,5308016.5
17614,564010.56,5307894.5
17615,564079.7,5308033.5
17616,564126.3,5307925.5
17617,564196.3,5308062.5
17618,564243.9,5307948.5
17619,564313.75,5308086.0
17620,564362.3,5307965.5
17621,564433.4,5308089.5
17622,564482.06,5307964.0
17623,564552.6,5308075.5
17624,564601.3,5307952.5
17625,564670.0,5308050.0
17626,564717.1,5307922.5
17627,564784.06,5308013.0
17628,564819.9,5307861.0
17629,564888.56,5307956.0
17630,564974.94,5307873.5
17631,564904.75,5307776.5
17632,565062.94,5307795.0
17633,565001.2,5307705.5
17634,565113.94,5307668.0
17635,565174.25,5307755.0
17636,565232.6,5307657.5
17637,565293.8,5307748.0
17638,565352.1,5307649.0
17639,565413.44,5307743.5
17640,565465.9,5307612.0
17641,565528.8,5307714.0
17642,565627.6,5307650.0
17643,565551.44,5307530.0
17644,565699.94,5307555.0
17645,565614.5,5307428.5
17646,565755.06,5307448.0
17647,565672.3,5307323.5
17648,565805.44,5307339.0
17649,565718.2,5307213.0
17650,565862.4,5307233.5
17651,565772.44,5307106.0
17652,565934.4,5307138.0
17653,565857.06,5307024.0
17654,566025.06,5307059.5
17655,565961.5,5306966.5
