node,habitat_ty
1,exit
2,exit
3,exit
4,exit
5,exit
6,exit
7,exit
8,exit
9,exit
10,exit
11,exit
12,exit
13,exit
14,exit
15,exit
16,open water
17,exit
18,exit
19,exit
20,exit
21,open water
22,open water
23,open water
24,exit
25,exit
26,exit
27,exit
28,exit
29,open water
30,open water
31,open water
32,open water
33,open water
34,open water
35,open water
36,open water
37,open water
38,open water
39,open water
40,exit
41,exit
42,open water
43,open water
44,open water
45,open water
46,open water
47,open water
48,open water
49,open water
50,open water
51,open water
52,open water
53,open water
54,open water
55,open water
56,open water
57,open water
58,open water
59,open water
60,open water
61,open water
62,open water
63,open water
64,open water
65,open water
66,open water
67,open water
68,open water
69,open water
70,open water
71,open water
72,open water
73,open water
74,open water
75,open water
76,open water
77,open water
78,open water
79,open water
80,open water
81,open water
82,open water
83,open water
84,open water
85,open water
86,open water
87,open water
88,open water
89,open water
90,open water
91,open water
92,open water
93,open water
94,open water
95,open water
96,open water
97,open water
98,open water
99,open water
100,open water
101,open water
102,open water
103,open water
104,open water
105,open water
106,open water
107,open water
108,open water
109,open water
110,open water
111,open water
112,open water
113,open water
114,open water
115,open water
116,open water
117,open water
118,open water
119,open water
120,open water
121,open water
122,open water
123,open water
124,open water
125,open water
126,open water
127,open water
128,open water
129,open water
130,open water
131,open water
132,open water
133,open water
134,open water
135,open water
136,open water
137,open water
138,open water
139,open water
140,open water
141,open water
142,open water
143,open water
144,open water
145,open water
146,open water
147,open water
148,open water
149,open water
150,open water
151,open water
152,open water
153,open water
154,open water
155,open water
156,open water
157,open water
158,open water
159,open water
160,open water
161,open water
162,open water
163,open water
164,open water
165,open water
166,open water
167,open water
168,open water
169,open water
170,open water
171,open water
172,open water
173,open water
174,open water
175,open water
176,open water
177,open water
178,open water
179,open water
180,open water
181,open water
182,open water
183,open water
184,open water
185,open water
186,open water
187,open water
188,open water
189,open water
190,open water
191,open water
192,open water
193,open water
194,open water
195,open water
196,open water
197,open water
198,open water
199,open water
200,open water
201,open water
202,open water
203,open water
204,open water
205,open water
206,open water
207,open water
208,open water
209,open water
210,open water
211,open water
212,open water
213,open water
214,open water
215,open water
216,open water
217,open water
218,open water
219,open water
220,open water
221,open water
222,open water
223,open water
224,open water
225,open water
226,open water
227,open water
228,open water
229,open water
230,open water
231,open water
232,open water
233,open water
234,open water
235,open water
236,open water
237,open water
238,open water
239,open water
240,open water
241,open water
242,open water
243,open water
244,open water
245,open water
246,open water
247,open water
248,open water
249,open water
250,open water
251,open water
252,open water
253,open water
254,open water
255,open water
256,open water
257,open water
258,open water
259,open water
260,open water
261,open water
262,rock
263,open water
264,open water
265,open water
266,rock
267,rock
268,open water
269,open water
270,rock
271,rock
272,rock
273,open water
274,open water
275,open water
276,open water
277,open water
278,rock
279,rock
280,rock
281,open water
282,open water
283,open water
284,open water
285,open water
286,open water
287,rock
288,rock
289,open water
290,open water
291,open water
292,open water
293,open water
294,open water
295,open water
296,rock
297,rock
298,rock
299,rock
300,open water
301,open water
302,open water
303,open water
304,open water
305,open water
306,open water
307,rock
308,sub-tidal flat
309,rock
310,rock
311,open water
312,open water
313,open water
314,open water
315,open water
316,open water
317,open water
318,rock
319,sub-tidal flat
320,rock
321,rock
322,open water
323,open water
324,open water
325,open water
326,open water
327,open water
328,open water
329,rock
330,sub-tidal flat
331,rock
332,rock
333,open water
334,open water
335,open water
336,open water
337,open water
338,open water
339,open water
340,open water
341,rock
342,sub-tidal flat
343,rock
344,rock
345,open water
346,open water
347,open water
348,open water
349,open water
350,open water
351,open water
352,open water
353,open water
354,open water
355,open water
356,rock
357,rock
358,rock
359,rock
360,open water
361,rock
362,open water
363,open water
364,open water
365,open water
366,rock
367,rock
368,rock
369,open water
370,open water
371,open water
372,open water
373,open water
374,open water
375,open water
376,open water
377,open water
378,rock
379,rock
380,rock
381,rock
382,open water
383,open water
384,rock
385,open water
386,open water
387,open water
388,open water
389,rock
390,rock
391,rock
392,open water
393,open water
394,open water
395,open water
396,open water
397,rock
398,rock
399,rock
400,rock
401,rock
402,rock
403,rock
404,open water
405,open water
406,rock
407,rock
408,open water
409,open water
410,open water
411,open water
412,open water
413,open water
414,open water
415,rock
416,rock
417,rock
418,rock
419,rock
420,open water
421,open water
422,open water
423,open water
424,rock
425,rock
426,rock
427,rock
428,rock
429,rock
430,rock
431,rock
432,rock
433,rock
434,rock
435,rock
436,rock
437,open water
438,open water
439,open water
440,open water
441,open water
442,open water
443,open water
444,rock
445,rock
446,rock
447,open water
448,open water
449,open water
450,open water
451,rock
452,rock
453,rock
454,rock
455,rock
456,rock
457,rock
458,rock
459,rock
460,rock
461,rock
462,rock
463,rock
464,rock
465,rock
466,open water
467,open water
468,open water
469,open water
470,open water
471,open water
472,open water
473,rock
474,rock
475,rock
476,open water
477,open water
478,open water
479,open water
480,rock
481,rock
482,rock
483,rock
484,rock
485,rock
486,rock
487,rock
488,rock
489,rock
490,rock
491,rock
492,open water
493,open water
494,open water
495,open water
496,open water
497,open water
498,open water
499,rock
500,rock
501,open water
502,open water
503,open water
504,open water
505,open water
506,rock
507,rock
508,rock
509,rock
510,rock
511,rock
512,rock
513,rock
514,rock
515,rock
516,open water
517,open water
518,open water
519,open water
520,open water
521,open water
522,open water
523,open water
524,rock
525,rock
526,rock
527,rock
528,open water
529,open water
530,open water
531,open water
532,open water
533,rock
534,rock
535,rock
536,open water
537,rock
538,open water
539,open water
540,rock
541,rock
542,rock
543,rock
544,rock
545,open water
546,rock
547,rock
548,open water
549,open water
550,open water
551,open water
552,open water
553,rock
554,rock
555,rock
556,rock
557,sub-tidal flat
558,open water
559,open water
560,open water
561,open water
562,open water
563,rock
564,rock
565,rock
566,rock
567,open water
568,open water
569,open water
570,open water
571,open water
572,rock
573,rock
574,rock
575,rock
576,open water
577,rock
578,rock
579,rock
580,rock
581,rock
582,rock
583,rock
584,rock
585,rock
586,rock
587,rock
588,rock
589,rock
590,rock
591,rock
592,sub-tidal flat
593,sub-tidal flat
594,open water
595,open water
596,open water
597,open water
598,open water
599,open water
600,open water
601,sub-tidal flat
602,sub-tidal flat
603,rock
604,rock
605,open water
606,open water
607,open water
608,open water
609,open water
610,open water
611,rock
612,rock
613,rock
614,rock
615,open water
616,rock
617,rock
618,rock
619,rock
620,rock
621,rock
622,rock
623,rock
624,rock
625,sub-tidal flat
626,sub-tidal flat
627,sub-tidal flat
628,open water
629,open water
630,open water
631,open water
632,open water
633,open water
634,open water
635,open water
636,sub-tidal flat
637,sub-tidal flat
638,rock
639,rock
640,open water
641,open water
642,open water
643,open water
644,open water
645,open water
646,open water
647,open water
648,open water
649,rock
650,open water
651,open water
652,open water
653,rock
654,rock
655,rock
656,rock
657,sub-tidal flat
658,sub-tidal flat
659,sub-tidal flat
660,open water
661,open water
662,open water
663,open water
664,open water
665,open water
666,open water
667,open water
668,sub-tidal flat
669,sub-tidal flat
670,rock
671,rock
672,open water
673,open water
674,open water
675,open water
676,open water
677,open water
678,open water
679,open water
680,open water
681,open water
682,open water
683,open water
684,open water
685,rock
686,rock
687,sub-tidal flat
688,sub-tidal flat
689,sub-tidal flat
690,sub-tidal flat
691,sub-tidal flat
692,sub-tidal flat
693,sub-tidal flat
694,sub-tidal flat
695,sub-tidal flat
696,sub-tidal flat
697,sub-tidal flat
698,sub-tidal flat
699,sub-tidal flat
700,rock
701,rock
702,open water
703,open water
704,open water
705,open water
706,open water
707,open water
708,open water
709,open water
710,open water
711,open water
712,open water
713,open water
714,open water
715,open water
716,open water
717,rock
718,intertidal mud flat
719,sub-tidal flat
720,sub-tidal flat
721,sub-tidal flat
722,sub-tidal flat
723,sub-tidal flat
724,sub-tidal flat
725,sub-tidal flat
726,sub-tidal flat
727,sub-tidal flat
728,sub-tidal flat
729,sub-tidal flat
730,sub-tidal flat
731,sub-tidal flat
732,sub-tidal flat
733,sub-tidal flat
734,rock
735,rock
736,rock
737,rock
738,open water
739,open water
740,open water
741,open water
742,open water
743,open water
744,open water
745,open water
746,intertidal mud flat
747,open water
748,open water
749,intertidal mud flat
750,intertidal mud flat
751,intertidal mud flat
752,sub-tidal flat
753,sub-tidal flat
754,sub-tidal flat
755,sub-tidal flat
756,sub-tidal flat
757,sub-tidal flat
758,sub-tidal flat
759,sub-tidal flat
760,sub-tidal flat
761,sub-tidal flat
762,sub-tidal flat
763,sub-tidal flat
764,sub-tidal flat
765,rock
766,rock
767,rock
768,rock
769,open water
770,open water
771,open water
772,open water
773,open water
774,open water
775,open water
776,intertidal mud flat
777,intertidal mud flat
778,intertidal mud flat
779,intertidal mud flat
780,intertidal mud flat
781,intertidal mud flat
782,intertidal mud flat
783,sub-tidal flat
784,sub-tidal flat
785,sub-tidal flat
786,sub-tidal flat
787,sub-tidal flat
788,sub-tidal flat
789,sub-tidal flat
790,sub-tidal flat
791,sub-tidal flat
792,sub-tidal flat
793,sub-tidal flat
794,sub-tidal flat
795,sub-tidal flat
796,sub-tidal flat
797,rock
798,rock
799,rock
800,rock
801,open water
802,open water
803,open water
804,open water
805,open water
806,intertidal mud flat
807,intertidal mud flat
808,intertidal mud flat
809,intertidal mud flat
810,intertidal mud flat
811,intertidal mud flat
812,intertidal mud flat
813,intertidal mud flat
814,sub-tidal flat
815,sub-tidal flat
816,sub-tidal flat
817,sub-tidal flat
818,sub-tidal flat
819,sub-tidal flat
820,rock
821,rock
822,open water
823,open water
824,open water
825,open water
826,open water
827,intertidal mud flat
828,intertidal mud flat
829,intertidal mud flat
830,intertidal mud flat
831,intertidal mud flat
832,intertidal mud flat
833,intertidal mud flat
834,intertidal mud flat
835,intertidal mud flat
836,sub-tidal flat
837,sub-tidal flat
838,sub-tidal flat
839,sub-tidal flat
840,rock
841,rock
842,open water
843,open water
844,open water
845,open water
846,open water
847,open water
848,intertidal mud flat
849,intertidal mud flat
850,intertidal mud flat
851,intertidal mud flat
852,intertidal mud flat
853,intertidal mud flat
854,intertidal mud flat
855,sub-tidal flat
856,sub-tidal flat
857,sub-tidal flat
858,rock
859,rock
860,open water
861,open water
862,open water
863,open water
864,open water
865,open water
866,intertidal mud flat
867,intertidal mud flat
868,intertidal mud flat
869,intertidal mud flat
870,intertidal mud flat
871,intertidal mud flat
872,intertidal mud flat
873,sub-tidal flat
874,sub-tidal flat
875,open water
876,rock
877,rock
878,rock
879,rock
880,open water
881,open water
882,open water
883,open water
884,open water
885,open water
886,intertidal mud flat
887,intertidal mud flat
888,intertidal mud flat
889,intertidal mud flat
890,intertidal mud flat
891,intertidal mud flat
892,intertidal mud flat
893,intertidal mud flat
894,intertidal mud flat
895,intertidal mud flat
896,open water
897,rock
898,rock
899,rock
900,rock
901,rock
902,open water
903,open water
904,open water
905,open water
906,open water
907,distributary
908,intertidal mud flat
909,intertidal mud flat
910,intertidal mud flat
911,intertidal mud flat
912,intertidal mud flat
913,intertidal mud flat
914,intertidal mud flat
915,intertidal mud flat
916,intertidal mud flat
917,intertidal mud flat
918,intertidal mud flat
919,intertidal mud flat
920,intertidal mud flat
921,rock
922,rock
923,rock
924,rock
925,rock
926,rock
927,rock
928,open water
929,open water
930,open water
931,open water
932,open water
933,open water
934,distributary
935,distributary
936,distributary
937,distributary
938,distributary
939,distributary
940,distributary
941,distributary
942,distributary
943,distributary
944,distributary
945,distributary
946,distributary
947,distributary
948,intertidal mud flat
949,intertidal mud flat
950,intertidal mud flat
951,intertidal mud flat
952,rock
953,rock
954,open water
955,open water
956,open water
957,open water
958,sub-tidal flat
959,distributary
960,distributary
961,distributary
962,distributary
963,distributary
964,distributary
965,distributary
966,distributary
967,distributary
968,distributary
969,distributary
970,distributary
971,distributary
972,distributary
973,intertidal mud flat
974,intertidal mud flat
975,intertidal mud flat
976,intertidal mud flat
977,intertidal mud flat
978,rock
979,rock
980,open water
981,open water
982,open water
983,open water
984,sub-tidal flat
985,sub-tidal flat
986,sub-tidal flat
987,sub-tidal flat
988,sub-tidal flat
989,sub-tidal flat
990,open water
991,open water
992,open water
993,distributary
994,distributary
995,distributary
996,distributary
997,distributary
998,distributary
999,distributary
1000,intertidal mud flat
1001,intertidal mud flat
1002,intertidal mud flat
1003,intertidal mud flat
1004,exit
1005,rock
1006,rock
1007,open water
1008,open water
1009,open water
1010,open water
1011,open water
1012,open water
1013,sub-tidal flat
1014,sub-tidal flat
1015,sub-tidal flat
1016,sub-tidal flat
1017,sub-tidal flat
1018,sub-tidal flat
1019,open water
1020,open water
1021,open water
1022,intertidal mud flat
1023,intertidal mud flat
1024,intertidal mud flat
1025,intertidal mud flat
1026,intertidal mud flat
1027,distributary
1028,distributary
1029,distributary
1030,intertidal mud flat
1031,intertidal mud flat
1032,intertidal mud flat
1033,open water
1034,exit
1035,rock
1036,rock
1037,rock
1038,open water
1039,open water
1040,open water
1041,open water
1042,open water
1043,sub-tidal flat
1044,sub-tidal flat
1045,sub-tidal flat
1046,sub-tidal flat
1047,sub-tidal flat
1048,sub-tidal flat
1049,open water
1050,intertidal mud flat
1051,intertidal mud flat
1052,intertidal mud flat
1053,intertidal mud flat
1054,intertidal mud flat
1055,intertidal mud flat
1056,distributary
1057,distributary
1058,distributary
1059,intertidal mud flat
1060,intertidal mud flat
1061,rock
1062,open water
1063,exit
1064,rock
1065,exit
1066,rock
1067,rock
1068,open water
1069,open water
1070,open water
1071,open water
1072,open water
1073,sub-tidal flat
1074,sub-tidal flat
1075,sub-tidal flat
1076,sub-tidal flat
1077,sub-tidal flat
1078,sub-tidal flat
1079,open water
1080,intertidal mud flat
1081,intertidal mud flat
1082,intertidal mud flat
1083,intertidal mud flat
1084,intertidal mud flat
1085,intertidal mud flat
1086,intertidal mud flat
1087,distributary
1088,distributary
1089,distributary
1090,intertidal mud flat
1091,intertidal mud flat
1092,rock
1093,open water
1094,open water
1095,exit
1096,rock
1097,exit
1098,rock
1099,rock
1100,open water
1101,open water
1102,open water
1103,open water
1104,open water
1105,open water
1106,open water
1107,sub-tidal flat
1108,sub-tidal flat
1109,sub-tidal flat
1110,sub-tidal flat
1111,sub-tidal flat
1112,open water
1113,intertidal mud flat
1114,intertidal mud flat
1115,intertidal mud flat
1116,intertidal mud flat
1117,intertidal mud flat
1118,intertidal mud flat
1119,intertidal mud flat
1120,distributary
1121,distributary
1122,distributary
1123,intertidal mud flat
1124,intertidal mud flat
1125,rock
1126,open water
1127,open water
1128,open water
1129,open water
1130,open water
1131,open water
1132,rock
1133,exit
1134,exit
1135,rock
1136,rock
1137,open water
1138,open water
1139,open water
1140,open water
1141,open water
1142,open water
1143,open water
1144,sub-tidal flat
1145,sub-tidal flat
1146,sub-tidal flat
1147,sub-tidal flat
1148,sub-tidal flat
1149,sub-tidal flat
1150,sub-tidal flat
1151,open water
1152,intertidal mud flat
1153,intertidal mud flat
1154,intertidal mud flat
1155,distributary
1156,distributary
1157,distributary
1158,distributary
1159,distributary
1160,intertidal mud flat
1161,rock
1162,open water
1163,open water
1164,open water
1165,open water
1166,open water
1167,open water
1168,open water
1169,open water
1170,rock
1171,exit
1172,exit
1173,rock
1174,rock
1175,rock
1176,open water
1177,open water
1178,open water
1179,open water
1180,sub-tidal flat
1181,sub-tidal flat
1182,sub-tidal flat
1183,sub-tidal flat
1184,sub-tidal flat
1185,sub-tidal flat
1186,sub-tidal flat
1187,sub-tidal flat
1188,sub-tidal flat
1189,open water
1190,open water
1191,intertidal mud flat
1192,intertidal mud flat
1193,distributary
1194,distributary
1195,distributary
1196,rock
1197,open water
1198,open water
1199,open water
1200,open water
1201,open water
1202,open water
1203,open water
1204,open water
1205,open water
1206,open water
1207,rock
1208,exit
1209,exit
1210,exit
1211,rock
1212,rock
1213,open water
1214,open water
1215,open water
1216,sub-tidal flat
1217,sub-tidal flat
1218,sub-tidal flat
1219,sub-tidal flat
1220,sub-tidal flat
1221,sub-tidal flat
1222,sub-tidal flat
1223,sub-tidal flat
1224,sub-tidal flat
1225,sub-tidal flat
1226,sub-tidal flat
1227,open water
1228,distributary
1229,distributary
1230,distributary
1231,distributary
1232,distributary
1233,rock
1234,open water
1235,open water
1236,open water
1237,open water
1238,open water
1239,open water
1240,open water
1241,open water
1242,open water
1243,open water
1244,open water
1245,rock
1246,exit
1247,exit
1248,rock
1249,rock
1250,open water
1251,open water
1252,open water
1253,sub-tidal flat
1254,open water
1255,open water
1256,sub-tidal flat
1257,sub-tidal flat
1258,sub-tidal flat
1259,sub-tidal flat
1260,sub-tidal flat
1261,sub-tidal flat
1262,sub-tidal flat
1263,sub-tidal flat
1264,sub-tidal flat
1265,open water
1266,distributary
1267,distributary
1268,distributary
1269,distributary
1270,distributary
1271,distributary
1272,distributary
1273,rock
1274,open water
1275,open water
1276,open water
1277,open water
1278,open water
1279,open water
1280,open water
1281,open water
1282,open water
1283,open water
1284,open water
1285,open water
1286,open water
1287,rock
1288,exit
1289,exit
1290,exit
1291,rock
1292,rock
1293,open water
1294,open water
1295,open water
1296,open water
1297,open water
1298,open water
1299,open water
1300,sub-tidal flat
1301,sub-tidal flat
1302,sub-tidal flat
1303,sub-tidal flat
1304,sub-tidal flat
1305,sub-tidal flat
1306,sub-tidal flat
1307,sub-tidal flat
1308,sub-tidal flat
1309,sub-tidal flat
1310,open water
1311,distributary
1312,distributary
1313,distributary
1314,distributary
1315,distributary
1316,blind channel
1317,rock
1318,open water
1319,open water
1320,open water
1321,open water
1322,open water
1323,open water
1324,open water
1325,open water
1326,open water
1327,open water
1328,open water
1329,open water
1330,open water
1331,open water
1332,open water
1333,rock
1334,exit
1335,exit
1336,exit
1337,exit
1338,exit
1339,exit
1340,exit
1341,rock
1342,rock
1343,rock
1344,open water
1345,open water
1346,open water
1347,open water
1348,open water
1349,open water
1350,open water
1351,sub-tidal flat
1352,sub-tidal flat
1353,sub-tidal flat
1354,sub-tidal flat
1355,sub-tidal flat
1356,sub-tidal flat
1357,sub-tidal flat
1358,sub-tidal flat
1359,sub-tidal flat
1360,sub-tidal flat
1361,sub-tidal flat
1362,intertidal mud flat
1363,distributary
1364,distributary
1365,distributary
1366,blind channel
1367,rock
1368,open water
1369,open water
1370,distributary
1371,distributary
1372,distributary
1373,open water
1374,open water
1375,open water
1376,open water
1377,open water
1378,open water
1379,open water
1380,open water
1381,open water
1382,open water
1383,rock
1384,open water
1385,open water
1386,open water
1387,exit
1388,exit
1389,exit
1390,exit
1391,rock
1392,rock
1393,open water
1394,open water
1395,open water
1396,open water
1397,open water
1398,open water
1399,sub-tidal flat
1400,sub-tidal flat
1401,sub-tidal flat
1402,sub-tidal flat
1403,sub-tidal flat
1404,sub-tidal flat
1405,intertidal mud flat
1406,intertidal mud flat
1407,sub-tidal flat
1408,sub-tidal flat
1409,sub-tidal flat
1410,sub-tidal flat
1411,open water
1412,intertidal mud flat
1413,distributary
1414,distributary
1415,distributary
1416,rock
1417,open water
1418,open water
1419,distributary
1420,distributary
1421,distributary
1422,open water
1423,open water
1424,open water
1425,open water
1426,open water
1427,open water
1428,open water
1429,open water
1430,open water
1431,open water
1432,open water
1433,rock
1434,open water
1435,open water
1436,open water
1437,open water
1438,open water
1439,open water
1440,open water
1441,exit
1442,exit
1443,rock
1444,rock
1445,open water
1446,open water
1447,open water
1448,open water
1449,open water
1450,sub-tidal flat
1451,sub-tidal flat
1452,sub-tidal flat
1453,sub-tidal flat
1454,sub-tidal flat
1455,sub-tidal flat
1456,sub-tidal flat
1457,sub-tidal flat
1458,intertidal mud flat
1459,intertidal mud flat
1460,intertidal mud flat
1461,intertidal mud flat
1462,sub-tidal flat
1463,sub-tidal flat
1464,sub-tidal flat
1465,open water
1466,intertidal mud flat
1467,distributary
1468,distributary
1469,distributary
1470,rock
1471,open water
1472,open water
1473,open water
1474,distributary
1475,distributary
1476,open water
1477,open water
1478,open water
1479,open water
1480,open water
1481,open water
1482,open water
1483,open water
1484,open water
1485,open water
1486,open water
1487,open water
1488,rock
1489,open water
1490,open water
1491,open water
1492,open water
1493,open water
1494,open water
1495,open water
1496,open water
1497,exit
1498,exit
1499,exit
1500,rock
1501,rock
1502,open water
1503,open water
1504,open water
1505,open water
1506,open water
1507,sub-tidal flat
1508,sub-tidal flat
1509,sub-tidal flat
1510,sub-tidal flat
1511,sub-tidal flat
1512,intertidal mud flat
1513,intertidal mud flat
1514,sub-tidal flat
1515,sub-tidal flat
1516,intertidal mud flat
1517,intertidal mud flat
1518,intertidal mud flat
1519,intertidal mud flat
1520,intertidal mud flat
1521,intertidal mud flat
1522,open water
1523,sub-tidal flat
1524,sub-tidal flat
1525,open water
1526,intertidal mud flat
1527,distributary
1528,distributary
1529,distributary
1530,rock
1531,open water
1532,open water
1533,open water
1534,open water
1535,distributary
1536,distributary
1537,open water
1538,open water
1539,open water
1540,open water
1541,open water
1542,open water
1543,open water
1544,open water
1545,open water
1546,open water
1547,open water
1548,open water
1549,open water
1550,open water
1551,rock
1552,open water
1553,open water
1554,open water
1555,open water
1556,open water
1557,open water
1558,open water
1559,open water
1560,open water
1561,open water
1562,open water
1563,open water
1564,exit
1565,rock
1566,rock
1567,open water
1568,open water
1569,open water
1570,open water
1571,open water
1572,sub-tidal flat
1573,sub-tidal flat
1574,sub-tidal flat
1575,sub-tidal flat
1576,sub-tidal flat
1577,intertidal mud flat
1578,intertidal mud flat
1579,intertidal mud flat
1580,intertidal mud flat
1581,sub-tidal flat
1582,sub-tidal flat
1583,intertidal mud flat
1584,intertidal mud flat
1585,intertidal mud flat
1586,intertidal mud flat
1587,intertidal mud flat
1588,intertidal mud flat
1589,intertidal mud flat
1590,intertidal mud flat
1591,intertidal mud flat
1592,intertidal mud flat
1593,sub-tidal flat
1594,sub-tidal flat
1595,sub-tidal flat
1596,intertidal mud flat
1597,distributary
1598,distributary
1599,distributary
1600,rock
1601,open water
1602,open water
1603,open water
1604,distributary
1605,distributary
1606,distributary
1607,open water
1608,open water
1609,open water
1610,open water
1611,open water
1612,open water
1613,open water
1614,open water
1615,open water
1616,open water
1617,open water
1618,open water
1619,open water
1620,rock
1621,open water
1622,open water
1623,open water
1624,open water
1625,open water
1626,open water
1627,open water
1628,open water
1629,open water
1630,open water
1631,open water
1632,open water
1633,exit
1634,exit
1635,rock
1636,rock
1637,open water
1638,open water
1639,open water
1640,open water
1641,open water
1642,sub-tidal flat
1643,sub-tidal flat
1644,sub-tidal flat
1645,sub-tidal flat
1646,sub-tidal flat
1647,intertidal mud flat
1648,intertidal mud flat
1649,intertidal mud flat
1650,intertidal mud flat
1651,intertidal mud flat
1652,intertidal mud flat
1653,rock
1654,rock
1655,intertidal mud flat
1656,intertidal mud flat
1657,intertidal mud flat
1658,intertidal mud flat
1659,intertidal mud flat
1660,intertidal mud flat
1661,intertidal mud flat
1662,intertidal mud flat
1663,intertidal mud flat
1664,intertidal mud flat
1665,intertidal mud flat
1666,intertidal mud flat
1667,sub-tidal flat
1668,sub-tidal flat
1669,sub-tidal flat
1670,sub-tidal flat
1671,intertidal mud flat
1672,distributary
1673,distributary
1674,distributary
1675,harbor
1676,harbor
1677,rock
1678,open water
1679,open water
1680,open water
1681,open water
1682,distributary
1683,distributary
1684,distributary
1685,open water
1686,open water
1687,open water
1688,open water
1689,open water
1690,open water
1691,open water
1692,open water
1693,open water
1694,open water
1695,open water
1696,open water
1697,rock
1698,open water
1699,open water
1700,open water
1701,open water
1702,open water
1703,open water
1704,open water
1705,open water
1706,open water
1707,open water
1708,open water
1709,open water
1710,exit
1711,rock
1712,rock
1713,open water
1714,open water
1715,open water
1716,open water
1717,open water
1718,open water
1719,sub-tidal flat
1720,sub-tidal flat
1721,sub-tidal flat
1722,sub-tidal flat
1723,sub-tidal flat
1724,intertidal mud flat
1725,intertidal mud flat
1726,intertidal mud flat
1727,rock
1728,rock
1729,rock
1730,intertidal mud flat
1731,rock
1732,rock
1733,rock
1734,intertidal mud flat
1735,intertidal mud flat
1736,intertidal mud flat
1737,intertidal mud flat
1738,intertidal mud flat
1739,intertidal mud flat
1740,intertidal mud flat
1741,intertidal mud flat
1742,intertidal mud flat
1743,intertidal mud flat
1744,sub-tidal flat
1745,sub-tidal flat
1746,sub-tidal flat
1747,distributary
1748,intertidal mud flat
1749,distributary
1750,distributary
1751,distributary
1752,harbor
1753,harbor
1754,harbor
1755,harbor
1756,rock
1757,open water
1758,open water
1759,blind channel
1760,open water
1761,distributary
1762,distributary
1763,open water
1764,open water
1765,open water
1766,open water
1767,open water
1768,open water
1769,open water
1770,open water
1771,open water
1772,open water
1773,open water
1774,open water
1775,open water
1776,open water
1777,rock
1778,open water
1779,open water
1780,open water
1781,open water
1782,open water
1783,open water
1784,open water
1785,open water
1786,open water
1787,open water
1788,open water
1789,open water
1790,open water
1791,open water
1792,exit
1793,rock
1794,rock
1795,open water
1796,open water
1797,open water
1798,open water
1799,open water
1800,open water
1801,sub-tidal flat
1802,sub-tidal flat
1803,sub-tidal flat
1804,sub-tidal flat
1805,sub-tidal flat
1806,sub-tidal flat
1807,intertidal mud flat
1808,intertidal mud flat
1809,intertidal mud flat
1810,intertidal mud flat
1811,intertidal mud flat
1812,intertidal mud flat
1813,rock
1814,rock
1815,rock
1816,rock
1817,rock
1818,rock
1819,intertidal mud flat
1820,intertidal mud flat
1821,intertidal mud flat
1822,intertidal mud flat
1823,intertidal mud flat
1824,intertidal mud flat
1825,sub-tidal flat
1826,distributary
1827,distributary
1828,distributary
1829,distributary
1830,distributary
1831,distributary
1832,harbor
1833,harbor
1834,harbor
1835,harbor
1836,harbor
1837,harbor
1838,harbor
1839,rock
1840,blind channel
1841,blind channel
1842,blind channel
1843,blind channel
1844,open water
1845,distributary
1846,distributary
1847,open water
1848,open water
1849,open water
1850,open water
1851,open water
1852,open water
1853,open water
1854,open water
1855,open water
1856,open water
1857,open water
1858,open water
1859,open water
1860,open water
1861,open water
1862,open water
1863,open water
1864,open water
1865,open water
1866,open water
1867,open water
1868,open water
1869,open water
1870,open water
1871,rock
1872,rock
1873,rock
1874,exit
1875,exit
1876,rock
1877,rock
1878,open water
1879,open water
1880,open water
1881,open water
1882,open water
1883,open water
1884,open water
1885,sub-tidal flat
1886,sub-tidal flat
1887,sub-tidal flat
1888,sub-tidal flat
1889,sub-tidal flat
1890,sub-tidal flat
1891,sub-tidal flat
1892,sub-tidal flat
1893,intertidal mud flat
1894,intertidal mud flat
1895,intertidal mud flat
1896,intertidal mud flat
1897,intertidal mud flat
1898,intertidal mud flat
1899,intertidal mud flat
1900,intertidal mud flat
1901,rock
1902,intertidal mud flat
1903,intertidal mud flat
1904,rock
1905,rock
1906,intertidal mud flat
1907,rock
1908,intertidal mud flat
1909,intertidal mud flat
1910,intertidal mud flat
1911,intertidal mud flat
1912,sub-tidal flat
1913,distributary
1914,distributary
1915,distributary
1916,distributary
1917,distributary
1918,distributary
1919,distributary
1920,harbor
1921,harbor
1922,harbor
1923,harbor
1924,harbor
1925,harbor
1926,harbor
1927,harbor
1928,blind channel
1929,blind channel
1930,blind channel
1931,blind channel
1932,blind channel
1933,distributary
1934,distributary
1935,open water
1936,open water
1937,open water
1938,open water
1939,open water
1940,open water
1941,open water
1942,open water
1943,open water
1944,open water
1945,open water
1946,open water
1947,open water
1948,open water
1949,open water
1950,open water
1951,open water
1952,open water
1953,open water
1954,open water
1955,open water
1956,open water
1957,open water
1958,open water
1959,rock
1960,rock
1961,rock
1962,rock
1963,rock
1964,exit
1965,exit
1966,rock
1967,rock
1968,open water
1969,open water
1970,open water
1971,open water
1972,open water
1973,open water
1974,open water
1975,open water
1976,sub-tidal flat
1977,sub-tidal flat
1978,sub-tidal flat
1979,sub-tidal flat
1980,intertidal mud flat
1981,sub-tidal flat
1982,sub-tidal flat
1983,sub-tidal flat
1984,intertidal mud flat
1985,intertidal mud flat
1986,intertidal mud flat
1987,intertidal mud flat
1988,intertidal mud flat
1989,intertidal mud flat
1990,intertidal mud flat
1991,intertidal mud flat
1992,intertidal mud flat
1993,intertidal mud flat
1994,intertidal mud flat
1995,intertidal mud flat
1996,intertidal mud flat
1997,blind channel
1998,blind channel
1999,rock
2000,rock
2001,rock
2002,intertidal mud flat
2003,intertidal mud flat
2004,intertidal mud flat
2005,distributary
2006,distributary
2007,distributary
2008,distributary
2009,distributary
2010,distributary
2011,distributary
2012,distributary
2013,distributary
2014,distributary
2015,harbor
2016,harbor
2017,harbor
2018,harbor
2019,harbor
2020,harbor
2021,harbor
2022,harbor
2023,harbor
2024,blind channel
2025,blind channel
2026,blind channel
2027,blind channel
2028,blind channel
2029,distributary
2030,distributary
2031,open water
2032,open water
2033,open water
2034,open water
2035,open water
2036,open water
2037,open water
2038,open water
2039,open water
2040,open water
2041,open water
2042,open water
2043,open water
2044,open water
2045,open water
2046,open water
2047,open water
2048,open water
2049,open water
2050,open water
2051,open water
2052,open water
2053,open water
2054,rock
2055,rock
2056,rock
2057,rock
2058,rock
2059,open water
2060,open water
2061,open water
2062,open water
2063,open water
2064,open water
2065,open water
2066,open water
2067,sub-tidal flat
2068,sub-tidal flat
2069,sub-tidal flat
2070,sub-tidal flat
2071,intertidal mud flat
2072,intertidal mud flat
2073,intertidal mud flat
2074,sub-tidal flat
2075,sub-tidal flat
2076,sub-tidal flat
2077,intertidal mud flat
2078,intertidal mud flat
2079,intertidal mud flat
2080,intertidal mud flat
2081,intertidal mud flat
2082,intertidal mud flat
2083,intertidal mud flat
2084,rock
2085,rock
2086,intertidal mud flat
2087,blind channel
2088,blind channel
2089,blind channel
2090,blind channel
2091,blind channel
2092,blind channel
2093,rock
2094,rock
2095,distributary
2096,intertidal mud flat
2097,distributary
2098,distributary
2099,distributary
2100,distributary
2101,distributary
2102,distributary
2103,distributary
2104,distributary
2105,distributary
2106,distributary
2107,distributary
2108,distributary
2109,harbor
2110,harbor
2111,harbor
2112,harbor
2113,harbor
2114,harbor
2115,harbor
2116,harbor
2117,harbor
2118,harbor
2119,harbor
2120,harbor
2121,blind channel
2122,blind channel
2123,blind channel
2124,blind channel
2125,distributary
2126,distributary
2127,open water
2128,open water
2129,open water
2130,open water
2131,open water
2132,open water
2133,open water
2134,open water
2135,open water
2136,open water
2137,open water
2138,open water
2139,open water
2140,open water
2141,open water
2142,open water
2143,open water
2144,open water
2145,open water
2146,open water
2147,open water
2148,open water
2149,rock
2150,rock
2151,rock
2152,rock
2153,rock
2154,rock
2155,open water
2156,open water
2157,open water
2158,open water
2159,open water
2160,open water
2161,open water
2162,open water
2163,open water
2164,sub-tidal flat
2165,sub-tidal flat
2166,intertidal mud flat
2167,intertidal mud flat
2168,intertidal mud flat
2169,intertidal mud flat
2170,intertidal mud flat
2171,intertidal mud flat
2172,sub-tidal flat
2173,sub-tidal flat
2174,distributary
2175,distributary
2176,intertidal mud flat
2177,intertidal mud flat
2178,intertidal mud flat
2179,intertidal mud flat
2180,intertidal mud flat
2181,intertidal mud flat
2182,intertidal mud flat
2183,rock
2184,rock
2185,rock
2186,blind channel
2187,blind channel
2188,blind channel
2189,blind channel
2190,blind channel
2191,blind channel
2192,blind channel
2193,blind channel
2194,rock
2195,blind channel
2196,distributary
2197,distributary
2198,distributary
2199,distributary
2200,distributary
2201,distributary
2202,distributary
2203,distributary
2204,distributary
2205,distributary
2206,distributary
2207,harbor
2208,harbor
2209,harbor
2210,harbor
2211,harbor
2212,harbor
2213,blind channel
2214,blind channel
2215,blind channel
2216,blind channel
2217,blind channel
2218,distributary
2219,distributary
2220,distributary
2221,open water
2222,open water
2223,open water
2224,open water
2225,open water
2226,open water
2227,open water
2228,open water
2229,open water
2230,open water
2231,open water
2232,open water
2233,open water
2234,open water
2235,open water
2236,open water
2237,open water
2238,open water
2239,open water
2240,open water
2241,open water
2242,rock
2243,rock
2244,rock
2245,rock
2246,rock
2247,rock
2248,open water
2249,open water
2250,open water
2251,open water
2252,open water
2253,open water
2254,open water
2255,open water
2256,open water
2257,open water
2258,sub-tidal flat
2259,sub-tidal flat
2260,intertidal mud flat
2261,intertidal mud flat
2262,intertidal mud flat
2263,intertidal mud flat
2264,intertidal mud flat
2265,intertidal mud flat
2266,intertidal mud flat
2267,intertidal mud flat
2268,sub-tidal flat
2269,distributary
2270,distributary
2271,distributary
2272,distributary
2273,intertidal mud flat
2274,intertidal mud flat
2275,intertidal mud flat
2276,intertidal mud flat
2277,intertidal mud flat
2278,intertidal mud flat
2279,blind channel
2280,rock
2281,rock
2282,rock
2283,blind channel
2284,blind channel
2285,blind channel
2286,blind channel
2287,blind channel
2288,blind channel
2289,blind channel
2290,blind channel
2291,blind channel
2292,blind channel
2293,blind channel
2294,distributary
2295,distributary
2296,distributary
2297,distributary
2298,distributary
2299,blind channel
2300,blind channel
2301,blind channel
2302,distributary
2303,distributary
2304,distributary
2305,harbor
2306,blind channel
2307,blind channel
2308,blind channel
2309,blind channel
2310,distributary
2311,distributary
2312,distributary
2313,rock
2314,rock
2315,open water
2316,open water
2317,open water
2318,open water
2319,open water
2320,open water
2321,open water
2322,open water
2323,open water
2324,open water
2325,open water
2326,open water
2327,open water
2328,open water
2329,open water
2330,open water
2331,open water
2332,open water
2333,open water
2334,open water
2335,rock
2336,rock
2337,rock
2338,rock
2339,rock
2340,open water
2341,open water
2342,open water
2343,open water
2344,open water
2345,open water
2346,open water
2347,open water
2348,open water
2349,open water
2350,open water
2351,sub-tidal flat
2352,sub-tidal flat
2353,intertidal mud flat
2354,intertidal mud flat
2355,intertidal mud flat
2356,intertidal mud flat
2357,intertidal mud flat
2358,intertidal mud flat
2359,intertidal mud flat
2360,intertidal mud flat
2361,intertidal mud flat
2362,distributary
2363,distributary
2364,distributary
2365,distributary
2366,distributary
2367,distributary
2368,distributary
2369,intertidal mud flat
2370,intertidal mud flat
2371,intertidal mud flat
2372,blind channel
2373,intertidal mud flat
2374,blind channel
2375,blind channel
2376,blind channel
2377,blind channel
2378,blind channel
2379,blind channel
2380,blind channel
2381,blind channel
2382,blind channel
2383,blind channel
2384,blind channel
2385,blind channel
2386,blind channel
2387,blind channel
2388,blind channel
2389,blind channel
2390,blind channel
2391,blind channel
2392,blind channel
2393,blind channel
2394,distributary
2395,distributary
2396,distributary
2397,distributary
2398,distributary
2399,blind channel
2400,blind channel
2401,blind channel
2402,blind channel
2403,distributary
2404,distributary
2405,distributary
2406,blind channel
2407,blind channel
2408,blind channel
2409,distributary
2410,distributary
2411,rock
2412,rock
2413,rock
2414,open water
2415,open water
2416,open water
2417,open water
2418,open water
2419,open water
2420,open water
2421,open water
2422,open water
2423,open water
2424,open water
2425,open water
2426,open water
2427,open water
2428,open water
2429,open water
2430,open water
2431,open water
2432,open water
2433,rock
2434,rock
2435,rock
2436,rock
2437,open water
2438,open water
2439,open water
2440,open water
2441,open water
2442,open water
2443,open water
2444,open water
2445,open water
2446,open water
2447,open water
2448,open water
2449,open water
2450,intertidal mud flat
2451,intertidal mud flat
2452,sub-tidal flat
2453,intertidal mud flat
2454,intertidal mud flat
2455,intertidal mud flat
2456,intertidal mud flat
2457,intertidal mud flat
2458,intertidal mud flat
2459,intertidal mud flat
2460,intertidal mud flat
2461,intertidal mud flat
2462,intertidal mud flat
2463,intertidal mud flat
2464,intertidal mud flat
2465,distributary
2466,distributary
2467,distributary
2468,distributary
2469,distributary
2470,distributary
2471,distributary
2472,distributary
2473,distributary
2474,blind channel
2475,blind channel
2476,blind channel
2477,blind channel
2478,blind channel
2479,blind channel
2480,blind channel
2481,blind channel
2482,blind channel
2483,blind channel
2484,blind channel
2485,blind channel
2486,blind channel
2487,blind channel
2488,blind channel
2489,blind channel
2490,blind channel
2491,blind channel
2492,blind channel
2493,blind channel
2494,blind channel
2495,blind channel
2496,blind channel
2497,blind channel
2498,distributary
2499,distributary
2500,distributary
2501,distributary
2502,blind channel
2503,blind channel
2504,blind channel
2505,blind channel
2506,blind channel
2507,blind channel
2508,blind channel
2509,blind channel
2510,distributary
2511,distributary
2512,distributary
2513,distributary
2514,distributary
2515,distributary
2516,rock
2517,rock
2518,rock
2519,rock
2520,rock
2521,rock
2522,open water
2523,open water
2524,open water
2525,open water
2526,open water
2527,open water
2528,open water
2529,open water
2530,open water
2531,open water
2532,open water
2533,open water
2534,open water
2535,open water
2536,open water
2537,rock
2538,rock
2539,rock
2540,rock
2541,open water
2542,open water
2543,open water
2544,open water
2545,open water
2546,open water
2547,open water
2548,open water
2549,open water
2550,open water
2551,open water
2552,open water
2553,open water
2554,open water
2555,intertidal mud flat
2556,sub-tidal flat
2557,sub-tidal flat
2558,intertidal mud flat
2559,sub-tidal flat
2560,intertidal mud flat
2561,intertidal mud flat
2562,intertidal mud flat
2563,intertidal mud flat
2564,intertidal mud flat
2565,intertidal mud flat
2566,intertidal mud flat
2567,intertidal mud flat
2568,intertidal mud flat
2569,intertidal mud flat
2570,intertidal mud flat
2571,intertidal mud flat
2572,intertidal mud flat
2573,intertidal mud flat
2574,distributary
2575,distributary
2576,distributary
2577,distributary
2578,distributary
2579,distributary
2580,distributary
2581,distributary
2582,distributary
2583,distributary
2584,blind channel
2585,blind channel
2586,blind channel
2587,blind channel
2588,blind channel
2589,blind channel
2590,blind channel
2591,blind channel
2592,blind channel
2593,blind channel
2594,blind channel
2595,blind channel
2596,blind channel
2597,blind channel
2598,blind channel
2599,blind channel
2600,blind channel
2601,blind channel
2602,blind channel
2603,blind channel
2604,blind channel
2605,blind channel
2606,blind channel
2607,blind channel
2608,distributary
2609,distributary
2610,blind channel
2611,distributary
2612,distributary
2613,blind channel
2614,blind channel
2615,blind channel
2616,blind channel
2617,blind channel
2618,blind channel
2619,blind channel
2620,blind channel
2621,blind channel
2622,blind channel
2623,distributary
2624,distributary
2625,distributary
2626,distributary
2627,distributary
2628,distributary
2629,rock
2630,rock
2631,rock
2632,rock
2633,rock
2634,rock
2635,rock
2636,rock
2637,rock
2638,open water
2639,open water
2640,open water
2641,open water
2642,open water
2643,open water
2644,open water
2645,open water
2646,open water
2647,open water
2648,open water
2649,open water
2650,rock
2651,rock
2652,rock
2653,rock
2654,open water
2655,open water
2656,open water
2657,open water
2658,open water
2659,open water
2660,open water
2661,open water
2662,open water
2663,open water
2664,open water
2665,open water
2666,open water
2667,open water
2668,open water
2669,intertidal mud flat
2670,intertidal mud flat
2671,sub-tidal flat
2672,intertidal mud flat
2673,intertidal mud flat
2674,intertidal mud flat
2675,intertidal mud flat
2676,intertidal mud flat
2677,intertidal mud flat
2678,intertidal mud flat
2679,intertidal mud flat
2680,intertidal mud flat
2681,intertidal mud flat
2682,intertidal mud flat
2683,intertidal mud flat
2684,intertidal mud flat
2685,intertidal mud flat
2686,intertidal mud flat
2687,intertidal mud flat
2688,intertidal mud flat
2689,intertidal mud flat
2690,intertidal mud flat
2691,intertidal mud flat
2692,intertidal mud flat
2693,intertidal mud flat
2694,distributary
2695,blind channel
2696,distributary
2697,distributary
2698,distributary
2699,distributary
2700,distributary
2701,distributary
2702,blind channel
2703,blind channel
2704,blind channel
2705,blind channel
2706,blind channel
2707,blind channel
2708,blind channel
2709,blind channel
2710,blind channel
2711,blind channel
2712,blind channel
2713,blind channel
2714,blind channel
2715,blind channel
2716,blind channel
2717,blind channel
2718,blind channel
2719,blind channel
2720,blind channel
2721,blind channel
2722,blind channel
2723,blind channel
2724,blind channel
2725,distributary
2726,distributary
2727,distributary
2728,distributary
2729,blind channel
2730,blind channel
2731,blind channel
2732,blind channel
2733,blind channel
2734,blind channel
2735,blind channel
2736,blind channel
2737,blind channel
2738,blind channel
2739,blind channel
2740,blind channel
2741,blind channel
2742,distributary
2743,distributary
2744,distributary
2745,distributary
2746,distributary
2747,distributary
2748,distributary
2749,rock
2750,rock
2751,rock
2752,rock
2753,rock
2754,rock
2755,rock
2756,rock
2757,rock
2758,rock
2759,rock
2760,open water
2761,open water
2762,open water
2763,open water
2764,open water
2765,open water
2766,open water
2767,open water
2768,open water
2769,open water
2770,open water
2771,rock
2772,rock
2773,rock
2774,rock
2775,rock
2776,open water
2777,open water
2778,open water
2779,open water
2780,open water
2781,open water
2782,open water
2783,open water
2784,open water
2785,open water
2786,open water
2787,open water
2788,open water
2789,open water
2790,open water
2791,open water
2792,open water
2793,intertidal mud flat
2794,intertidal mud flat
2795,sub-tidal flat
2796,sub-tidal flat
2797,intertidal mud flat
2798,intertidal mud flat
2799,intertidal mud flat
2800,intertidal mud flat
2801,intertidal mud flat
2802,intertidal mud flat
2803,intertidal mud flat
2804,intertidal mud flat
2805,intertidal mud flat
2806,intertidal mud flat
2807,intertidal mud flat
2808,intertidal mud flat
2809,intertidal mud flat
2810,intertidal mud flat
2811,intertidal mud flat
2812,intertidal mud flat
2813,intertidal mud flat
2814,intertidal mud flat
2815,intertidal mud flat
2816,intertidal mud flat
2817,intertidal mud flat
2818,intertidal mud flat
2819,intertidal mud flat
2820,blind channel
2821,blind channel
2822,distributary
2823,distributary
2824,blind channel
2825,blind channel
2826,distributary
2827,distributary
2828,distributary
2829,blind channel
2830,blind channel
2831,blind channel
2832,blind channel
2833,blind channel
2834,blind channel
2835,blind channel
2836,blind channel
2837,blind channel
2838,blind channel
2839,blind channel
2840,blind channel
2841,blind channel
2842,blind channel
2843,blind channel
2844,blind channel
2845,blind channel
2846,blind channel
2847,distributary
2848,distributary
2849,blind channel
2850,distributary
2851,blind channel
2852,blind channel
2853,blind channel
2854,blind channel
2855,blind channel
2856,blind channel
2857,blind channel
2858,blind channel
2859,blind channel
2860,blind channel
2861,blind channel
2862,blind channel
2863,blind channel
2864,blind channel
2865,distributary
2866,distributary
2867,distributary
2868,distributary
2869,distributary
2870,distributary
2871,distributary
2872,distributary
2873,rock
2874,rock
2875,rock
2876,rock
2877,rock
2878,rock
2879,rock
2880,rock
2881,rock
2882,rock
2883,rock
2884,rock
2885,rock
2886,rock
2887,rock
2888,open water
2889,open water
2890,open water
2891,open water
2892,open water
2893,rock
2894,rock
2895,rock
2896,rock
2897,rock
2898,open water
2899,open water
2900,open water
2901,open water
2902,open water
2903,open water
2904,open water
2905,open water
2906,open water
2907,open water
2908,open water
2909,open water
2910,open water
2911,open water
2912,open water
2913,open water
2914,open water
2915,sub-tidal flat
2916,intertidal mud flat
2917,intertidal mud flat
2918,intertidal mud flat
2919,sub-tidal flat
2920,intertidal mud flat
2921,intertidal mud flat
2922,intertidal mud flat
2923,intertidal mud flat
2924,intertidal mud flat
2925,intertidal mud flat
2926,intertidal mud flat
2927,intertidal mud flat
2928,intertidal mud flat
2929,intertidal mud flat
2930,intertidal mud flat
2931,intertidal mud flat
2932,intertidal mud flat
2933,intertidal mud flat
2934,intertidal mud flat
2935,intertidal mud flat
2936,intertidal mud flat
2937,intertidal mud flat
2938,intertidal mud flat
2939,intertidal mud flat
2940,intertidal mud flat
2941,intertidal mud flat
2942,intertidal mud flat
2943,intertidal mud flat
2944,intertidal mud flat
2945,intertidal mud flat
2946,blind channel
2947,blind channel
2948,blind channel
2949,blind channel
2950,blind channel
2951,blind channel
2952,blind channel
2953,blind channel
2954,distributary
2955,distributary
2956,distributary
2957,blind channel
2958,blind channel
2959,blind channel
2960,blind channel
2961,blind channel
2962,blind channel
2963,blind channel
2964,blind channel
2965,blind channel
2966,blind channel
2967,blind channel
2968,blind channel
2969,distributary
2970,distributary
2971,blind channel
2972,distributary
2973,blind channel
2974,blind channel
2975,blind channel
2976,blind channel
2977,blind channel
2978,blind channel
2979,blind channel
2980,blind channel
2981,blind channel
2982,blind channel
2983,blind channel
2984,blind channel
2985,blind channel
2986,blind channel
2987,blind channel
2988,distributary
2989,distributary
2990,distributary
2991,distributary
2992,distributary
2993,distributary
2994,distributary
2995,distributary
2996,rock
2997,rock
2998,rock
2999,rock
3000,rock
3001,rock
3002,rock
3003,rock
3004,rock
3005,rock
3006,rock
3007,rock
3008,rock
3009,rock
3010,rock
3011,rock
3012,rock
3013,open water
3014,open water
3015,open water
3016,open water
3017,rock
3018,rock
3019,rock
3020,rock
3021,open water
3022,open water
3023,open water
3024,open water
3025,open water
3026,open water
3027,open water
3028,open water
3029,open water
3030,open water
3031,open water
3032,open water
3033,open water
3034,open water
3035,open water
3036,open water
3037,open water
3038,open water
3039,open water
3040,sub-tidal flat
3041,sub-tidal flat
3042,intertidal mud flat
3043,sub-tidal flat
3044,intertidal mud flat
3045,intertidal mud flat
3046,intertidal mud flat
3047,intertidal mud flat
3048,intertidal mud flat
3049,intertidal mud flat
3050,intertidal mud flat
3051,intertidal mud flat
3052,intertidal mud flat
3053,intertidal mud flat
3054,intertidal mud flat
3055,intertidal mud flat
3056,intertidal mud flat
3057,intertidal mud flat
3058,intertidal mud flat
3059,intertidal mud flat
3060,blind channel
3061,blind channel
3062,blind channel
3063,intertidal mud flat
3064,intertidal mud flat
3065,intertidal mud flat
3066,blind channel
3067,intertidal mud flat
3068,intertidal mud flat
3069,blind channel
3070,intertidal mud flat
3071,intertidal mud flat
3072,open water
3073,intertidal mud flat
3074,blind channel
3075,blind channel
3076,blind channel
3077,blind channel
3078,blind channel
3079,blind channel
3080,distributary
3081,blind channel
3082,distributary
3083,distributary
3084,blind channel
3085,distributary
3086,blind channel
3087,blind channel
3088,blind channel
3089,blind channel
3090,blind channel
3091,blind channel
3092,blind channel
3093,blind channel
3094,blind channel
3095,distributary
3096,distributary
3097,distributary
3098,blind channel
3099,blind channel
3100,blind channel
3101,blind channel
3102,blind channel
3103,blind channel
3104,blind channel
3105,blind channel
3106,blind channel
3107,blind channel
3108,blind channel
3109,blind channel
3110,distributary
3111,distributary
3112,distributary
3113,distributary
3114,distributary
3115,distributary
3116,distributary
3117,rock
3118,rock
3119,rock
3120,rock
3121,rock
3122,rock
3123,rock
3124,rock
3125,rock
3126,rock
3127,rock
3128,rock
3129,rock
3130,rock
3131,rock
3132,rock
3133,rock
3134,rock
3135,rock
3136,rock
3137,rock
3138,open water
3139,open water
3140,open water
3141,rock
3142,rock
3143,rock
3144,rock
3145,open water
3146,open water
3147,open water
3148,open water
3149,open water
3150,open water
3151,open water
3152,open water
3153,open water
3154,open water
3155,open water
3156,open water
3157,open water
3158,open water
3159,open water
3160,open water
3161,open water
3162,open water
3163,open water
3164,open water
3165,sub-tidal flat
3166,sub-tidal flat
3167,sub-tidal flat
3168,intertidal mud flat
3169,sub-tidal flat
3170,intertidal mud flat
3171,intertidal mud flat
3172,intertidal mud flat
3173,intertidal mud flat
3174,intertidal mud flat
3175,intertidal mud flat
3176,intertidal mud flat
3177,intertidal mud flat
3178,intertidal mud flat
3179,intertidal mud flat
3180,intertidal mud flat
3181,intertidal mud flat
3182,intertidal mud flat
3183,intertidal mud flat
3184,intertidal mud flat
3185,intertidal mud flat
3186,blind channel
3187,blind channel
3188,blind channel
3189,blind channel
3190,blind channel
3191,blind channel
3192,blind channel
3193,blind channel
3194,blind channel
3195,blind channel
3196,blind channel
3197,blind channel
3198,blind channel
3199,blind channel
3200,blind channel
3201,blind channel
3202,blind channel
3203,blind channel
3204,blind channel
3205,blind channel
3206,distributary
3207,distributary
3208,distributary
3209,distributary
3210,blind channel
3211,blind channel
3212,blind channel
3213,open water
3214,distributary
3215,distributary
3216,distributary
3217,distributary
3218,blind channel
3219,blind channel
3220,blind channel
3221,blind channel
3222,blind channel
3223,blind channel
3224,blind channel
3225,blind channel
3226,distributary
3227,distributary
3228,distributary
3229,distributary
3230,distributary
3231,distributary
3232,rock
3233,rock
3234,rock
3235,rock
3236,rock
3237,rock
3238,rock
3239,rock
3240,rock
3241,rock
3242,rock
3243,rock
3244,rock
3245,rock
3246,rock
3247,rock
3248,rock
3249,rock
3250,rock
3251,rock
3252,open water
3253,open water
3254,rock
3255,rock
3256,rock
3257,rock
3258,open water
3259,open water
3260,open water
3261,open water
3262,open water
3263,open water
3264,open water
3265,open water
3266,open water
3267,open water
3268,open water
3269,open water
3270,open water
3271,open water
3272,open water
3273,open water
3274,open water
3275,open water
3276,sub-tidal flat
3277,sub-tidal flat
3278,sub-tidal flat
3279,sub-tidal flat
3280,sub-tidal flat
3281,sub-tidal flat
3282,sub-tidal flat
3283,sub-tidal flat
3284,sub-tidal flat
3285,intertidal mud flat
3286,intertidal mud flat
3287,intertidal mud flat
3288,intertidal mud flat
3289,intertidal mud flat
3290,intertidal mud flat
3291,intertidal mud flat
3292,intertidal mud flat
3293,intertidal mud flat
3294,intertidal mud flat
3295,intertidal mud flat
3296,intertidal mud flat
3297,intertidal mud flat
3298,intertidal mud flat
3299,intertidal mud flat
3300,intertidal mud flat
3301,blind channel
3302,blind channel
3303,blind channel
3304,blind channel
3305,blind channel
3306,blind channel
3307,blind channel
3308,blind channel
3309,blind channel
3310,blind channel
3311,blind channel
3312,blind channel
3313,blind channel
3314,blind channel
3315,blind channel
3316,blind channel
3317,blind channel
3318,blind channel
3319,blind channel
3320,blind channel
3321,blind channel
3322,distributary
3323,distributary
3324,distributary
3325,distributary
3326,distributary
3327,distributary
3328,distributary
3329,distributary
3330,distributary
3331,distributary
3332,distributary
3333,distributary
3334,distributary
3335,distributary
3336,blind channel
3337,blind channel
3338,blind channel
3339,blind channel
3340,blind channel
3341,distributary
3342,distributary
3343,distributary
3344,distributary
3345,distributary
3346,distributary
3347,rock
3348,rock
3349,rock
3350,rock
3351,rock
3352,rock
3353,rock
3354,rock
3355,rock
3356,rock
3357,rock
3358,rock
3359,rock
3360,rock
3361,rock
3362,rock
3363,rock
3364,rock
3365,rock
3366,open water
3367,rock
3368,rock
3369,rock
3370,rock
3371,rock
3372,open water
3373,open water
3374,open water
3375,open water
3376,open water
3377,open water
3378,open water
3379,open water
3380,open water
3381,open water
3382,open water
3383,open water
3384,open water
3385,open water
3386,open water
3387,open water
3388,open water
3389,open water
3390,open water
3391,sub-tidal flat
3392,sub-tidal flat
3393,sub-tidal flat
3394,sub-tidal flat
3395,sub-tidal flat
3396,sub-tidal flat
3397,sub-tidal flat
3398,sub-tidal flat
3399,sub-tidal flat
3400,sub-tidal flat
3401,sub-tidal flat
3402,intertidal mud flat
3403,intertidal mud flat
3404,intertidal mud flat
3405,intertidal mud flat
3406,intertidal mud flat
3407,intertidal mud flat
3408,intertidal mud flat
3409,intertidal mud flat
3410,intertidal mud flat
3411,intertidal mud flat
3412,intertidal mud flat
3413,intertidal mud flat
3414,intertidal mud flat
3415,intertidal mud flat
3416,intertidal mud flat
3417,intertidal mud flat
3418,intertidal mud flat
3419,intertidal mud flat
3420,intertidal mud flat
3421,blind channel
3422,blind channel
3423,blind channel
3424,blind channel
3425,blind channel
3426,blind channel
3427,blind channel
3428,distributary
3429,distributary
3430,distributary
3431,distributary
3432,distributary
3433,distributary
3434,distributary
3435,distributary
3436,distributary
3437,distributary
3438,distributary
3439,distributary
3440,distributary
3441,distributary
3442,distributary
3443,distributary
3444,distributary
3445,distributary
3446,blind channel
3447,blind channel
3448,blind channel
3449,blind channel
3450,distributary
3451,distributary
3452,distributary
3453,distributary
3454,distributary
3455,distributary
3456,rock
3457,rock
3458,rock
3459,rock
3460,rock
3461,rock
3462,rock
3463,rock
3464,rock
3465,rock
3466,rock
3467,rock
3468,rock
3469,rock
3470,rock
3471,rock
3472,rock
3473,rock
3474,rock
3475,rock
3476,rock
3477,rock
3478,open water
3479,open water
3480,open water
3481,open water
3482,open water
3483,open water
3484,open water
3485,open water
3486,open water
3487,open water
3488,open water
3489,open water
3490,open water
3491,open water
3492,open water
3493,open water
3494,open water
3495,open water
3496,open water
3497,sub-tidal flat
3498,sub-tidal flat
3499,sub-tidal flat
3500,sub-tidal flat
3501,sub-tidal flat
3502,sub-tidal flat
3503,sub-tidal flat
3504,sub-tidal flat
3505,sub-tidal flat
3506,sub-tidal flat
3507,sub-tidal flat
3508,sub-tidal flat
3509,sub-tidal flat
3510,intertidal mud flat
3511,intertidal mud flat
3512,intertidal mud flat
3513,intertidal mud flat
3514,intertidal mud flat
3515,intertidal mud flat
3516,intertidal mud flat
3517,intertidal mud flat
3518,intertidal mud flat
3519,intertidal mud flat
3520,intertidal mud flat
3521,intertidal mud flat
3522,intertidal mud flat
3523,intertidal mud flat
3524,intertidal mud flat
3525,intertidal mud flat
3526,intertidal mud flat
3527,intertidal mud flat
3528,intertidal mud flat
3529,intertidal mud flat
3530,blind channel
3531,blind channel
3532,blind channel
3533,blind channel
3534,blind channel
3535,blind channel
3536,distributary
3537,distributary
3538,distributary
3539,distributary
3540,distributary
3541,distributary
3542,distributary
3543,distributary
3544,distributary
3545,distributary
3546,distributary
3547,distributary
3548,distributary
3549,distributary
3550,distributary
3551,distributary
3552,open water
3553,blind channel
3554,blind channel
3555,blind channel
3556,blind channel
3557,distributary
3558,distributary
3559,distributary
3560,distributary
3561,distributary
3562,distributary
3563,rock
3564,rock
3565,rock
3566,rock
3567,rock
3568,rock
3569,rock
3570,rock
3571,rock
3572,open water
3573,rock
3574,rock
3575,rock
3576,rock
3577,rock
3578,rock
3579,open water
3580,open water
3581,open water
3582,open water
3583,open water
3584,open water
3585,open water
3586,open water
3587,open water
3588,open water
3589,open water
3590,open water
3591,open water
3592,open water
3593,open water
3594,open water
3595,sub-tidal flat
3596,open water
3597,open water
3598,open water
3599,sub-tidal flat
3600,sub-tidal flat
3601,sub-tidal flat
3602,sub-tidal flat
3603,sub-tidal flat
3604,sub-tidal flat
3605,sub-tidal flat
3606,sub-tidal flat
3607,sub-tidal flat
3608,sub-tidal flat
3609,sub-tidal flat
3610,sub-tidal flat
3611,sub-tidal flat
3612,sub-tidal flat
3613,intertidal mud flat
3614,intertidal mud flat
3615,intertidal mud flat
3616,intertidal mud flat
3617,intertidal mud flat
3618,intertidal mud flat
3619,intertidal mud flat
3620,intertidal mud flat
3621,intertidal mud flat
3622,intertidal mud flat
3623,intertidal mud flat
3624,intertidal mud flat
3625,intertidal mud flat
3626,intertidal mud flat
3627,intertidal mud flat
3628,intertidal mud flat
3629,intertidal mud flat
3630,intertidal mud flat
3631,blind channel
3632,blind channel
3633,blind channel
3634,blind channel
3635,distributary
3636,distributary
3637,distributary
3638,distributary
3639,distributary
3640,distributary
3641,distributary
3642,distributary
3643,distributary
3644,distributary
3645,distributary
3646,distributary
3647,distributary
3648,distributary
3649,distributary
3650,distributary
3651,open water
3652,blind channel
3653,distributary
3654,distributary
3655,distributary
3656,distributary
3657,distributary
3658,distributary
3659,rock
3660,rock
3661,rock
3662,rock
3663,rock
3664,rock
3665,rock
3666,rock
3667,rock
3668,rock
3669,rock
3670,rock
3671,rock
3672,open water
3673,rock
3674,open water
3675,open water
3676,open water
3677,open water
3678,open water
3679,open water
3680,open water
3681,open water
3682,open water
3683,open water
3684,open water
3685,open water
3686,open water
3687,rock
3688,open water
3689,rock
3690,open water
3691,sub-tidal flat
3692,open water
3693,open water
3694,sub-tidal flat
3695,sub-tidal flat
3696,sub-tidal flat
3697,sub-tidal flat
3698,sub-tidal flat
3699,sub-tidal flat
3700,sub-tidal flat
3701,sub-tidal flat
3702,sub-tidal flat
3703,sub-tidal flat
3704,sub-tidal flat
3705,sub-tidal flat
3706,sub-tidal flat
3707,sub-tidal flat
3708,sub-tidal flat
3709,sub-tidal flat
3710,sub-tidal flat
3711,sub-tidal flat
3712,intertidal mud flat
3713,intertidal mud flat
3714,intertidal mud flat
3715,intertidal mud flat
3716,intertidal mud flat
3717,intertidal mud flat
3718,intertidal mud flat
3719,intertidal mud flat
3720,intertidal mud flat
3721,intertidal mud flat
3722,intertidal mud flat
3723,intertidal mud flat
3724,intertidal mud flat
3725,intertidal mud flat
3726,intertidal mud flat
3727,intertidal mud flat
3728,intertidal mud flat
3729,blind channel
3730,distributary
3731,distributary
3732,distributary
3733,distributary
3734,distributary
3735,distributary
3736,distributary
3737,distributary
3738,distributary
3739,distributary
3740,distributary
3741,distributary
3742,distributary
3743,distributary
3744,distributary
3745,distributary
3746,rock
3747,rock
3748,rock
3749,rock
3750,open water
3751,open water
3752,rock
3753,open water
3754,open water
3755,open water
3756,open water
3757,open water
3758,open water
3759,open water
3760,open water
3761,open water
3762,open water
3763,open water
3764,open water
3765,open water
3766,open water
3767,open water
3768,open water
3769,rock
3770,rock
3771,rock
3772,rock
3773,open water
3774,sub-tidal flat
3775,intertidal mud flat
3776,open water
3777,sub-tidal flat
3778,sub-tidal flat
3779,sub-tidal flat
3780,sub-tidal flat
3781,sub-tidal flat
3782,sub-tidal flat
3783,sub-tidal flat
3784,sub-tidal flat
3785,sub-tidal flat
3786,sub-tidal flat
3787,sub-tidal flat
3788,sub-tidal flat
3789,sub-tidal flat
3790,sub-tidal flat
3791,sub-tidal flat
3792,sub-tidal flat
3793,sub-tidal flat
3794,sub-tidal flat
3795,intertidal mud flat
3796,intertidal mud flat
3797,intertidal mud flat
3798,intertidal mud flat
3799,intertidal mud flat
3800,intertidal mud flat
3801,intertidal mud flat
3802,intertidal mud flat
3803,intertidal mud flat
3804,intertidal mud flat
3805,intertidal mud flat
3806,intertidal mud flat
3807,intertidal mud flat
3808,intertidal mud flat
3809,intertidal mud flat
3810,intertidal mud flat
3811,intertidal mud flat
3812,intertidal mud flat
3813,distributary
3814,distributary
3815,distributary
3816,distributary
3817,distributary
3818,distributary
3819,distributary
3820,distributary
3821,distributary
3822,distributary
3823,distributary
3824,distributary
3825,distributary
3826,rock
3827,rock
3828,rock
3829,open water
3830,open water
3831,open water
3832,rock
3833,open water
3834,open water
3835,open water
3836,open water
3837,open water
3838,open water
3839,open water
3840,open water
3841,open water
3842,open water
3843,open water
3844,open water
3845,open water
3846,open water
3847,open water
3848,rock
3849,rock
3850,open water
3851,sub-tidal flat
3852,intertidal mud flat
3853,intertidal mud flat
3854,intertidal mud flat
3855,sub-tidal flat
3856,sub-tidal flat
3857,sub-tidal flat
3858,sub-tidal flat
3859,sub-tidal flat
3860,sub-tidal flat
3861,sub-tidal flat
3862,sub-tidal flat
3863,sub-tidal flat
3864,sub-tidal flat
3865,sub-tidal flat
3866,sub-tidal flat
3867,sub-tidal flat
3868,sub-tidal flat
3869,sub-tidal flat
3870,sub-tidal flat
3871,sub-tidal flat
3872,sub-tidal flat
3873,sub-tidal flat
3874,intertidal mud flat
3875,intertidal mud flat
3876,intertidal mud flat
3877,intertidal mud flat
3878,intertidal mud flat
3879,intertidal mud flat
3880,intertidal mud flat
3881,intertidal mud flat
3882,intertidal mud flat
3883,intertidal mud flat
3884,intertidal mud flat
3885,intertidal mud flat
3886,blind channel
3887,blind channel
3888,distributary
3889,distributary
3890,distributary
3891,distributary
3892,distributary
3893,distributary
3894,distributary
3895,distributary
3896,distributary
3897,distributary
3898,distributary
3899,distributary
3900,distributary
3901,rock
3902,rock
3903,rock
3904,rock
3905,rock
3906,rock
3907,open water
3908,open water
3909,open water
3910,rock
3911,open water
3912,open water
3913,open water
3914,open water
3915,open water
3916,open water
3917,open water
3918,open water
3919,open water
3920,open water
3921,open water
3922,open water
3923,rock
3924,rock
3925,open water
3926,intertidal mud flat
3927,intertidal mud flat
3928,intertidal mud flat
3929,intertidal mud flat
3930,intertidal mud flat
3931,sub-tidal flat
3932,sub-tidal flat
3933,sub-tidal flat
3934,intertidal mud flat
3935,sub-tidal flat
3936,sub-tidal flat
3937,sub-tidal flat
3938,sub-tidal flat
3939,sub-tidal flat
3940,sub-tidal flat
3941,sub-tidal flat
3942,sub-tidal flat
3943,sub-tidal flat
3944,sub-tidal flat
3945,sub-tidal flat
3946,sub-tidal flat
3947,sub-tidal flat
3948,sub-tidal flat
3949,sub-tidal flat
3950,intertidal mud flat
3951,intertidal mud flat
3952,intertidal mud flat
3953,intertidal mud flat
3954,intertidal mud flat
3955,intertidal mud flat
3956,intertidal mud flat
3957,intertidal mud flat
3958,intertidal mud flat
3959,intertidal mud flat
3960,intertidal mud flat
3961,blind channel
3962,blind channel
3963,blind channel
3964,distributary
3965,distributary
3966,distributary
3967,distributary
3968,distributary
3969,distributary
3970,distributary
3971,distributary
3972,distributary
3973,rock
3974,rock
3975,rock
3976,rock
3977,rock
3978,rock
3979,rock
3980,open water
3981,open water
3982,open water
3983,rock
3984,open water
3985,open water
3986,open water
3987,open water
3988,open water
3989,open water
3990,open water
3991,open water
3992,open water
3993,open water
3994,rock
3995,rock
3996,open water
3997,open water
3998,intertidal mud flat
3999,intertidal mud flat
4000,intertidal mud flat
4001,intertidal mud flat
4002,intertidal mud flat
4003,intertidal mud flat
4004,intertidal mud flat
4005,sub-tidal flat
4006,intertidal mud flat
4007,intertidal mud flat
4008,sub-tidal flat
4009,sub-tidal flat
4010,sub-tidal flat
4011,sub-tidal flat
4012,sub-tidal flat
4013,sub-tidal flat
4014,sub-tidal flat
4015,sub-tidal flat
4016,sub-tidal flat
4017,sub-tidal flat
4018,sub-tidal flat
4019,sub-tidal flat
4020,sub-tidal flat
4021,sub-tidal flat
4022,sub-tidal flat
4023,blind channel
4024,intertidal mud flat
4025,intertidal mud flat
4026,intertidal mud flat
4027,intertidal mud flat
4028,intertidal mud flat
4029,intertidal mud flat
4030,intertidal mud flat
4031,intertidal mud flat
4032,intertidal mud flat
4033,blind channel
4034,blind channel
4035,blind channel
4036,blind channel
4037,distributary
4038,distributary
4039,distributary
4040,distributary
4041,distributary
4042,distributary
4043,distributary
4044,distributary
4045,rock
4046,rock
4047,rock
4048,rock
4049,rock
4050,rock
4051,rock
4052,rock
4053,rock
4054,open water
4055,open water
4056,open water
4057,open water
4058,rock
4059,open water
4060,open water
4061,open water
4062,open water
4063,open water
4064,open water
4065,open water
4066,rock
4067,rock
4068,rock
4069,open water
4070,open water
4071,open water
4072,intertidal mud flat
4073,intertidal mud flat
4074,intertidal mud flat
4075,intertidal mud flat
4076,intertidal mud flat
4077,intertidal mud flat
4078,intertidal mud flat
4079,intertidal mud flat
4080,intertidal mud flat
4081,intertidal mud flat
4082,intertidal mud flat
4083,intertidal mud flat
4084,intertidal mud flat
4085,intertidal mud flat
4086,sub-tidal flat
4087,sub-tidal flat
4088,sub-tidal flat
4089,sub-tidal flat
4090,sub-tidal flat
4091,sub-tidal flat
4092,sub-tidal flat
4093,sub-tidal flat
4094,sub-tidal flat
4095,intertidal mud flat
4096,sub-tidal flat
4097,sub-tidal flat
4098,sub-tidal flat
4099,sub-tidal flat
4100,sub-tidal flat
4101,blind channel
4102,blind channel
4103,intertidal mud flat
4104,intertidal mud flat
4105,intertidal mud flat
4106,intertidal mud flat
4107,intertidal mud flat
4108,intertidal mud flat
4109,intertidal mud flat
4110,intertidal mud flat
4111,intertidal mud flat
4112,blind channel
4113,blind channel
4114,blind channel
4115,blind channel
4116,blind channel
4117,blind channel
4118,blind channel
4119,distributary
4120,distributary
4121,distributary
4122,distributary
4123,distributary
4124,distributary
4125,distributary
4126,distributary
4127,rock
4128,rock
4129,rock
4130,rock
4131,rock
4132,open water
4133,open water
4134,open water
4135,open water
4136,rock
4137,open water
4138,open water
4139,open water
4140,open water
4141,open water
4142,rock
4143,open water
4144,open water
4145,open water
4146,open water
4147,open water
4148,open water
4149,open water
4150,open water
4151,rock
4152,rock
4153,rock
4154,open water
4155,open water
4156,open water
4157,intertidal mud flat
4158,intertidal mud flat
4159,intertidal mud flat
4160,intertidal mud flat
4161,intertidal mud flat
4162,intertidal mud flat
4163,intertidal mud flat
4164,intertidal mud flat
4165,intertidal mud flat
4166,intertidal mud flat
4167,intertidal mud flat
4168,sub-tidal flat
4169,sub-tidal flat
4170,sub-tidal flat
4171,sub-tidal flat
4172,sub-tidal flat
4173,distributary
4174,distributary
4175,sub-tidal flat
4176,distributary
4177,distributary
4178,intertidal mud flat
4179,distributary
4180,distributary
4181,distributary
4182,distributary
4183,blind channel
4184,blind channel
4185,intertidal mud flat
4186,blind channel
4187,blind channel
4188,intertidal mud flat
4189,intertidal mud flat
4190,intertidal mud flat
4191,intertidal mud flat
4192,intertidal mud flat
4193,intertidal mud flat
4194,blind channel
4195,blind channel
4196,blind channel
4197,blind channel
4198,distributary
4199,distributary
4200,distributary
4201,distributary
4202,distributary
4203,distributary
4204,distributary
4205,distributary
4206,rock
4207,rock
4208,rock
4209,open water
4210,open water
4211,open water
4212,open water
4213,open water
4214,open water
4215,open water
4216,open water
4217,open water
4218,open water
4219,open water
4220,open water
4221,rock
4222,open water
4223,open water
4224,open water
4225,open water
4226,open water
4227,open water
4228,open water
4229,open water
4230,rock
4231,rock
4232,rock
4233,open water
4234,distributary
4235,open water
4236,open water
4237,intertidal mud flat
4238,intertidal mud flat
4239,intertidal mud flat
4240,intertidal mud flat
4241,intertidal mud flat
4242,intertidal mud flat
4243,intertidal mud flat
4244,intertidal mud flat
4245,intertidal mud flat
4246,intertidal mud flat
4247,intertidal mud flat
4248,sub-tidal flat
4249,sub-tidal flat
4250,intertidal mud flat
4251,intertidal mud flat
4252,intertidal mud flat
4253,intertidal mud flat
4254,distributary
4255,distributary
4256,distributary
4257,distributary
4258,distributary
4259,intertidal mud flat
4260,intertidal mud flat
4261,distributary
4262,distributary
4263,distributary
4264,distributary
4265,intertidal mud flat
4266,intertidal mud flat
4267,intertidal mud flat
4268,intertidal mud flat
4269,intertidal mud flat
4270,blind channel
4271,blind channel
4272,blind channel
4273,intertidal mud flat
4274,intertidal mud flat
4275,intertidal mud flat
4276,intertidal mud flat
4277,blind channel
4278,blind channel
4279,distributary
4280,distributary
4281,distributary
4282,distributary
4283,distributary
4284,distributary
4285,distributary
4286,distributary
4287,rock
4288,rock
4289,open water
4290,open water
4291,open water
4292,open water
4293,open water
4294,open water
4295,open water
4296,open water
4297,open water
4298,open water
4299,open water
4300,open water
4301,open water
4302,rock
4303,open water
4304,open water
4305,open water
4306,open water
4307,open water
4308,open water
4309,open water
4310,open water
4311,open water
4312,rock
4313,rock
4314,rock
4315,intertidal mud flat
4316,intertidal mud flat
4317,distributary
4318,distributary
4319,open water
4320,intertidal mud flat
4321,intertidal mud flat
4322,intertidal mud flat
4323,distributary
4324,intertidal mud flat
4325,intertidal mud flat
4326,intertidal mud flat
4327,intertidal mud flat
4328,intertidal mud flat
4329,intertidal mud flat
4330,intertidal mud flat
4331,intertidal mud flat
4332,intertidal mud flat
4333,distributary
4334,distributary
4335,distributary
4336,intertidal mud flat
4337,intertidal mud flat
4338,intertidal mud flat
4339,intertidal mud flat
4340,distributary
4341,distributary
4342,distributary
4343,distributary
4344,intertidal mud flat
4345,intertidal mud flat
4346,intertidal mud flat
4347,intertidal mud flat
4348,distributary
4349,distributary
4350,distributary
4351,distributary
4352,intertidal mud flat
4353,intertidal mud flat
4354,intertidal mud flat
4355,intertidal mud flat
4356,intertidal mud flat
4357,intertidal mud flat
4358,blind channel
4359,blind channel
4360,blind channel
4361,blind channel
4362,intertidal mud flat
4363,intertidal mud flat
4364,intertidal mud flat
4365,blind channel
4366,blind channel
4367,distributary
4368,distributary
4369,distributary
4370,distributary
4371,distributary
4372,distributary
4373,distributary
4374,distributary
4375,rock
4376,rock
4377,open water
4378,open water
4379,open water
4380,open water
4381,open water
4382,open water
4383,open water
4384,open water
4385,open water
4386,open water
4387,open water
4388,open water
4389,open water
4390,open water
4391,rock
4392,open water
4393,open water
4394,open water
4395,open water
4396,open water
4397,open water
4398,open water
4399,open water
4400,open water
4401,open water
4402,rock
4403,rock
4404,rock
4405,intertidal mud flat
4406,intertidal mud flat
4407,distributary
4408,distributary
4409,intertidal mud flat
4410,intertidal mud flat
4411,intertidal mud flat
4412,intertidal mud flat
4413,distributary
4414,distributary
4415,intertidal mud flat
4416,intertidal mud flat
4417,intertidal mud flat
4418,intertidal mud flat
4419,intertidal mud flat
4420,intertidal mud flat
4421,intertidal mud flat
4422,intertidal mud flat
4423,intertidal mud flat
4424,intertidal mud flat
4425,distributary
4426,distributary
4427,distributary
4428,distributary
4429,intertidal mud flat
4430,intertidal mud flat
4431,intertidal mud flat
4432,intertidal mud flat
4433,distributary
4434,distributary
4435,distributary
4436,distributary
4437,distributary
4438,intertidal mud flat
4439,intertidal mud flat
4440,intertidal mud flat
4441,intertidal mud flat
4442,distributary
4443,distributary
4444,distributary
4445,distributary
4446,distributary
4447,intertidal mud flat
4448,blind channel
4449,intertidal mud flat
4450,blind channel
4451,intertidal mud flat
4452,intertidal mud flat
4453,intertidal mud flat
4454,intertidal mud flat
4455,blind channel
4456,blind channel
4457,intertidal mud flat
4458,blind channel
4459,blind channel
4460,blind channel
4461,distributary
4462,distributary
4463,distributary
4464,distributary
4465,distributary
4466,distributary
4467,distributary
4468,distributary
4469,rock
4470,rock
4471,open water
4472,open water
4473,open water
4474,open water
4475,open water
4476,open water
4477,open water
4478,open water
4479,open water
4480,open water
4481,open water
4482,open water
4483,open water
4484,open water
4485,open water
4486,rock
4487,open water
4488,open water
4489,open water
4490,open water
4491,open water
4492,open water
4493,open water
4494,open water
4495,open water
4496,open water
4497,open water
4498,rock
4499,rock
4500,rock
4501,intertidal mud flat
4502,intertidal mud flat
4503,distributary
4504,distributary
4505,distributary
4506,intertidal mud flat
4507,distributary
4508,distributary
4509,distributary
4510,distributary
4511,distributary
4512,distributary
4513,intertidal mud flat
4514,distributary
4515,intertidal mud flat
4516,intertidal mud flat
4517,intertidal mud flat
4518,intertidal mud flat
4519,intertidal mud flat
4520,intertidal mud flat
4521,intertidal mud flat
4522,distributary
4523,distributary
4524,distributary
4525,intertidal mud flat
4526,intertidal mud flat
4527,intertidal mud flat
4528,intertidal mud flat
4529,intertidal mud flat
4530,intertidal mud flat
4531,distributary
4532,distributary
4533,distributary
4534,distributary
4535,intertidal mud flat
4536,intertidal mud flat
4537,intertidal mud flat
4538,intertidal mud flat
4539,intertidal mud flat
4540,distributary
4541,distributary
4542,distributary
4543,distributary
4544,distributary
4545,blind channel
4546,blind channel
4547,blind channel
4548,blind channel
4549,blind channel
4550,intertidal mud flat
4551,intertidal mud flat
4552,intertidal mud flat
4553,blind channel
4554,blind channel
4555,open water
4556,blind channel
4557,blind channel
4558,blind channel
4559,blind channel
4560,blind channel
4561,distributary
4562,distributary
4563,distributary
4564,distributary
4565,rock
4566,rock
4567,open water
4568,open water
4569,open water
4570,open water
4571,open water
4572,open water
4573,open water
4574,open water
4575,open water
4576,open water
4577,open water
4578,open water
4579,open water
4580,open water
4581,open water
4582,open water
4583,rock
4584,open water
4585,open water
4586,open water
4587,open water
4588,open water
4589,open water
4590,open water
4591,open water
4592,open water
4593,open water
4594,open water
4595,open water
4596,intertidal mud flat
4597,intertidal mud flat
4598,intertidal mud flat
4599,distributary
4600,distributary
4601,distributary
4602,distributary
4603,distributary
4604,distributary
4605,distributary
4606,distributary
4607,distributary
4608,distributary
4609,distributary
4610,distributary
4611,distributary
4612,intertidal mud flat
4613,intertidal mud flat
4614,intertidal mud flat
4615,intertidal mud flat
4616,intertidal mud flat
4617,intertidal mud flat
4618,intertidal mud flat
4619,distributary
4620,distributary
4621,distributary
4622,distributary
4623,intertidal mud flat
4624,intertidal mud flat
4625,intertidal mud flat
4626,intertidal mud flat
4627,intertidal mud flat
4628,intertidal mud flat
4629,distributary
4630,distributary
4631,distributary
4632,distributary
4633,distributary
4634,intertidal mud flat
4635,intertidal mud flat
4636,intertidal mud flat
4637,intertidal mud flat
4638,intertidal mud flat
4639,distributary
4640,distributary
4641,distributary
4642,distributary
4643,blind channel
4644,blind channel
4645,blind channel
4646,blind channel
4647,blind channel
4648,blind channel
4649,blind channel
4650,blind channel
4651,blind channel
4652,blind channel
4653,blind channel
4654,blind channel
4655,blind channel
4656,blind channel
4657,blind channel
4658,blind channel
4659,blind channel
4660,distributary
4661,distributary
4662,rock
4663,rock
4664,open water
4665,open water
4666,open water
4667,open water
4668,open water
4669,open water
4670,open water
4671,open water
4672,open water
4673,open water
4674,open water
4675,open water
4676,open water
4677,open water
4678,open water
4679,open water
4680,open water
4681,rock
4682,open water
4683,open water
4684,open water
4685,open water
4686,open water
4687,open water
4688,open water
4689,open water
4690,open water
4691,open water
4692,open water
4693,open water
4694,intertidal mud flat
4695,intertidal mud flat
4696,intertidal mud flat
4697,distributary
4698,distributary
4699,distributary
4700,distributary
4701,distributary
4702,distributary
4703,distributary
4704,distributary
4705,distributary
4706,blind channel
4707,distributary
4708,distributary
4709,distributary
4710,distributary
4711,distributary
4712,distributary
4713,intertidal mud flat
4714,intertidal mud flat
4715,intertidal mud flat
4716,intertidal mud flat
4717,intertidal mud flat
4718,intertidal mud flat
4719,intertidal mud flat
4720,distributary
4721,distributary
4722,distributary
4723,intertidal mud flat
4724,intertidal mud flat
4725,intertidal mud flat
4726,intertidal mud flat
4727,intertidal mud flat
4728,intertidal mud flat
4729,intertidal mud flat
4730,intertidal mud flat
4731,distributary
4732,distributary
4733,blind channel
4734,intertidal mud flat
4735,intertidal mud flat
4736,distributary
4737,distributary
4738,intertidal mud flat
4739,intertidal mud flat
4740,intertidal mud flat
4741,intertidal mud flat
4742,intertidal mud flat
4743,blind channel
4744,distributary
4745,distributary
4746,distributary
4747,blind channel
4748,blind channel
4749,blind channel
4750,blind channel
4751,blind channel
4752,blind channel
4753,blind channel
4754,blind channel
4755,blind channel
4756,blind channel
4757,blind channel
4758,blind channel
4759,blind channel
4760,blind channel
4761,blind channel
4762,blind channel
4763,blind channel
4764,blind channel
4765,distributary
4766,distributary
4767,distributary
4768,rock
4769,rock
4770,open water
4771,open water
4772,open water
4773,open water
4774,open water
4775,open water
4776,open water
4777,open water
4778,open water
4779,open water
4780,open water
4781,open water
4782,open water
4783,open water
4784,open water
4785,open water
4786,open water
4787,open water
4788,open water
4789,open water
4790,rock
4791,open water
4792,open water
4793,open water
4794,open water
4795,open water
4796,open water
4797,open water
4798,open water
4799,open water
4800,open water
4801,open water
4802,open water
4803,intertidal mud flat
4804,distributary
4805,intertidal mud flat
4806,intertidal mud flat
4807,distributary
4808,distributary
4809,intertidal mud flat
4810,intertidal mud flat
4811,intertidal mud flat
4812,distributary
4813,intertidal mud flat
4814,blind channel
4815,blind channel
4816,blind channel
4817,distributary
4818,distributary
4819,distributary
4820,distributary
4821,distributary
4822,distributary
4823,distributary
4824,distributary
4825,intertidal mud flat
4826,intertidal mud flat
4827,intertidal mud flat
4828,intertidal mud flat
4829,distributary
4830,distributary
4831,distributary
4832,distributary
4833,distributary
4834,intertidal mud flat
4835,intertidal mud flat
4836,intertidal mud flat
4837,intertidal mud flat
4838,blind channel
4839,distributary
4840,distributary
4841,distributary
4842,distributary
4843,blind channel
4844,intertidal mud flat
4845,intertidal mud flat
4846,intertidal mud flat
4847,intertidal mud flat
4848,blind channel
4849,blind channel
4850,intertidal mud flat
4851,intertidal mud flat
4852,blind channel
4853,blind channel
4854,blind channel
4855,blind channel
4856,distributary
4857,distributary
4858,distributary
4859,blind channel
4860,blind channel
4861,blind channel
4862,blind channel
4863,blind channel
4864,blind channel
4865,blind channel
4866,blind channel
4867,blind channel
4868,blind channel
4869,blind channel
4870,blind channel
4871,blind channel
4872,blind channel
4873,blind channel
4874,blind channel
4875,blind channel
4876,blind channel
4877,distributary
4878,distributary
4879,rock
4880,rock
4881,open water
4882,open water
4883,open water
4884,open water
4885,open water
4886,open water
4887,open water
4888,open water
4889,open water
4890,open water
4891,open water
4892,open water
4893,open water
4894,open water
4895,open water
4896,open water
4897,open water
4898,open water
4899,open water
4900,open water
4901,open water
4902,open water
4903,open water
4904,open water
4905,rock
4906,open water
4907,open water
4908,open water
4909,open water
4910,open water
4911,open water
4912,open water
4913,open water
4914,open water
4915,open water
4916,open water
4917,open water
4918,intertidal mud flat
4919,intertidal mud flat
4920,intertidal mud flat
4921,intertidal mud flat
4922,intertidal mud flat
4923,distributary
4924,distributary
4925,intertidal mud flat
4926,intertidal mud flat
4927,intertidal mud flat
4928,intertidal mud flat
4929,blind channel
4930,blind channel
4931,blind channel
4932,blind channel
4933,blind channel
4934,blind channel
4935,distributary
4936,distributary
4937,distributary
4938,distributary
4939,distributary
4940,distributary
4941,blind channel
4942,blind channel
4943,intertidal mud flat
4944,distributary
4945,blind channel
4946,distributary
4947,distributary
4948,distributary
4949,blind channel
4950,blind channel
4951,blind channel
4952,blind channel
4953,blind channel
4954,blind channel
4955,blind channel
4956,distributary
4957,distributary
4958,distributary
4959,distributary
4960,blind channel
4961,intertidal mud flat
4962,blind channel
4963,blind channel
4964,blind channel
4965,blind channel
4966,blind channel
4967,intertidal mud flat
4968,blind channel
4969,blind channel
4970,blind channel
4971,blind channel
4972,blind channel
4973,distributary
4974,distributary
4975,blind channel
4976,blind channel
4977,blind channel
4978,blind channel
4979,blind channel
4980,blind channel
4981,blind channel
4982,blind channel
4983,blind channel
4984,blind channel
4985,blind channel
4986,blind channel
4987,blind channel
4988,blind channel
4989,distributary
4990,distributary
4991,rock
4992,rock
4993,open water
4994,open water
4995,open water
4996,open water
4997,open water
4998,open water
4999,open water
5000,open water
5001,open water
5002,open water
5003,open water
5004,open water
5005,open water
5006,open water
5007,open water
5008,open water
5009,open water
5010,open water
5011,open water
5012,open water
5013,open water
5014,open water
5015,open water
5016,open water
5017,open water
5018,open water
5019,open water
5020,open water
5021,rock
5022,open water
5023,open water
5024,open water
5025,open water
5026,open water
5027,open water
5028,open water
5029,open water
5030,open water
5031,open water
5032,open water
5033,open water
5034,open water
5035,intertidal mud flat
5036,intertidal mud flat
5037,intertidal mud flat
5038,intertidal mud flat
5039,intertidal mud flat
5040,distributary
5041,distributary
5042,intertidal mud flat
5043,intertidal mud flat
5044,intertidal mud flat
5045,intertidal mud flat
5046,intertidal mud flat
5047,blind channel
5048,blind channel
5049,blind channel
5050,blind channel
5051,blind channel
5052,blind channel
5053,blind channel
5054,blind channel
5055,blind channel
5056,distributary
5057,distributary
5058,distributary
5059,distributary
5060,blind channel
5061,blind channel
5062,blind channel
5063,distributary
5064,blind channel
5065,blind channel
5066,distributary
5067,distributary
5068,blind channel
5069,blind channel
5070,blind channel
5071,blind channel
5072,blind channel
5073,blind channel
5074,distributary
5075,blind channel
5076,blind channel
5077,distributary
5078,distributary
5079,distributary
5080,blind channel
5081,blind channel
5082,blind channel
5083,blind channel
5084,blind channel
5085,blind channel
5086,blind channel
5087,blind channel
5088,blind channel
5089,distributary
5090,distributary
5091,distributary
5092,distributary
5093,blind channel
5094,blind channel
5095,blind channel
5096,blind channel
5097,blind channel
5098,blind channel
5099,blind channel
5100,blind channel
5101,blind channel
5102,distributary
5103,distributary
5104,rock
5105,rock
5106,open water
5107,open water
5108,open water
5109,open water
5110,rock
5111,rock
5112,rock
5113,rock
5114,rock
5115,open water
5116,open water
5117,open water
5118,open water
5119,open water
5120,open water
5121,open water
5122,open water
5123,open water
5124,open water
5125,open water
5126,open water
5127,open water
5128,open water
5129,open water
5130,open water
5131,open water
5132,open water
5133,open water
5134,open water
5135,open water
5136,open water
5137,open water
5138,open water
5139,rock
5140,open water
5141,open water
5142,open water
5143,open water
5144,open water
5145,open water
5146,open water
5147,open water
5148,open water
5149,open water
5150,open water
5151,open water
5152,open water
5153,intertidal mud flat
5154,intertidal mud flat
5155,intertidal mud flat
5156,intertidal mud flat
5157,intertidal mud flat
5158,intertidal mud flat
5159,distributary
5160,distributary
5161,intertidal mud flat
5162,intertidal mud flat
5163,intertidal mud flat
5164,intertidal mud flat
5165,intertidal mud flat
5166,blind channel
5167,blind channel
5168,blind channel
5169,blind channel
5170,blind channel
5171,blind channel
5172,blind channel
5173,distributary
5174,blind channel
5175,blind channel
5176,distributary
5177,blind channel
5178,blind channel
5179,blind channel
5180,blind channel
5181,blind channel
5182,blind channel
5183,blind channel
5184,distributary
5185,distributary
5186,blind channel
5187,blind channel
5188,blind channel
5189,blind channel
5190,blind channel
5191,blind channel
5192,blind channel
5193,blind channel
5194,distributary
5195,blind channel
5196,blind channel
5197,distributary
5198,distributary
5199,blind channel
5200,blind channel
5201,blind channel
5202,blind channel
5203,blind channel
5204,blind channel
5205,blind channel
5206,blind channel
5207,distributary
5208,distributary
5209,distributary
5210,distributary
5211,blind channel
5212,blind channel
5213,blind channel
5214,blind channel
5215,blind channel
5216,blind channel
5217,distributary
5218,distributary
5219,distributary
5220,rock
5221,rock
5222,rock
5223,rock
5224,rock
5225,rock
5226,rock
5227,rock
5228,rock
5229,rock
5230,rock
5231,rock
5232,rock
5233,rock
5234,open water
5235,open water
5236,open water
5237,open water
5238,open water
5239,rock
5240,rock
5241,rock
5242,rock
5243,rock
5244,rock
5245,open water
5246,open water
5247,open water
5248,open water
5249,open water
5250,open water
5251,open water
5252,open water
5253,open water
5254,open water
5255,open water
5256,open water
5257,open water
5258,open water
5259,open water
5260,rock
5261,open water
5262,open water
5263,open water
5264,open water
5265,open water
5266,open water
5267,open water
5268,open water
5269,open water
5270,open water
5271,open water
5272,open water
5273,open water
5274,open water
5275,intertidal mud flat
5276,intertidal mud flat
5277,distributary
5278,intertidal mud flat
5279,intertidal mud flat
5280,intertidal mud flat
5281,intertidal mud flat
5282,distributary
5283,intertidal mud flat
5284,intertidal mud flat
5285,intertidal mud flat
5286,intertidal mud flat
5287,intertidal mud flat
5288,intertidal mud flat
5289,intertidal mud flat
5290,blind channel
5291,blind channel
5292,blind channel
5293,blind channel
5294,blind channel
5295,blind channel
5296,distributary
5297,distributary
5298,distributary
5299,blind channel
5300,blind channel
5301,blind channel
5302,blind channel
5303,blind channel
5304,blind channel
5305,blind channel
5306,distributary
5307,distributary
5308,distributary
5309,blind channel
5310,blind channel
5311,blind channel
5312,distributary
5313,blind channel
5314,blind channel
5315,blind channel
5316,distributary
5317,blind channel
5318,blind channel
5319,blind channel
5320,blind channel
5321,blind channel
5322,blind channel
5323,blind channel
5324,blind channel
5325,blind channel
5326,distributary
5327,distributary
5328,blind channel
5329,blind channel
5330,blind channel
5331,blind channel
5332,distributary
5333,distributary
5334,rock
5335,rock
5336,rock
5337,rock
5338,rock
5339,rock
5340,rock
5341,rock
5342,rock
5343,rock
5344,rock
5345,rock
5346,rock
5347,rock
5348,rock
5349,rock
5350,rock
5351,rock
5352,rock
5353,rock
5354,rock
5355,rock
5356,rock
5357,rock
5358,rock
5359,rock
5360,rock
5361,rock
5362,rock
5363,rock
5364,rock
5365,open water
5366,open water
5367,open water
5368,open water
5369,open water
5370,open water
5371,open water
5372,open water
5373,open water
5374,open water
5375,open water
5376,open water
5377,open water
5378,open water
5379,open water
5380,rock
5381,open water
5382,open water
5383,open water
5384,open water
5385,open water
5386,open water
5387,open water
5388,open water
5389,open water
5390,open water
5391,open water
5392,open water
5393,open water
5394,intertidal mud flat
5395,distributary
5396,intertidal mud flat
5397,intertidal mud flat
5398,intertidal mud flat
5399,intertidal mud flat
5400,intertidal mud flat
5401,distributary
5402,intertidal mud flat
5403,intertidal mud flat
5404,intertidal mud flat
5405,intertidal mud flat
5406,intertidal mud flat
5407,intertidal mud flat
5408,intertidal mud flat
5409,intertidal mud flat
5410,intertidal mud flat
5411,intertidal mud flat
5412,distributary
5413,blind channel
5414,distributary
5415,distributary
5416,blind channel
5417,blind channel
5418,distributary
5419,distributary
5420,blind channel
5421,distributary
5422,blind channel
5423,distributary
5424,blind channel
5425,blind channel
5426,blind channel
5427,blind channel
5428,blind channel
5429,blind channel
5430,blind channel
5431,blind channel
5432,blind channel
5433,blind channel
5434,blind channel
5435,blind channel
5436,blind channel
5437,distributary
5438,distributary
5439,blind channel
5440,blind channel
5441,blind channel
5442,blind channel
5443,blind channel
5444,distributary
5445,distributary
5446,rock
5447,rock
5448,rock
5449,rock
5450,rock
5451,rock
5452,rock
5453,rock
5454,rock
5455,rock
5456,rock
5457,rock
5458,rock
5459,rock
5460,rock
5461,rock
5462,rock
5463,rock
5464,rock
5465,rock
5466,rock
5467,rock
5468,rock
5469,rock
5470,open water
5471,open water
5472,open water
5473,open water
5474,open water
5475,open water
5476,open water
5477,open water
5478,open water
5479,open water
5480,open water
5481,open water
5482,open water
5483,open water
5484,open water
5485,open water
5486,open water
5487,open water
5488,open water
5489,open water
5490,open water
5491,open water
5492,open water
5493,open water
5494,open water
5495,open water
5496,open water
5497,open water
5498,open water
5499,intertidal mud flat
5500,intertidal mud flat
5501,intertidal mud flat
5502,intertidal mud flat
5503,intertidal mud flat
5504,intertidal mud flat
5505,distributary
5506,distributary
5507,intertidal mud flat
5508,intertidal mud flat
5509,intertidal mud flat
5510,intertidal mud flat
5511,intertidal mud flat
5512,intertidal mud flat
5513,intertidal mud flat
5514,intertidal mud flat
5515,distributary
5516,blind channel
5517,distributary
5518,blind channel
5519,blind channel
5520,distributary
5521,distributary
5522,blind channel
5523,distributary
5524,blind channel
5525,blind channel
5526,distributary
5527,distributary
5528,blind channel
5529,blind channel
5530,blind channel
5531,blind channel
5532,blind channel
5533,blind channel
5534,blind channel
5535,distributary
5536,distributary
5537,blind channel
5538,blind channel
5539,blind channel
5540,blind channel
5541,distributary
5542,distributary
5543,rock
5544,rock
5545,rock
5546,rock
5547,rock
5548,rock
5549,rock
5550,rock
5551,rock
5552,rock
5553,rock
5554,rock
5555,open water
5556,open water
5557,open water
5558,open water
5559,open water
5560,open water
5561,open water
5562,open water
5563,open water
5564,open water
5565,open water
5566,open water
5567,open water
5568,open water
5569,open water
5570,open water
5571,open water
5572,open water
5573,open water
5574,open water
5575,open water
5576,open water
5577,open water
5578,open water
5579,open water
5580,open water
5581,open water
5582,open water
5583,open water
5584,open water
5585,open water
5586,open water
5587,intertidal mud flat
5588,intertidal mud flat
5589,intertidal mud flat
5590,intertidal mud flat
5591,intertidal mud flat
5592,intertidal mud flat
5593,intertidal mud flat
5594,distributary
5595,distributary
5596,intertidal mud flat
5597,intertidal mud flat
5598,intertidal mud flat
5599,intertidal mud flat
5600,intertidal mud flat
5601,intertidal mud flat
5602,intertidal mud flat
5603,intertidal mud flat
5604,distributary
5605,distributary
5606,blind channel
5607,blind channel
5608,blind channel
5609,distributary
5610,distributary
5611,distributary
5612,distributary
5613,distributary
5614,blind channel
5615,blind channel
5616,blind channel
5617,blind channel
5618,blind channel
5619,blind channel
5620,blind channel
5621,distributary
5622,distributary
5623,distributary
5624,distributary
5625,rock
5626,rock
5627,rock
5628,rock
5629,rock
5630,rock
5631,open water
5632,open water
5633,open water
5634,open water
5635,open water
5636,open water
5637,open water
5638,open water
5639,open water
5640,open water
5641,open water
5642,open water
5643,open water
5644,open water
5645,open water
5646,open water
5647,open water
5648,open water
5649,open water
5650,open water
5651,open water
5652,open water
5653,open water
5654,open water
5655,open water
5656,open water
5657,open water
5658,open water
5659,open water
5660,open water
5661,open water
5662,open water
5663,open water
5664,open water
5665,open water
5666,open water
5667,intertidal mud flat
5668,intertidal mud flat
5669,intertidal mud flat
5670,intertidal mud flat
5671,intertidal mud flat
5672,intertidal mud flat
5673,distributary
5674,distributary
5675,intertidal mud flat
5676,intertidal mud flat
5677,intertidal mud flat
5678,intertidal mud flat
5679,intertidal mud flat
5680,intertidal mud flat
5681,intertidal mud flat
5682,distributary
5683,distributary
5684,blind channel
5685,blind channel
5686,blind channel
5687,distributary
5688,distributary
5689,distributary
5690,distributary
5691,distributary
5692,blind channel
5693,blind channel
5694,blind channel
5695,blind channel
5696,blind channel
5697,blind channel
5698,distributary
5699,distributary
5700,distributary
5701,distributary
5702,exit
5703,rock
5704,rock
5705,rock
5706,open water
5707,open water
5708,open water
5709,open water
5710,open water
5711,open water
5712,open water
5713,open water
5714,open water
5715,open water
5716,open water
5717,open water
5718,open water
5719,open water
5720,open water
5721,open water
5722,open water
5723,open water
5724,open water
5725,open water
5726,open water
5727,open water
5728,open water
5729,open water
5730,open water
5731,open water
5732,open water
5733,open water
5734,open water
5735,open water
5736,open water
5737,open water
5738,open water
5739,open water
5740,open water
5741,open water
5742,open water
5743,open water
5744,intertidal mud flat
5745,intertidal mud flat
5746,intertidal mud flat
5747,intertidal mud flat
5748,intertidal mud flat
5749,intertidal mud flat
5750,distributary
5751,distributary
5752,intertidal mud flat
5753,intertidal mud flat
5754,intertidal mud flat
5755,intertidal mud flat
5756,intertidal mud flat
5757,distributary
5758,distributary
5759,blind channel
5760,blind channel
5761,distributary
5762,distributary
5763,distributary
5764,distributary
5765,distributary
5766,open water
5767,blind channel
5768,blind channel
5769,blind channel
5770,blind channel
5771,blind channel
5772,distributary
5773,distributary
5774,distributary
5775,distributary
5776,exit
5777,exit
5778,exit
5779,exit
5780,rock
5781,rock
5782,rock
5783,open water
5784,open water
5785,open water
5786,open water
5787,open water
5788,open water
5789,open water
5790,open water
5791,open water
5792,open water
5793,open water
5794,open water
5795,open water
5796,open water
5797,open water
5798,open water
5799,open water
5800,open water
5801,open water
5802,open water
5803,open water
5804,open water
5805,open water
5806,open water
5807,open water
5808,open water
5809,open water
5810,open water
5811,open water
5812,open water
5813,open water
5814,open water
5815,open water
5816,open water
5817,open water
5818,open water
5819,open water
5820,open water
5821,open water
5822,open water
5823,open water
5824,open water
5825,open water
5826,open water
5827,open water
5828,open water
5829,open water
5830,intertidal mud flat
5831,intertidal mud flat
5832,intertidal mud flat
5833,intertidal mud flat
5834,intertidal mud flat
5835,intertidal mud flat
5836,distributary
5837,distributary
5838,distributary
5839,intertidal mud flat
5840,intertidal mud flat
5841,intertidal mud flat
5842,intertidal mud flat
5843,distributary
5844,distributary
5845,blind channel
5846,distributary
5847,distributary
5848,distributary
5849,distributary
5850,distributary
5851,open water
5852,blind channel
5853,blind channel
5854,blind channel
5855,blind channel
5856,blind channel
5857,distributary
5858,distributary
5859,distributary
5860,distributary
5861,exit
5862,exit
5863,exit
5864,exit
5865,exit
5866,exit
5867,exit
5868,exit
5869,exit
5870,exit
5871,rock
5872,rock
5873,rock
5874,open water
5875,open water
5876,open water
5877,open water
5878,open water
5879,open water
5880,open water
5881,open water
5882,open water
5883,open water
5884,open water
5885,open water
5886,open water
5887,open water
5888,open water
5889,open water
5890,open water
5891,open water
5892,open water
5893,open water
5894,open water
5895,open water
5896,open water
5897,open water
5898,open water
5899,open water
5900,open water
5901,open water
5902,open water
5903,open water
5904,open water
5905,open water
5906,open water
5907,open water
5908,open water
5909,open water
5910,open water
5911,open water
5912,open water
5913,open water
5914,open water
5915,open water
5916,open water
5917,open water
5918,open water
5919,open water
5920,open water
5921,open water
5922,open water
5923,open water
5924,open water
5925,intertidal mud flat
5926,intertidal mud flat
5927,intertidal mud flat
5928,intertidal mud flat
5929,intertidal mud flat
5930,intertidal mud flat
5931,distributary
5932,distributary
5933,distributary
5934,intertidal mud flat
5935,intertidal mud flat
5936,distributary
5937,distributary
5938,distributary
5939,distributary
5940,distributary
5941,distributary
5942,blind channel
5943,blind channel
5944,blind channel
5945,blind channel
5946,blind channel
5947,blind channel
5948,distributary
5949,distributary
5950,distributary
5951,distributary
5952,exit
5953,exit
5954,exit
5955,open water
5956,open water
5957,open water
5958,open water
5959,open water
5960,open water
5961,open water
5962,rock
5963,rock
5964,rock
5965,rock
5966,rock
5967,open water
5968,open water
5969,open water
5970,open water
5971,open water
5972,open water
5973,open water
5974,open water
5975,open water
5976,open water
5977,open water
5978,open water
5979,open water
5980,open water
5981,open water
5982,open water
5983,open water
5984,open water
5985,open water
5986,open water
5987,open water
5988,open water
5989,open water
5990,open water
5991,open water
5992,open water
5993,open water
5994,open water
5995,open water
5996,open water
5997,open water
5998,open water
5999,open water
6000,open water
6001,open water
6002,open water
6003,open water
6004,open water
6005,open water
6006,open water
6007,intertidal mud flat
6008,intertidal mud flat
6009,intertidal mud flat
6010,intertidal mud flat
6011,intertidal mud flat
6012,distributary
6013,distributary
6014,distributary
6015,intertidal mud flat
6016,distributary
6017,distributary
6018,distributary
6019,distributary
6020,blind channel
6021,blind channel
6022,blind channel
6023,blind channel
6024,blind channel
6025,blind channel
6026,distributary
6027,distributary
6028,distributary
6029,distributary
6030,exit
6031,exit
6032,exit
6033,open water
6034,open water
6035,open water
6036,open water
6037,open water
6038,open water
6039,open water
6040,rock
6041,rock
6042,rock
6043,rock
6044,rock
6045,open water
6046,open water
6047,open water
6048,open water
6049,open water
6050,open water
6051,open water
6052,open water
6053,open water
6054,open water
6055,open water
6056,open water
6057,open water
6058,open water
6059,open water
6060,open water
6061,open water
6062,open water
6063,open water
6064,open water
6065,open water
6066,open water
6067,open water
6068,open water
6069,open water
6070,open water
6071,open water
6072,open water
6073,open water
6074,open water
6075,open water
6076,open water
6077,open water
6078,open water
6079,open water
6080,open water
6081,open water
6082,open water
6083,open water
6084,intertidal mud flat
6085,intertidal mud flat
6086,intertidal mud flat
6087,intertidal mud flat
6088,distributary
6089,distributary
6090,distributary
6091,distributary
6092,distributary
6093,distributary
6094,distributary
6095,distributary
6096,blind channel
6097,blind channel
6098,blind channel
6099,blind channel
6100,blind channel
6101,blind channel
6102,distributary
6103,distributary
6104,distributary
6105,distributary
6106,exit
6107,exit
6108,open water
6109,open water
6110,open water
6111,open water
6112,open water
6113,open water
6114,open water
6115,open water
6116,open water
6117,open water
6118,rock
6119,rock
6120,rock
6121,rock
6122,rock
6123,open water
6124,open water
6125,open water
6126,open water
6127,open water
6128,open water
6129,open water
6130,open water
6131,open water
6132,open water
6133,open water
6134,open water
6135,open water
6136,open water
6137,open water
6138,open water
6139,open water
6140,open water
6141,open water
6142,open water
6143,open water
6144,open water
6145,open water
6146,open water
6147,open water
6148,open water
6149,open water
6150,open water
6151,open water
6152,open water
6153,intertidal mud flat
6154,distributary
6155,distributary
6156,distributary
6157,distributary
6158,distributary
6159,distributary
6160,distributary
6161,blind channel
6162,blind channel
6163,blind channel
6164,blind channel
6165,blind channel
6166,distributary
6167,distributary
6168,distributary
6169,distributary
6170,exit
6171,exit
6172,open water
6173,open water
6174,open water
6175,open water
6176,open water
6177,open water
6178,open water
6179,open water
6180,open water
6181,open water
6182,open water
6183,open water
6184,rock
6185,rock
6186,rock
6187,rock
6188,rock
6189,open water
6190,open water
6191,open water
6192,open water
6193,open water
6194,open water
6195,open water
6196,open water
6197,open water
6198,open water
6199,open water
6200,open water
6201,open water
6202,open water
6203,open water
6204,open water
6205,open water
6206,open water
6207,open water
6208,open water
6209,open water
6210,open water
6211,open water
6212,open water
6213,open water
6214,open water
6215,open water
6216,open water
6217,open water
6218,open water
6219,intertidal mud flat
6220,distributary
6221,distributary
6222,distributary
6223,distributary
6224,distributary
6225,distributary
6226,distributary
6227,distributary
6228,distributary
6229,blind channel
6230,blind channel
6231,blind channel
6232,blind channel
6233,distributary
6234,distributary
6235,distributary
6236,distributary
6237,exit
6238,exit
6239,open water
6240,open water
6241,open water
6242,open water
6243,open water
6244,open water
6245,open water
6246,open water
6247,open water
6248,open water
6249,open water
6250,open water
6251,rock
6252,rock
6253,rock
6254,rock
6255,rock
6256,open water
6257,open water
6258,open water
6259,open water
6260,open water
6261,open water
6262,open water
6263,open water
6264,open water
6265,open water
6266,open water
6267,open water
6268,open water
6269,open water
6270,open water
6271,open water
6272,open water
6273,open water
6274,open water
6275,open water
6276,open water
6277,open water
6278,open water
6279,open water
6280,open water
6281,open water
6282,open water
6283,open water
6284,open water
6285,distributary
6286,distributary
6287,distributary
6288,distributary
6289,distributary
6290,distributary
6291,distributary
6292,distributary
6293,distributary
6294,blind channel
6295,blind channel
6296,blind channel
6297,blind channel
6298,blind channel
6299,distributary
6300,distributary
6301,distributary
6302,distributary
6303,exit
6304,exit
6305,open water
6306,open water
6307,open water
6308,open water
6309,open water
6310,open water
6311,open water
6312,open water
6313,open water
6314,open water
6315,open water
6316,open water
6317,open water
6318,open water
6319,open water
6320,rock
6321,rock
6322,rock
6323,rock
6324,rock
6325,open water
6326,open water
6327,open water
6328,open water
6329,open water
6330,open water
6331,open water
6332,open water
6333,open water
6334,open water
6335,open water
6336,open water
6337,open water
6338,open water
6339,open water
6340,open water
6341,open water
6342,open water
6343,open water
6344,open water
6345,open water
6346,open water
6347,open water
6348,open water
6349,open water
6350,open water
6351,open water
6352,open water
6353,open water
6354,open water
6355,open water
6356,open water
6357,distributary
6358,distributary
6359,distributary
6360,distributary
6361,distributary
6362,distributary
6363,distributary
6364,distributary
6365,blind channel
6366,blind channel
6367,blind channel
6368,blind channel
6369,distributary
6370,distributary
6371,distributary
6372,distributary
6373,distributary
6374,exit
6375,exit
6376,open water
6377,open water
6378,open water
6379,open water
6380,open water
6381,open water
6382,open water
6383,open water
6384,open water
6385,open water
6386,open water
6387,open water
6388,open water
6389,open water
6390,open water
6391,open water
6392,rock
6393,rock
6394,rock
6395,open water
6396,rock
6397,open water
6398,open water
6399,open water
6400,open water
6401,open water
6402,open water
6403,open water
6404,open water
6405,open water
6406,open water
6407,open water
6408,open water
6409,open water
6410,open water
6411,open water
6412,open water
6413,open water
6414,open water
6415,open water
6416,open water
6417,open water
6418,open water
6419,open water
6420,open water
6421,open water
6422,open water
6423,open water
6424,open water
6425,open water
6426,open water
6427,open water
6428,open water
6429,open water
6430,open water
6431,distributary
6432,distributary
6433,distributary
6434,distributary
6435,distributary
6436,distributary
6437,blind channel
6438,blind channel
6439,blind channel
6440,blind channel
6441,distributary
6442,distributary
6443,distributary
6444,distributary
6445,exit
6446,exit
6447,open water
6448,open water
6449,open water
6450,open water
6451,open water
6452,open water
6453,open water
6454,open water
6455,open water
6456,open water
6457,open water
6458,open water
6459,open water
6460,open water
6461,open water
6462,open water
6463,open water
6464,open water
6465,open water
6466,open water
6467,open water
6468,open water
6469,rock
6470,rock
6471,rock
6472,open water
6473,open water
6474,rock
6475,open water
6476,open water
6477,open water
6478,open water
6479,open water
6480,open water
6481,open water
6482,open water
6483,open water
6484,open water
6485,open water
6486,open water
6487,open water
6488,open water
6489,open water
6490,open water
6491,open water
6492,open water
6493,open water
6494,open water
6495,open water
6496,open water
6497,open water
6498,open water
6499,open water
6500,open water
6501,open water
6502,open water
6503,open water
6504,open water
6505,open water
6506,open water
6507,open water
6508,open water
6509,open water
6510,open water
6511,distributary
6512,distributary
6513,distributary
6514,distributary
6515,distributary
6516,distributary
6517,blind channel
6518,blind channel
6519,blind channel
6520,blind channel
6521,distributary
6522,distributary
6523,distributary
6524,distributary
6525,exit
6526,exit
6527,open water
6528,open water
6529,open water
6530,open water
6531,open water
6532,open water
6533,open water
6534,open water
6535,open water
6536,open water
6537,open water
6538,open water
6539,open water
6540,open water
6541,open water
6542,open water
6543,open water
6544,open water
6545,open water
6546,open water
6547,open water
6548,open water
6549,open water
6550,open water
6551,rock
6552,rock
6553,rock
6554,rock
6555,rock
6556,open water
6557,open water
6558,open water
6559,open water
6560,rock
6561,open water
6562,open water
6563,open water
6564,open water
6565,open water
6566,open water
6567,open water
6568,open water
6569,open water
6570,open water
6571,open water
6572,open water
6573,open water
6574,open water
6575,open water
6576,open water
6577,open water
6578,open water
6579,open water
6580,open water
6581,open water
6582,open water
6583,open water
6584,open water
6585,open water
6586,open water
6587,open water
6588,open water
6589,open water
6590,open water
6591,open water
6592,distributary
6593,distributary
6594,distributary
6595,distributary
6596,distributary
6597,distributary
6598,blind channel
6599,blind channel
6600,blind channel
6601,blind channel
6602,distributary
6603,distributary
6604,distributary
6605,distributary
6606,exit
6607,exit
6608,rock
6609,rock
6610,rock
6611,rock
6612,rock
6613,rock
6614,rock
6615,rock
6616,open water
6617,open water
6618,open water
6619,open water
6620,open water
6621,open water
6622,open water
6623,open water
6624,open water
6625,open water
6626,open water
6627,open water
6628,open water
6629,open water
6630,open water
6631,open water
6632,open water
6633,open water
6634,rock
6635,rock
6636,rock
6637,rock
6638,rock
6639,rock
6640,rock
6641,harbor
6642,harbor
6643,open water
6644,open water
6645,open water
6646,rock
6647,open water
6648,open water
6649,open water
6650,open water
6651,open water
6652,open water
6653,open water
6654,open water
6655,open water
6656,open water
6657,open water
6658,open water
6659,open water
6660,open water
6661,open water
6662,open water
6663,open water
6664,open water
6665,open water
6666,distributary
6667,distributary
6668,distributary
6669,distributary
6670,distributary
6671,distributary
6672,blind channel
6673,blind channel
6674,blind channel
6675,blind channel
6676,distributary
6677,distributary
6678,distributary
6679,distributary
6680,exit
6681,rock
6682,rock
6683,rock
6684,rock
6685,rock
6686,rock
6687,rock
6688,rock
6689,rock
6690,rock
6691,rock
6692,rock
6693,open water
6694,open water
6695,open water
6696,open water
6697,open water
6698,open water
6699,open water
6700,open water
6701,open water
6702,open water
6703,open water
6704,open water
6705,open water
6706,open water
6707,open water
6708,rock
6709,rock
6710,rock
6711,rock
6712,rock
6713,harbor
6714,harbor
6715,open water
6716,open water
6717,open water
6718,open water
6719,open water
6720,open water
6721,open water
6722,open water
6723,open water
6724,open water
6725,open water
6726,open water
6727,open water
6728,open water
6729,open water
6730,open water
6731,open water
6732,open water
6733,open water
6734,open water
6735,open water
6736,open water
6737,open water
6738,distributary
6739,distributary
6740,distributary
6741,distributary
6742,distributary
6743,distributary
6744,blind channel
6745,blind channel
6746,blind channel
6747,blind channel
6748,blind channel
6749,blind channel
6750,blind channel
6751,distributary
6752,distributary
6753,distributary
6754,distributary
6755,rock
6756,rock
6757,rock
6758,open water
6759,open water
6760,open water
6761,open water
6762,open water
6763,open water
6764,open water
6765,open water
6766,open water
6767,open water
6768,open water
6769,open water
6770,open water
6771,open water
6772,open water
6773,rock
6774,rock
6775,rock
6776,harbor
6777,open water
6778,open water
6779,open water
6780,open water
6781,open water
6782,open water
6783,open water
6784,open water
6785,open water
6786,open water
6787,open water
6788,open water
6789,open water
6790,open water
6791,open water
6792,open water
6793,open water
6794,open water
6795,open water
6796,open water
6797,distributary
6798,distributary
6799,distributary
6800,distributary
6801,distributary
6802,distributary
6803,blind channel
6804,blind channel
6805,blind channel
6806,blind channel
6807,blind channel
6808,intertidal mud flat
6809,distributary
6810,distributary
6811,distributary
6812,distributary
6813,rock
6814,rock
6815,open water
6816,open water
6817,open water
6818,open water
6819,open water
6820,open water
6821,open water
6822,open water
6823,open water
6824,open water
6825,open water
6826,open water
6827,open water
6828,open water
6829,open water
6830,open water
6831,rock
6832,rock
6833,rock
6834,open water
6835,open water
6836,open water
6837,open water
6838,open water
6839,open water
6840,open water
6841,open water
6842,open water
6843,open water
6844,open water
6845,open water
6846,open water
6847,open water
6848,open water
6849,open water
6850,open water
6851,open water
6852,open water
6853,open water
6854,open water
6855,distributary
6856,distributary
6857,distributary
6858,distributary
6859,distributary
6860,distributary
6861,blind channel
6862,intertidal mud flat
6863,intertidal mud flat
6864,distributary
6865,distributary
6866,distributary
6867,distributary
6868,rock
6869,rock
6870,open water
6871,open water
6872,open water
6873,open water
6874,open water
6875,open water
6876,open water
6877,open water
6878,open water
6879,open water
6880,open water
6881,open water
6882,open water
6883,open water
6884,open water
6885,open water
6886,rock
6887,rock
6888,rock
6889,open water
6890,open water
6891,open water
6892,open water
6893,open water
6894,open water
6895,open water
6896,open water
6897,open water
6898,open water
6899,open water
6900,open water
6901,open water
6902,open water
6903,open water
6904,open water
6905,open water
6906,open water
6907,open water
6908,distributary
6909,distributary
6910,distributary
6911,distributary
6912,distributary
6913,distributary
6914,distributary
6915,intertidal mud flat
6916,intertidal mud flat
6917,distributary
6918,distributary
6919,distributary
6920,distributary
6921,rock
6922,rock
6923,rock
6924,rock
6925,open water
6926,open water
6927,open water
6928,open water
6929,open water
6930,open water
6931,open water
6932,open water
6933,open water
6934,open water
6935,open water
6936,open water
6937,open water
6938,open water
6939,rock
6940,rock
6941,rock
6942,open water
6943,open water
6944,open water
6945,open water
6946,open water
6947,open water
6948,open water
6949,open water
6950,open water
6951,open water
6952,open water
6953,open water
6954,open water
6955,open water
6956,open water
6957,open water
6958,open water
6959,open water
6960,open water
6961,distributary
6962,distributary
6963,distributary
6964,distributary
6965,distributary
6966,distributary
6967,distributary
6968,distributary
6969,intertidal mud flat
6970,intertidal mud flat
6971,distributary
6972,distributary
6973,distributary
6974,distributary
6975,rock
6976,rock
6977,rock
6978,rock
6979,rock
6980,rock
6981,open water
6982,open water
6983,open water
6984,open water
6985,open water
6986,open water
6987,open water
6988,open water
6989,open water
6990,open water
6991,open water
6992,open water
6993,open water
6994,open water
6995,open water
6996,rock
6997,rock
6998,open water
6999,open water
7000,open water
7001,open water
7002,open water
7003,open water
7004,open water
7005,open water
7006,open water
7007,open water
7008,open water
7009,open water
7010,open water
7011,open water
7012,open water
7013,open water
7014,open water
7015,open water
7016,open water
7017,distributary
7018,distributary
7019,distributary
7020,distributary
7021,distributary
7022,distributary
7023,distributary
7024,distributary
7025,intertidal mud flat
7026,intertidal mud flat
7027,distributary
7028,distributary
7029,distributary
7030,distributary
7031,rock
7032,rock
7033,rock
7034,rock
7035,rock
7036,open water
7037,open water
7038,open water
7039,open water
7040,open water
7041,open water
7042,open water
7043,open water
7044,open water
7045,open water
7046,open water
7047,open water
7048,open water
7049,rock
7050,rock
7051,rock
7052,rock
7053,open water
7054,open water
7055,open water
7056,open water
7057,open water
7058,open water
7059,open water
7060,open water
7061,open water
7062,open water
7063,open water
7064,open water
7065,open water
7066,open water
7067,open water
7068,open water
7069,open water
7070,distributary
7071,distributary
7072,distributary
7073,distributary
7074,distributary
7075,distributary
7076,distributary
7077,distributary
7078,intertidal mud flat
7079,blind channel
7080,distributary
7081,distributary
7082,distributary
7083,distributary
7084,rock
7085,rock
7086,rock
7087,open water
7088,open water
7089,open water
7090,open water
7091,open water
7092,open water
7093,open water
7094,open water
7095,open water
7096,open water
7097,open water
7098,open water
7099,open water
7100,rock
7101,rock
7102,rock
7103,rock
7104,open water
7105,open water
7106,open water
7107,open water
7108,open water
7109,open water
7110,open water
7111,open water
7112,open water
7113,open water
7114,open water
7115,open water
7116,open water
7117,open water
7118,distributary
7119,distributary
7120,distributary
7121,distributary
7122,distributary
7123,distributary
7124,distributary
7125,distributary
7126,blind channel
7127,blind channel
7128,distributary
7129,distributary
7130,distributary
7131,distributary
7132,rock
7133,rock
7134,rock
7135,open water
7136,open water
7137,open water
7138,open water
7139,open water
7140,open water
7141,open water
7142,open water
7143,open water
7144,open water
7145,open water
7146,open water
7147,open water
7148,rock
7149,rock
7150,open water
7151,open water
7152,open water
7153,open water
7154,open water
7155,open water
7156,open water
7157,open water
7158,open water
7159,open water
7160,open water
7161,open water
7162,open water
7163,open water
7164,distributary
7165,distributary
7166,distributary
7167,distributary
7168,distributary
7169,distributary
7170,distributary
7171,distributary
7172,blind channel
7173,distributary
7174,distributary
7175,distributary
7176,distributary
7177,distributary
7178,rock
7179,rock
7180,open water
7181,open water
7182,open water
7183,open water
7184,open water
7185,open water
7186,open water
7187,open water
7188,open water
7189,open water
7190,open water
7191,open water
7192,rock
7193,rock
7194,rock
7195,open water
7196,open water
7197,open water
7198,open water
7199,open water
7200,open water
7201,open water
7202,open water
7203,open water
7204,open water
7205,open water
7206,open water
7207,open water
7208,open water
7209,open water
7210,open water
7211,distributary
7212,distributary
7213,distributary
7214,distributary
7215,distributary
7216,distributary
7217,distributary
7218,distributary
7219,distributary
7220,distributary
7221,distributary
7222,distributary
7223,rock
7224,rock
7225,open water
7226,open water
7227,open water
7228,open water
7229,open water
7230,open water
7231,open water
7232,open water
7233,open water
7234,open water
7235,open water
7236,open water
7237,open water
7238,open water
7239,rock
7240,rock
7241,rock
7242,open water
7243,open water
7244,open water
7245,open water
7246,open water
7247,open water
7248,open water
7249,open water
7250,open water
7251,open water
7252,open water
7253,open water
7254,open water
7255,open water
7256,open water
7257,open water
7258,open water
7259,distributary
7260,distributary
7261,distributary
7262,distributary
7263,distributary
7264,distributary
7265,distributary
7266,distributary
7267,distributary
7268,distributary
7269,distributary
7270,distributary
7271,rock
7272,rock
7273,open water
7274,open water
7275,open water
7276,open water
7277,open water
7278,open water
7279,open water
7280,open water
7281,open water
7282,open water
7283,open water
7284,open water
7285,open water
7286,open water
7287,open water
7288,open water
7289,rock
7290,rock
7291,open water
7292,open water
7293,open water
7294,open water
7295,open water
7296,open water
7297,open water
7298,open water
7299,open water
7300,open water
7301,open water
7302,open water
7303,open water
7304,open water
7305,open water
7306,open water
7307,open water
7308,open water
7309,distributary
7310,distributary
7311,distributary
7312,distributary
7313,distributary
7314,distributary
7315,distributary
7316,distributary
7317,distributary
7318,distributary
7319,distributary
7320,distributary
7321,rock
7322,rock
7323,rock
7324,open water
7325,open water
7326,open water
7327,open water
7328,open water
7329,open water
7330,open water
7331,open water
7332,open water
7333,open water
7334,open water
7335,open water
7336,open water
7337,open water
7338,open water
7339,open water
7340,rock
7341,rock
7342,open water
7343,open water
7344,open water
7345,open water
7346,open water
7347,open water
7348,open water
7349,open water
7350,open water
7351,open water
7352,open water
7353,open water
7354,open water
7355,open water
7356,open water
7357,open water
7358,open water
7359,open water
7360,open water
7361,open water
7362,open water
7363,open water
7364,distributary
7365,distributary
7366,distributary
7367,distributary
7368,distributary
7369,distributary
7370,distributary
7371,distributary
7372,distributary
7373,distributary
7374,distributary
7375,distributary
7376,rock
7377,rock
7378,open water
7379,open water
7380,open water
7381,open water
7382,open water
7383,open water
7384,open water
7385,open water
7386,open water
7387,open water
7388,open water
7389,open water
7390,open water
7391,open water
7392,open water
7393,open water
7394,open water
7395,rock
7396,rock
7397,rock
7398,rock
7399,open water
7400,open water
7401,open water
7402,open water
7403,open water
7404,open water
7405,open water
7406,open water
7407,open water
7408,open water
7409,open water
7410,open water
7411,open water
7412,open water
7413,open water
7414,open water
7415,open water
7416,open water
7417,open water
7418,open water
7419,open water
7420,open water
7421,open water
7422,open water
7423,open water
7424,distributary
7425,distributary
7426,distributary
7427,distributary
7428,distributary
7429,distributary
7430,distributary
7431,distributary
7432,distributary
7433,distributary
7434,distributary
7435,distributary
7436,distributary
7437,distributary
7438,harbor
7439,harbor
7440,open water
7441,open water
7442,open water
7443,open water
7444,open water
7445,open water
7446,open water
7447,open water
7448,open water
7449,open water
7450,open water
7451,open water
7452,open water
7453,open water
7454,open water
7455,open water
7456,open water
7457,open water
7458,rock
7459,rock
7460,rock
7461,open water
7462,open water
7463,open water
7464,open water
7465,open water
7466,open water
7467,open water
7468,open water
7469,open water
7470,open water
7471,open water
7472,open water
7473,open water
7474,open water
7475,open water
7476,open water
7477,open water
7478,open water
7479,open water
7480,open water
7481,open water
7482,open water
7483,open water
7484,open water
7485,open water
7486,open water
7487,open water
7488,open water
7489,open water
7490,open water
7491,distributary
7492,distributary
7493,distributary
7494,distributary
7495,distributary
7496,distributary
7497,distributary
7498,distributary
7499,distributary
7500,distributary
7501,distributary
7502,distributary
7503,distributary
7504,harbor
7505,harbor
7506,open water
7507,open water
7508,open water
7509,open water
7510,open water
7511,open water
7512,open water
7513,open water
7514,open water
7515,open water
7516,open water
7517,open water
7518,open water
7519,open water
7520,open water
7521,open water
7522,open water
7523,open water
7524,open water
7525,open water
7526,rock
7527,rock
7528,open water
7529,open water
7530,open water
7531,open water
7532,open water
7533,open water
7534,open water
7535,open water
7536,open water
7537,open water
7538,open water
7539,open water
7540,open water
7541,open water
7542,open water
7543,open water
7544,open water
7545,open water
7546,open water
7547,open water
7548,open water
7549,open water
7550,open water
7551,open water
7552,open water
7553,open water
7554,open water
7555,open water
7556,open water
7557,open water
7558,open water
7559,open water
7560,open water
7561,open water
7562,open water
7563,open water
7564,open water
7565,distributary
7566,distributary
7567,open water
7568,distributary
7569,distributary
7570,distributary
7571,distributary
7572,distributary
7573,distributary
7574,distributary
7575,distributary
7576,distributary
7577,distributary
7578,harbor
7579,harbor
7580,open water
7581,open water
7582,open water
7583,open water
7584,open water
7585,open water
7586,open water
7587,open water
7588,open water
7589,open water
7590,open water
7591,open water
7592,open water
7593,open water
7594,open water
7595,open water
7596,open water
7597,open water
7598,open water
7599,open water
7600,open water
7601,open water
7602,open water
7603,open water
7604,rock
7605,rock
7606,open water
7607,open water
7608,open water
7609,open water
7610,open water
7611,open water
7612,open water
7613,open water
7614,open water
7615,open water
7616,open water
7617,open water
7618,open water
7619,open water
7620,open water
7621,open water
7622,open water
7623,open water
7624,open water
7625,open water
7626,open water
7627,open water
7628,open water
7629,open water
7630,open water
7631,open water
7632,open water
7633,open water
7634,open water
7635,open water
7636,open water
7637,open water
7638,open water
7639,open water
7640,open water
7641,open water
7642,open water
7643,open water
7644,open water
7645,open water
7646,open water
7647,distributary
7648,distributary
7649,distributary
7650,open water
7651,distributary
7652,distributary
7653,distributary
7654,distributary
7655,distributary
7656,distributary
7657,distributary
7658,distributary
7659,distributary
7660,distributary
7661,harbor
7662,rock
7663,open water
7664,open water
7665,open water
7666,open water
7667,open water
7668,open water
7669,open water
7670,open water
7671,open water
7672,open water
7673,open water
7674,open water
7675,open water
7676,open water
7677,open water
7678,open water
7679,open water
7680,open water
7681,open water
7682,open water
7683,open water
7684,open water
7685,open water
7686,open water
7687,rock
7688,rock
7689,rock
7690,rock
7691,open water
7692,open water
7693,open water
7694,open water
7695,open water
7696,open water
7697,open water
7698,open water
7699,open water
7700,open water
7701,open water
7702,open water
7703,open water
7704,open water
7705,open water
7706,open water
7707,open water
7708,open water
7709,open water
7710,open water
7711,open water
7712,open water
7713,open water
7714,open water
7715,open water
7716,open water
7717,open water
7718,open water
7719,open water
7720,open water
7721,open water
7722,open water
7723,open water
7724,open water
7725,open water
7726,open water
7727,open water
7728,open water
7729,open water
7730,open water
7731,open water
7732,open water
7733,open water
7734,distributary
7735,distributary
7736,distributary
7737,distributary
7738,open water
7739,open water
7740,distributary
7741,distributary
7742,distributary
7743,distributary
7744,distributary
7745,distributary
7746,distributary
7747,distributary
7748,distributary
7749,distributary
7750,rock
7751,rock
7752,open water
7753,open water
7754,open water
7755,open water
7756,open water
7757,open water
7758,open water
7759,open water
7760,open water
7761,open water
7762,open water
7763,open water
7764,open water
7765,open water
7766,open water
7767,open water
7768,open water
7769,open water
7770,open water
7771,open water
7772,open water
7773,open water
7774,open water
7775,open water
7776,open water
7777,open water
7778,rock
7779,rock
7780,rock
7781,rock
7782,open water
7783,open water
7784,open water
7785,open water
7786,open water
7787,open water
7788,open water
7789,open water
7790,open water
7791,open water
7792,open water
7793,open water
7794,open water
7795,open water
7796,open water
7797,open water
7798,open water
7799,open water
7800,open water
7801,open water
7802,open water
7803,open water
7804,open water
7805,open water
7806,open water
7807,open water
7808,open water
7809,open water
7810,open water
7811,open water
7812,open water
7813,open water
7814,open water
7815,open water
7816,open water
7817,distributary
7818,distributary
7819,distributary
7820,open water
7821,open water
7822,open water
7823,open water
7824,distributary
7825,distributary
7826,distributary
7827,distributary
7828,distributary
7829,distributary
7830,distributary
7831,distributary
7832,distributary
7833,distributary
7834,rock
7835,rock
7836,open water
7837,open water
7838,open water
7839,open water
7840,open water
7841,open water
7842,open water
7843,open water
7844,open water
7845,open water
7846,open water
7847,open water
7848,open water
7849,open water
7850,open water
7851,open water
7852,open water
7853,open water
7854,open water
7855,open water
7856,open water
7857,open water
7858,open water
7859,open water
7860,open water
7861,open water
7862,open water
7863,open water
7864,rock
7865,rock
7866,rock
7867,open water
7868,open water
7869,open water
7870,open water
7871,open water
7872,open water
7873,open water
7874,open water
7875,open water
7876,open water
7877,open water
7878,open water
7879,open water
7880,open water
7881,open water
7882,open water
7883,open water
7884,open water
7885,open water
7886,open water
7887,open water
7888,open water
7889,open water
7890,open water
7891,open water
7892,open water
7893,open water
7894,open water
7895,open water
7896,open water
7897,open water
7898,open water
7899,open water
7900,open water
7901,open water
7902,open water
7903,distributary
7904,distributary
7905,distributary
7906,distributary
7907,open water
7908,open water
7909,open water
7910,open water
7911,open water
7912,distributary
7913,distributary
7914,distributary
7915,distributary
7916,distributary
7917,distributary
7918,distributary
7919,distributary
7920,distributary
7921,distributary
7922,distributary
7923,distributary
7924,distributary
7925,rock
7926,rock
7927,rock
7928,open water
7929,open water
7930,open water
7931,open water
7932,open water
7933,open water
7934,open water
7935,open water
7936,open water
7937,open water
7938,open water
7939,open water
7940,open water
7941,open water
7942,open water
7943,open water
7944,open water
7945,open water
7946,open water
7947,open water
7948,open water
7949,open water
7950,open water
7951,open water
7952,open water
7953,open water
7954,open water
7955,open water
7956,open water
7957,rock
7958,rock
7959,rock
7960,open water
7961,open water
7962,open water
7963,open water
7964,open water
7965,open water
7966,open water
7967,open water
7968,open water
7969,open water
7970,open water
7971,open water
7972,open water
7973,open water
7974,open water
7975,open water
7976,open water
7977,open water
7978,open water
7979,open water
7980,open water
7981,open water
7982,open water
7983,open water
7984,open water
7985,open water
7986,open water
7987,open water
7988,open water
7989,open water
7990,open water
7991,open water
7992,open water
7993,open water
7994,open water
7995,distributary
7996,distributary
7997,distributary
7998,open water
7999,open water
8000,open water
8001,open water
8002,open water
8003,open water
8004,distributary
8005,distributary
8006,distributary
8007,distributary
8008,distributary
8009,distributary
8010,distributary
8011,distributary
8012,distributary
8013,distributary
8014,distributary
8015,distributary
8016,distributary
8017,distributary
8018,distributary
8019,rock
8020,rock
8021,rock
8022,open water
8023,open water
8024,open water
8025,open water
8026,open water
8027,open water
8028,open water
8029,open water
8030,open water
8031,open water
8032,open water
8033,open water
8034,open water
8035,open water
8036,open water
8037,open water
8038,open water
8039,open water
8040,open water
8041,open water
8042,open water
8043,open water
8044,open water
8045,open water
8046,open water
8047,open water
8048,open water
8049,open water
8050,open water
8051,open water
8052,open water
8053,rock
8054,rock
8055,open water
8056,open water
8057,open water
8058,open water
8059,open water
8060,open water
8061,open water
8062,open water
8063,open water
8064,open water
8065,open water
8066,open water
8067,open water
8068,open water
8069,open water
8070,open water
8071,open water
8072,open water
8073,open water
8074,open water
8075,open water
8076,open water
8077,open water
8078,open water
8079,open water
8080,open water
8081,open water
8082,open water
8083,open water
8084,open water
8085,open water
8086,open water
8087,open water
8088,open water
8089,open water
8090,open water
8091,open water
8092,open water
8093,open water
8094,distributary
8095,distributary
8096,distributary
8097,open water
8098,open water
8099,open water
8100,open water
8101,open water
8102,open water
8103,open water
8104,open water
8105,distributary
8106,distributary
8107,distributary
8108,distributary
8109,distributary
8110,distributary
8111,distributary
8112,distributary
8113,distributary
8114,distributary
8115,distributary
8116,distributary
8117,rock
8118,rock
8119,open water
8120,open water
8121,open water
8122,open water
8123,open water
8124,open water
8125,open water
8126,open water
8127,open water
8128,open water
8129,open water
8130,open water
8131,open water
8132,open water
8133,open water
8134,open water
8135,open water
8136,open water
8137,open water
8138,open water
8139,open water
8140,open water
8141,open water
8142,open water
8143,open water
8144,open water
8145,open water
8146,open water
8147,open water
8148,open water
8149,open water
8150,open water
8151,rock
8152,rock
8153,open water
8154,open water
8155,open water
8156,open water
8157,open water
8158,open water
8159,open water
8160,open water
8161,open water
8162,open water
8163,open water
8164,open water
8165,open water
8166,open water
8167,open water
8168,open water
8169,open water
8170,open water
8171,open water
8172,open water
8173,open water
8174,open water
8175,open water
8176,open water
8177,open water
8178,open water
8179,open water
8180,open water
8181,open water
8182,open water
8183,open water
8184,open water
8185,open water
8186,open water
8187,open water
8188,open water
8189,open water
8190,open water
8191,distributary
8192,distributary
8193,distributary
8194,distributary
8195,distributary
8196,open water
8197,open water
8198,open water
8199,open water
8200,open water
8201,open water
8202,open water
8203,open water
8204,open water
8205,open water
8206,open water
8207,distributary
8208,distributary
8209,distributary
8210,distributary
8211,distributary
8212,distributary
8213,distributary
8214,distributary
8215,distributary
8216,distributary
8217,rock
8218,rock
8219,open water
8220,open water
8221,open water
8222,open water
8223,open water
8224,open water
8225,open water
8226,open water
8227,open water
8228,open water
8229,open water
8230,open water
8231,open water
8232,open water
8233,open water
8234,open water
8235,open water
8236,open water
8237,open water
8238,open water
8239,open water
8240,open water
8241,open water
8242,open water
8243,open water
8244,open water
8245,open water
8246,open water
8247,open water
8248,open water
8249,open water
8250,open water
8251,open water
8252,open water
8253,open water
8254,open water
8255,open water
8256,open water
8257,open water
8258,rock
8259,rock
8260,open water
8261,open water
8262,open water
8263,open water
8264,open water
8265,open water
8266,open water
8267,open water
8268,open water
8269,open water
8270,open water
8271,open water
8272,open water
8273,open water
8274,open water
8275,open water
8276,open water
8277,open water
8278,open water
8279,open water
8280,open water
8281,open water
8282,open water
8283,open water
8284,open water
8285,open water
8286,open water
8287,open water
8288,open water
8289,open water
8290,open water
8291,open water
8292,open water
8293,open water
8294,open water
8295,open water
8296,open water
8297,open water
8298,open water
8299,open water
8300,open water
8301,open water
8302,distributary
8303,distributary
8304,distributary
8305,distributary
8306,open water
8307,open water
8308,open water
8309,open water
8310,open water
8311,open water
8312,open water
8313,open water
8314,open water
8315,open water
8316,open water
8317,open water
8318,open water
8319,open water
8320,open water
8321,distributary
8322,distributary
8323,distributary
8324,distributary
8325,distributary
8326,distributary
8327,distributary
8328,distributary
8329,distributary
8330,distributary
8331,rock
8332,rock
8333,open water
8334,open water
8335,open water
8336,open water
8337,open water
8338,open water
8339,open water
8340,open water
8341,open water
8342,open water
8343,open water
8344,open water
8345,open water
8346,open water
8347,open water
8348,open water
8349,open water
8350,open water
8351,open water
8352,open water
8353,open water
8354,open water
8355,open water
8356,open water
8357,open water
8358,open water
8359,open water
8360,open water
8361,open water
8362,open water
8363,open water
8364,open water
8365,open water
8366,open water
8367,open water
8368,open water
8369,open water
8370,open water
8371,open water
8372,open water
8373,rock
8374,rock
8375,open water
8376,open water
8377,open water
8378,open water
8379,open water
8380,open water
8381,open water
8382,open water
8383,open water
8384,open water
8385,open water
8386,open water
8387,open water
8388,open water
8389,open water
8390,open water
8391,open water
8392,open water
8393,open water
8394,open water
8395,open water
8396,open water
8397,open water
8398,open water
8399,open water
8400,open water
8401,open water
8402,open water
8403,open water
8404,open water
8405,open water
8406,open water
8407,open water
8408,open water
8409,open water
8410,open water
8411,open water
8412,open water
8413,open water
8414,open water
8415,open water
8416,open water
8417,open water
8418,open water
8419,open water
8420,open water
8421,open water
8422,open water
8423,open water
8424,open water
8425,open water
8426,distributary
8427,distributary
8428,distributary
8429,distributary
8430,open water
8431,open water
8432,open water
8433,open water
8434,open water
8435,open water
8436,open water
8437,open water
8438,open water
8439,open water
8440,open water
8441,open water
8442,open water
8443,open water
8444,open water
8445,open water
8446,distributary
8447,distributary
8448,distributary
8449,distributary
8450,distributary
8451,distributary
8452,distributary
8453,distributary
8454,distributary
8455,distributary
8456,distributary
8457,rock
8458,rock
8459,open water
8460,open water
8461,open water
8462,open water
8463,open water
8464,open water
8465,open water
8466,open water
8467,open water
8468,open water
8469,open water
8470,open water
8471,open water
8472,open water
8473,open water
8474,open water
8475,open water
8476,open water
8477,open water
8478,open water
8479,open water
8480,open water
8481,open water
8482,open water
8483,open water
8484,open water
8485,open water
8486,open water
8487,open water
8488,open water
8489,open water
8490,open water
8491,open water
8492,open water
8493,open water
8494,open water
8495,open water
8496,open water
8497,open water
8498,open water
8499,open water
8500,open water
8501,open water
8502,open water
8503,open water
8504,rock
8505,rock
8506,rock
8507,open water
8508,open water
8509,open water
8510,open water
8511,open water
8512,open water
8513,open water
8514,open water
8515,open water
8516,open water
8517,open water
8518,open water
8519,open water
8520,open water
8521,open water
8522,open water
8523,open water
8524,open water
8525,open water
8526,open water
8527,open water
8528,open water
8529,open water
8530,open water
8531,open water
8532,open water
8533,open water
8534,open water
8535,open water
8536,open water
8537,open water
8538,open water
8539,open water
8540,open water
8541,open water
8542,open water
8543,open water
8544,open water
8545,open water
8546,open water
8547,open water
8548,open water
8549,open water
8550,open water
8551,open water
8552,open water
8553,open water
8554,distributary
8555,distributary
8556,distributary
8557,open water
8558,open water
8559,open water
8560,open water
8561,open water
8562,open water
8563,open water
8564,open water
8565,open water
8566,open water
8567,open water
8568,open water
8569,open water
8570,open water
8571,open water
8572,open water
8573,open water
8574,open water
8575,distributary
8576,distributary
8577,distributary
8578,distributary
8579,distributary
8580,distributary
8581,distributary
8582,distributary
8583,distributary
8584,distributary
8585,rock
8586,rock
8587,open water
8588,open water
8589,open water
8590,open water
8591,open water
8592,open water
8593,open water
8594,open water
8595,open water
8596,open water
8597,open water
8598,open water
8599,open water
8600,open water
8601,open water
8602,open water
8603,open water
8604,open water
8605,open water
8606,open water
8607,open water
8608,open water
8609,open water
8610,open water
8611,open water
8612,open water
8613,open water
8614,open water
8615,open water
8616,open water
8617,open water
8618,open water
8619,open water
8620,open water
8621,open water
8622,open water
8623,open water
8624,open water
8625,open water
8626,open water
8627,open water
8628,open water
8629,open water
8630,open water
8631,open water
8632,open water
8633,open water
8634,open water
8635,rock
8636,rock
8637,rock
8638,open water
8639,open water
8640,open water
8641,open water
8642,open water
8643,open water
8644,open water
8645,open water
8646,open water
8647,open water
8648,open water
8649,open water
8650,open water
8651,open water
8652,open water
8653,open water
8654,open water
8655,open water
8656,open water
8657,open water
8658,open water
8659,open water
8660,open water
8661,open water
8662,open water
8663,open water
8664,open water
8665,open water
8666,open water
8667,open water
8668,open water
8669,open water
8670,open water
8671,open water
8672,open water
8673,open water
8674,open water
8675,open water
8676,open water
8677,open water
8678,open water
8679,open water
8680,open water
8681,open water
8682,open water
8683,open water
8684,open water
8685,distributary
8686,distributary
8687,distributary
8688,open water
8689,open water
8690,open water
8691,open water
8692,open water
8693,open water
8694,open water
8695,open water
8696,open water
8697,open water
8698,open water
8699,open water
8700,open water
8701,open water
8702,open water
8703,open water
8704,open water
8705,open water
8706,open water
8707,distributary
8708,distributary
8709,distributary
8710,distributary
8711,distributary
8712,distributary
8713,rock
8714,rock
8715,open water
8716,open water
8717,open water
8718,open water
8719,open water
8720,open water
8721,open water
8722,open water
8723,open water
8724,open water
8725,open water
8726,open water
8727,open water
8728,open water
8729,open water
8730,open water
8731,open water
8732,open water
8733,open water
8734,open water
8735,open water
8736,open water
8737,open water
8738,open water
8739,open water
8740,open water
8741,open water
8742,open water
8743,open water
8744,open water
8745,open water
8746,open water
8747,open water
8748,open water
8749,open water
8750,open water
8751,open water
8752,open water
8753,open water
8754,open water
8755,open water
8756,open water
8757,open water
8758,open water
8759,open water
8760,open water
8761,open water
8762,open water
8763,open water
8764,open water
8765,open water
8766,open water
8767,open water
8768,open water
8769,open water
8770,rock
8771,rock
8772,open water
8773,open water
8774,open water
8775,open water
8776,open water
8777,open water
8778,open water
8779,open water
8780,open water
8781,open water
8782,open water
8783,open water
8784,open water
8785,open water
8786,open water
8787,open water
8788,open water
8789,open water
8790,open water
8791,open water
8792,open water
8793,open water
8794,open water
8795,open water
8796,open water
8797,open water
8798,open water
8799,open water
8800,open water
8801,open water
8802,open water
8803,open water
8804,open water
8805,open water
8806,open water
8807,open water
8808,open water
8809,open water
8810,open water
8811,open water
8812,open water
8813,open water
8814,open water
8815,open water
8816,open water
8817,open water
8818,distributary
8819,distributary
8820,distributary
8821,open water
8822,open water
8823,open water
8824,open water
8825,open water
8826,open water
8827,open water
8828,open water
8829,open water
8830,open water
8831,open water
8832,open water
8833,open water
8834,open water
8835,open water
8836,open water
8837,open water
8838,open water
8839,blind channel
8840,distributary
8841,distributary
8842,distributary
8843,distributary
8844,distributary
8845,distributary
8846,rock
8847,rock
8848,open water
8849,open water
8850,open water
8851,open water
8852,open water
8853,open water
8854,open water
8855,open water
8856,open water
8857,open water
8858,open water
8859,open water
8860,open water
8861,open water
8862,open water
8863,open water
8864,open water
8865,open water
8866,open water
8867,open water
8868,open water
8869,open water
8870,open water
8871,open water
8872,open water
8873,open water
8874,open water
8875,open water
8876,open water
8877,open water
8878,open water
8879,open water
8880,open water
8881,open water
8882,open water
8883,open water
8884,open water
8885,open water
8886,open water
8887,open water
8888,open water
8889,open water
8890,open water
8891,open water
8892,open water
8893,open water
8894,open water
8895,open water
8896,open water
8897,open water
8898,open water
8899,open water
8900,open water
8901,open water
8902,open water
8903,open water
8904,rock
8905,rock
8906,rock
8907,rock
8908,open water
8909,open water
8910,open water
8911,open water
8912,open water
8913,open water
8914,open water
8915,open water
8916,open water
8917,open water
8918,open water
8919,open water
8920,open water
8921,open water
8922,open water
8923,open water
8924,open water
8925,open water
8926,open water
8927,open water
8928,open water
8929,open water
8930,open water
8931,open water
8932,open water
8933,open water
8934,open water
8935,open water
8936,open water
8937,open water
8938,open water
8939,open water
8940,open water
8941,open water
8942,open water
8943,open water
8944,open water
8945,open water
8946,open water
8947,open water
8948,open water
8949,open water
8950,open water
8951,distributary
8952,distributary
8953,distributary
8954,distributary
8955,open water
8956,open water
8957,open water
8958,open water
8959,open water
8960,open water
8961,open water
8962,open water
8963,open water
8964,open water
8965,open water
8966,open water
8967,open water
8968,open water
8969,open water
8970,open water
8971,open water
8972,open water
8973,blind channel
8974,blind channel
8975,blind channel
8976,distributary
8977,distributary
8978,distributary
8979,distributary
8980,distributary
8981,distributary
8982,rock
8983,rock
8984,rock
8985,open water
8986,open water
8987,open water
8988,open water
8989,open water
8990,open water
8991,open water
8992,open water
8993,open water
8994,open water
8995,open water
8996,open water
8997,open water
8998,open water
8999,open water
9000,open water
9001,open water
9002,open water
9003,open water
9004,open water
9005,open water
9006,open water
9007,open water
9008,open water
9009,open water
9010,open water
9011,open water
9012,open water
9013,open water
9014,open water
9015,open water
9016,open water
9017,open water
9018,open water
9019,open water
9020,open water
9021,open water
9022,open water
9023,open water
9024,open water
9025,open water
9026,open water
9027,open water
9028,open water
9029,open water
9030,open water
9031,open water
9032,open water
9033,open water
9034,open water
9035,open water
9036,open water
9037,open water
9038,open water
9039,open water
9040,open water
9041,open water
9042,open water
9043,open water
9044,rock
9045,rock
9046,rock
9047,rock
9048,rock
9049,open water
9050,open water
9051,open water
9052,open water
9053,open water
9054,open water
9055,open water
9056,open water
9057,open water
9058,open water
9059,open water
9060,open water
9061,open water
9062,open water
9063,open water
9064,open water
9065,open water
9066,open water
9067,open water
9068,open water
9069,open water
9070,open water
9071,open water
9072,open water
9073,open water
9074,open water
9075,open water
9076,open water
9077,open water
9078,open water
9079,open water
9080,open water
9081,open water
9082,open water
9083,open water
9084,open water
9085,open water
9086,open water
9087,open water
9088,distributary
9089,distributary
9090,distributary
9091,open water
9092,open water
9093,open water
9094,open water
9095,open water
9096,open water
9097,open water
9098,open water
9099,open water
9100,open water
9101,open water
9102,open water
9103,open water
9104,open water
9105,open water
9106,open water
9107,open water
9108,open water
9109,open water
9110,open water
9111,blind channel
9112,blind channel
9113,blind channel
9114,blind channel
9115,blind channel
9116,distributary
9117,distributary
9118,distributary
9119,distributary
9120,distributary
9121,distributary
9122,rock
9123,rock
9124,open water
9125,open water
9126,open water
9127,open water
9128,open water
9129,open water
9130,open water
9131,open water
9132,open water
9133,open water
9134,open water
9135,open water
9136,open water
9137,open water
9138,open water
9139,open water
9140,open water
9141,open water
9142,open water
9143,open water
9144,open water
9145,open water
9146,open water
9147,open water
9148,open water
9149,open water
9150,open water
9151,open water
9152,open water
9153,open water
9154,open water
9155,open water
9156,open water
9157,open water
9158,open water
9159,open water
9160,open water
9161,open water
9162,open water
9163,open water
9164,open water
9165,open water
9166,open water
9167,open water
9168,open water
9169,open water
9170,open water
9171,open water
9172,open water
9173,open water
9174,open water
9175,open water
9176,open water
9177,open water
9178,open water
9179,open water
9180,open water
9181,open water
9182,open water
9183,open water
9184,rock
9185,rock
9186,rock
9187,rock
9188,rock
9189,open water
9190,open water
9191,open water
9192,open water
9193,open water
9194,open water
9195,open water
9196,open water
9197,open water
9198,open water
9199,open water
9200,open water
9201,open water
9202,open water
9203,open water
9204,open water
9205,open water
9206,open water
9207,open water
9208,open water
9209,open water
9210,open water
9211,open water
9212,open water
9213,open water
9214,open water
9215,open water
9216,open water
9217,open water
9218,open water
9219,open water
9220,open water
9221,open water
9222,open water
9223,open water
9224,open water
9225,open water
9226,open water
9227,open water
9228,distributary
9229,distributary
9230,distributary
9231,distributary
9232,distributary
9233,distributary
9234,open water
9235,open water
9236,open water
9237,open water
9238,open water
9239,open water
9240,open water
9241,open water
9242,open water
9243,open water
9244,open water
9245,open water
9246,open water
9247,open water
9248,open water
9249,open water
9250,open water
9251,open water
9252,open water
9253,blind channel
9254,blind channel
9255,blind channel
9256,blind channel
9257,blind channel
9258,blind channel
9259,distributary
9260,distributary
9261,distributary
9262,distributary
9263,distributary
9264,distributary
9265,rock
9266,rock
9267,open water
9268,open water
9269,open water
9270,open water
9271,open water
9272,open water
9273,open water
9274,open water
9275,open water
9276,open water
9277,open water
9278,open water
9279,open water
9280,open water
9281,open water
9282,open water
9283,open water
9284,open water
9285,open water
9286,open water
9287,open water
9288,open water
9289,open water
9290,open water
9291,open water
9292,open water
9293,open water
9294,open water
9295,open water
9296,open water
9297,open water
9298,open water
9299,open water
9300,open water
9301,open water
9302,open water
9303,open water
9304,open water
9305,open water
9306,open water
9307,open water
9308,open water
9309,open water
9310,open water
9311,open water
9312,open water
9313,open water
9314,open water
9315,open water
9316,open water
9317,open water
9318,open water
9319,open water
9320,open water
9321,open water
9322,open water
9323,open water
9324,open water
9325,open water
9326,open water
9327,open water
9328,open water
9329,open water
9330,open water
9331,open water
9332,rock
9333,rock
9334,rock
9335,rock
9336,open water
9337,open water
9338,open water
9339,open water
9340,open water
9341,open water
9342,open water
9343,open water
9344,open water
9345,open water
9346,open water
9347,open water
9348,open water
9349,open water
9350,open water
9351,open water
9352,open water
9353,open water
9354,open water
9355,open water
9356,open water
9357,open water
9358,open water
9359,open water
9360,open water
9361,open water
9362,open water
9363,open water
9364,open water
9365,open water
9366,open water
9367,open water
9368,open water
9369,open water
9370,open water
9371,open water
9372,open water
9373,open water
9374,open water
9375,open water
9376,open water
9377,open water
9378,open water
9379,open water
9380,open water
9381,distributary
9382,distributary
9383,distributary
9384,distributary
9385,open water
9386,open water
9387,open water
9388,open water
9389,open water
9390,open water
9391,open water
9392,open water
9393,open water
9394,open water
9395,open water
9396,open water
9397,open water
9398,open water
9399,open water
9400,open water
9401,open water
9402,open water
9403,open water
9404,open water
9405,open water
9406,blind channel
9407,blind channel
9408,blind channel
9409,blind channel
9410,blind channel
9411,blind channel
9412,distributary
9413,distributary
9414,distributary
9415,distributary
9416,distributary
9417,distributary
9418,distributary
9419,distributary
9420,rock
9421,rock
9422,open water
9423,open water
9424,open water
9425,open water
9426,open water
9427,open water
9428,open water
9429,open water
9430,open water
9431,open water
9432,open water
9433,open water
9434,open water
9435,open water
9436,open water
9437,open water
9438,open water
9439,open water
9440,open water
9441,open water
9442,open water
9443,open water
9444,open water
9445,open water
9446,open water
9447,open water
9448,open water
9449,open water
9450,open water
9451,open water
9452,open water
9453,open water
9454,open water
9455,open water
9456,open water
9457,open water
9458,open water
9459,open water
9460,open water
9461,open water
9462,open water
9463,open water
9464,open water
9465,open water
9466,open water
9467,open water
9468,open water
9469,open water
9470,open water
9471,open water
9472,open water
9473,open water
9474,open water
9475,open water
9476,open water
9477,open water
9478,open water
9479,open water
9480,open water
9481,open water
9482,open water
9483,open water
9484,open water
9485,open water
9486,open water
9487,open water
9488,open water
9489,open water
9490,rock
9491,rock
9492,open water
9493,open water
9494,open water
9495,open water
9496,open water
9497,open water
9498,open water
9499,open water
9500,open water
9501,open water
9502,open water
9503,open water
9504,open water
9505,open water
9506,open water
9507,open water
9508,open water
9509,open water
9510,open water
9511,open water
9512,open water
9513,open water
9514,open water
9515,open water
9516,open water
9517,open water
9518,open water
9519,open water
9520,open water
9521,open water
9522,open water
9523,open water
9524,open water
9525,open water
9526,open water
9527,open water
9528,open water
9529,open water
9530,open water
9531,open water
9532,open water
9533,open water
9534,open water
9535,open water
9536,open water
9537,open water
9538,open water
9539,open water
9540,open water
9541,open water
9542,open water
9543,open water
9544,distributary
9545,distributary
9546,distributary
9547,distributary
9548,open water
9549,open water
9550,open water
9551,open water
9552,open water
9553,open water
9554,open water
9555,open water
9556,open water
9557,open water
9558,open water
9559,open water
9560,open water
9561,open water
9562,open water
9563,open water
9564,open water
9565,open water
9566,open water
9567,open water
9568,blind channel
9569,blind channel
9570,blind channel
9571,blind channel
9572,blind channel
9573,blind channel
9574,blind channel
9575,blind channel
9576,distributary
9577,distributary
9578,distributary
9579,distributary
9580,distributary
9581,distributary
9582,distributary
9583,distributary
9584,rock
9585,rock
9586,rock
9587,open water
9588,open water
9589,open water
9590,open water
9591,open water
9592,open water
9593,open water
9594,open water
9595,open water
9596,open water
9597,open water
9598,open water
9599,open water
9600,open water
9601,open water
9602,open water
9603,open water
9604,open water
9605,open water
9606,open water
9607,open water
9608,open water
9609,open water
9610,open water
9611,open water
9612,open water
9613,open water
9614,open water
9615,open water
9616,open water
9617,open water
9618,open water
9619,open water
9620,open water
9621,open water
9622,open water
9623,open water
9624,open water
9625,open water
9626,open water
9627,open water
9628,open water
9629,open water
9630,open water
9631,open water
9632,open water
9633,open water
9634,open water
9635,open water
9636,open water
9637,open water
9638,open water
9639,open water
9640,open water
9641,open water
9642,open water
9643,open water
9644,open water
9645,open water
9646,open water
9647,open water
9648,open water
9649,open water
9650,open water
9651,open water
9652,open water
9653,open water
9654,open water
9655,open water
9656,open water
9657,open water
9658,open water
9659,rock
9660,rock
9661,open water
9662,open water
9663,open water
9664,open water
9665,open water
9666,open water
9667,open water
9668,open water
9669,open water
9670,open water
9671,open water
9672,open water
9673,open water
9674,open water
9675,open water
9676,open water
9677,open water
9678,open water
9679,open water
9680,open water
9681,open water
9682,open water
9683,open water
9684,open water
9685,open water
9686,open water
9687,open water
9688,open water
9689,open water
9690,open water
9691,open water
9692,open water
9693,open water
9694,open water
9695,open water
9696,open water
9697,open water
9698,open water
9699,open water
9700,open water
9701,open water
9702,open water
9703,open water
9704,open water
9705,open water
9706,open water
9707,open water
9708,open water
9709,open water
9710,open water
9711,open water
9712,distributary
9713,distributary
9714,distributary
9715,open water
9716,open water
9717,open water
9718,open water
9719,open water
9720,open water
9721,open water
9722,open water
9723,open water
9724,open water
9725,open water
9726,open water
9727,open water
9728,open water
9729,open water
9730,open water
9731,open water
9732,open water
9733,open water
9734,open water
9735,open water
9736,open water
9737,blind channel
9738,blind channel
9739,blind channel
9740,blind channel
9741,blind channel
9742,blind channel
9743,blind channel
9744,blind channel
9745,distributary
9746,distributary
9747,distributary
9748,distributary
9749,distributary
9750,distributary
9751,distributary
9752,distributary
9753,rock
9754,rock
9755,rock
9756,open water
9757,open water
9758,open water
9759,open water
9760,open water
9761,open water
9762,open water
9763,open water
9764,open water
9765,open water
9766,open water
9767,open water
9768,open water
9769,open water
9770,open water
9771,open water
9772,open water
9773,open water
9774,open water
9775,open water
9776,open water
9777,open water
9778,open water
9779,open water
9780,open water
9781,open water
9782,open water
9783,open water
9784,open water
9785,open water
9786,open water
9787,open water
9788,open water
9789,open water
9790,open water
9791,open water
9792,open water
9793,open water
9794,open water
9795,open water
9796,open water
9797,open water
9798,open water
9799,open water
9800,open water
9801,open water
9802,open water
9803,open water
9804,open water
9805,open water
9806,open water
9807,open water
9808,open water
9809,open water
9810,open water
9811,open water
9812,open water
9813,open water
9814,open water
9815,open water
9816,open water
9817,open water
9818,open water
9819,open water
9820,open water
9821,open water
9822,open water
9823,open water
9824,open water
9825,open water
9826,open water
9827,open water
9828,open water
9829,open water
9830,rock
9831,rock
9832,rock
9833,open water
9834,open water
9835,open water
9836,open water
9837,open water
9838,open water
9839,open water
9840,open water
9841,open water
9842,open water
9843,open water
9844,open water
9845,open water
9846,open water
9847,open water
9848,open water
9849,open water
9850,open water
9851,open water
9852,open water
9853,open water
9854,open water
9855,open water
9856,open water
9857,open water
9858,open water
9859,open water
9860,open water
9861,open water
9862,open water
9863,open water
9864,open water
9865,open water
9866,open water
9867,open water
9868,open water
9869,open water
9870,open water
9871,open water
9872,open water
9873,open water
9874,open water
9875,open water
9876,open water
9877,open water
9878,open water
9879,open water
9880,open water
9881,open water
9882,open water
9883,open water
9884,open water
9885,open water
9886,distributary
9887,distributary
9888,distributary
9889,open water
9890,open water
9891,open water
9892,open water
9893,open water
9894,open water
9895,open water
9896,open water
9897,open water
9898,open water
9899,open water
9900,open water
9901,open water
9902,open water
9903,open water
9904,open water
9905,open water
9906,open water
9907,open water
9908,open water
9909,open water
9910,open water
9911,open water
9912,open water
9913,blind channel
9914,blind channel
9915,blind channel
9916,blind channel
9917,blind channel
9918,blind channel
9919,blind channel
9920,distributary
9921,distributary
9922,distributary
9923,distributary
9924,distributary
9925,distributary
9926,distributary
9927,distributary
9928,rock
9929,rock
9930,rock
9931,rock
9932,open water
9933,open water
9934,open water
9935,open water
9936,open water
9937,open water
9938,open water
9939,open water
9940,open water
9941,open water
9942,open water
9943,open water
9944,open water
9945,open water
9946,open water
9947,open water
9948,open water
9949,open water
9950,open water
9951,open water
9952,open water
9953,open water
9954,open water
9955,open water
9956,open water
9957,open water
9958,open water
9959,open water
9960,open water
9961,open water
9962,open water
9963,open water
9964,open water
9965,open water
9966,open water
9967,open water
9968,open water
9969,open water
9970,open water
9971,open water
9972,open water
9973,open water
9974,open water
9975,open water
9976,open water
9977,open water
9978,open water
9979,open water
9980,rock
9981,rock
9982,rock
9983,rock
9984,rock
9985,rock
9986,rock
9987,rock
9988,rock
9989,open water
9990,open water
9991,open water
9992,open water
9993,open water
9994,open water
9995,open water
9996,open water
9997,open water
9998,open water
9999,open water
10000,open water
10001,open water
10002,open water
10003,open water
10004,open water
10005,open water
10006,open water
10007,open water
10008,open water
10009,rock
10010,rock
10011,rock
10012,open water
10013,open water
10014,open water
10015,open water
10016,open water
10017,open water
10018,open water
10019,open water
10020,open water
10021,open water
10022,open water
10023,open water
10024,open water
10025,open water
10026,open water
10027,open water
10028,open water
10029,open water
10030,open water
10031,open water
10032,open water
10033,open water
10034,open water
10035,open water
10036,open water
10037,open water
10038,open water
10039,open water
10040,open water
10041,open water
10042,open water
10043,open water
10044,open water
10045,open water
10046,open water
10047,open water
10048,open water
10049,open water
10050,open water
10051,open water
10052,open water
10053,open water
10054,open water
10055,open water
10056,open water
10057,open water
10058,open water
10059,open water
10060,open water
10061,open water
10062,distributary
10063,distributary
10064,distributary
10065,open water
10066,open water
10067,open water
10068,open water
10069,open water
10070,open water
10071,open water
10072,open water
10073,open water
10074,open water
10075,open water
10076,open water
10077,open water
10078,open water
10079,open water
10080,open water
10081,open water
10082,open water
10083,open water
10084,open water
10085,open water
10086,open water
10087,open water
10088,open water
10089,blind channel
10090,blind channel
10091,blind channel
10092,blind channel
10093,blind channel
10094,blind channel
10095,blind channel
10096,distributary
10097,distributary
10098,distributary
10099,distributary
10100,distributary
10101,distributary
10102,distributary
10103,distributary
10104,rock
10105,rock
10106,rock
10107,open water
10108,open water
10109,open water
10110,open water
10111,open water
10112,open water
10113,open water
10114,open water
10115,open water
10116,open water
10117,open water
10118,open water
10119,open water
10120,open water
10121,open water
10122,open water
10123,open water
10124,open water
10125,open water
10126,open water
10127,open water
10128,open water
10129,open water
10130,open water
10131,open water
10132,open water
10133,open water
10134,open water
10135,open water
10136,open water
10137,open water
10138,open water
10139,open water
10140,open water
10141,open water
10142,open water
10143,open water
10144,open water
10145,open water
10146,open water
10147,rock
10148,rock
10149,rock
10150,rock
10151,rock
10152,rock
10153,rock
10154,rock
10155,rock
10156,rock
10157,rock
10158,rock
10159,rock
10160,rock
10161,rock
10162,rock
10163,rock
10164,rock
10165,rock
10166,rock
10167,rock
10168,rock
10169,rock
10170,rock
10171,rock
10172,rock
10173,open water
10174,open water
10175,open water
10176,open water
10177,open water
10178,open water
10179,open water
10180,open water
10181,open water
10182,open water
10183,open water
10184,open water
10185,open water
10186,open water
10187,open water
10188,open water
10189,open water
10190,open water
10191,open water
10192,rock
10193,rock
10194,open water
10195,open water
10196,open water
10197,open water
10198,open water
10199,open water
10200,open water
10201,open water
10202,open water
10203,open water
10204,open water
10205,open water
10206,open water
10207,open water
10208,open water
10209,open water
10210,open water
10211,open water
10212,open water
10213,open water
10214,open water
10215,open water
10216,open water
10217,open water
10218,open water
10219,open water
10220,open water
10221,open water
10222,open water
10223,open water
10224,open water
10225,open water
10226,open water
10227,open water
10228,open water
10229,open water
10230,open water
10231,open water
10232,open water
10233,open water
10234,open water
10235,open water
10236,open water
10237,open water
10238,open water
10239,open water
10240,distributary
10241,distributary
10242,distributary
10243,open water
10244,open water
10245,open water
10246,open water
10247,open water
10248,open water
10249,open water
10250,open water
10251,open water
10252,open water
10253,open water
10254,open water
10255,open water
10256,open water
10257,open water
10258,open water
10259,open water
10260,open water
10261,open water
10262,open water
10263,open water
10264,open water
10265,open water
10266,open water
10267,open water
10268,open water
10269,open water
10270,blind channel
10271,blind channel
10272,blind channel
10273,blind channel
10274,blind channel
10275,blind channel
10276,blind channel
10277,distributary
10278,distributary
10279,distributary
10280,distributary
10281,distributary
10282,distributary
10283,distributary
10284,distributary
10285,rock
10286,rock
10287,open water
10288,open water
10289,open water
10290,open water
10291,open water
10292,open water
10293,open water
10294,open water
10295,open water
10296,open water
10297,open water
10298,open water
10299,open water
10300,open water
10301,open water
10302,open water
10303,open water
10304,open water
10305,open water
10306,open water
10307,open water
10308,open water
10309,open water
10310,open water
10311,open water
10312,open water
10313,open water
10314,open water
10315,open water
10316,open water
10317,open water
10318,open water
10319,open water
10320,open water
10321,open water
10322,open water
10323,open water
10324,open water
10325,open water
10326,open water
10327,open water
10328,rock
10329,rock
10330,rock
10331,rock
10332,rock
10333,rock
10334,rock
10335,rock
10336,rock
10337,rock
10338,rock
10339,rock
10340,rock
10341,rock
10342,rock
10343,rock
10344,rock
10345,rock
10346,rock
10347,open water
10348,open water
10349,open water
10350,open water
10351,open water
10352,open water
10353,open water
10354,open water
10355,open water
10356,open water
10357,open water
10358,open water
10359,open water
10360,open water
10361,open water
10362,open water
10363,rock
10364,rock
10365,rock
10366,open water
10367,open water
10368,open water
10369,open water
10370,open water
10371,open water
10372,open water
10373,open water
10374,open water
10375,open water
10376,open water
10377,open water
10378,open water
10379,open water
10380,open water
10381,open water
10382,open water
10383,open water
10384,open water
10385,open water
10386,open water
10387,open water
10388,open water
10389,open water
10390,open water
10391,open water
10392,open water
10393,open water
10394,open water
10395,open water
10396,open water
10397,open water
10398,open water
10399,open water
10400,open water
10401,open water
10402,open water
10403,open water
10404,open water
10405,open water
10406,open water
10407,open water
10408,open water
10409,open water
10410,distributary
10411,distributary
10412,distributary
10413,open water
10414,open water
10415,open water
10416,open water
10417,open water
10418,open water
10419,open water
10420,open water
10421,open water
10422,open water
10423,open water
10424,open water
10425,open water
10426,open water
10427,open water
10428,open water
10429,open water
10430,open water
10431,open water
10432,open water
10433,open water
10434,open water
10435,open water
10436,open water
10437,open water
10438,open water
10439,blind channel
10440,blind channel
10441,blind channel
10442,blind channel
10443,blind channel
10444,blind channel
10445,blind channel
10446,distributary
10447,distributary
10448,distributary
10449,distributary
10450,distributary
10451,distributary
10452,distributary
10453,distributary
10454,rock
10455,rock
10456,open water
10457,open water
10458,open water
10459,open water
10460,open water
10461,open water
10462,open water
10463,open water
10464,open water
10465,open water
10466,open water
10467,open water
10468,open water
10469,open water
10470,open water
10471,open water
10472,open water
10473,open water
10474,open water
10475,open water
10476,open water
10477,open water
10478,open water
10479,open water
10480,open water
10481,open water
10482,open water
10483,open water
10484,open water
10485,open water
10486,open water
10487,open water
10488,open water
10489,open water
10490,open water
10491,open water
10492,open water
10493,open water
10494,open water
10495,open water
10496,rock
10497,rock
10498,rock
10499,rock
10500,rock
10501,rock
10502,rock
10503,open water
10504,open water
10505,open water
10506,open water
10507,open water
10508,open water
10509,open water
10510,open water
10511,open water
10512,open water
10513,open water
10514,open water
10515,open water
10516,open water
10517,open water
10518,open water
10519,rock
10520,rock
10521,rock
10522,open water
10523,open water
10524,open water
10525,open water
10526,open water
10527,open water
10528,open water
10529,open water
10530,open water
10531,open water
10532,open water
10533,open water
10534,open water
10535,open water
10536,open water
10537,open water
10538,open water
10539,open water
10540,open water
10541,open water
10542,open water
10543,open water
10544,open water
10545,open water
10546,open water
10547,open water
10548,open water
10549,open water
10550,open water
10551,open water
10552,open water
10553,open water
10554,open water
10555,open water
10556,open water
10557,open water
10558,open water
10559,open water
10560,open water
10561,open water
10562,distributary
10563,distributary
10564,distributary
10565,distributary
10566,open water
10567,open water
10568,open water
10569,open water
10570,open water
10571,open water
10572,open water
10573,open water
10574,open water
10575,open water
10576,open water
10577,open water
10578,open water
10579,open water
10580,open water
10581,open water
10582,open water
10583,open water
10584,open water
10585,open water
10586,open water
10587,open water
10588,open water
10589,open water
10590,open water
10591,open water
10592,blind channel
10593,blind channel
10594,blind channel
10595,blind channel
10596,blind channel
10597,blind channel
10598,blind channel
10599,distributary
10600,distributary
10601,distributary
10602,distributary
10603,distributary
10604,distributary
10605,distributary
10606,distributary
10607,rock
10608,rock
10609,open water
10610,open water
10611,open water
10612,open water
10613,open water
10614,open water
10615,open water
10616,open water
10617,open water
10618,open water
10619,open water
10620,open water
10621,open water
10622,open water
10623,open water
10624,open water
10625,open water
10626,open water
10627,open water
10628,open water
10629,open water
10630,open water
10631,open water
10632,open water
10633,open water
10634,open water
10635,open water
10636,open water
10637,open water
10638,open water
10639,open water
10640,open water
10641,open water
10642,open water
10643,open water
10644,open water
10645,open water
10646,open water
10647,open water
10648,open water
10649,open water
10650,open water
10651,rock
10652,rock
10653,rock
10654,rock
10655,open water
10656,open water
10657,open water
10658,open water
10659,open water
10660,open water
10661,open water
10662,open water
10663,open water
10664,open water
10665,open water
10666,open water
10667,open water
10668,open water
10669,open water
10670,open water
10671,open water
10672,rock
10673,rock
10674,open water
10675,open water
10676,open water
10677,open water
10678,open water
10679,open water
10680,open water
10681,open water
10682,open water
10683,open water
10684,open water
10685,open water
10686,open water
10687,open water
10688,open water
10689,open water
10690,open water
10691,open water
10692,open water
10693,open water
10694,open water
10695,open water
10696,open water
10697,open water
10698,open water
10699,open water
10700,open water
10701,open water
10702,open water
10703,open water
10704,open water
10705,open water
10706,open water
10707,open water
10708,open water
10709,open water
10710,open water
10711,distributary
10712,distributary
10713,distributary
10714,distributary
10715,open water
10716,open water
10717,open water
10718,open water
10719,open water
10720,open water
10721,open water
10722,open water
10723,open water
10724,open water
10725,open water
10726,open water
10727,open water
10728,open water
10729,open water
10730,open water
10731,open water
10732,open water
10733,open water
10734,open water
10735,open water
10736,open water
10737,open water
10738,open water
10739,open water
10740,open water
10741,open water
10742,blind channel
10743,blind channel
10744,blind channel
10745,blind channel
10746,blind channel
10747,blind channel
10748,blind channel
10749,blind channel
10750,blind channel
10751,distributary
10752,distributary
10753,distributary
10754,distributary
10755,distributary
10756,distributary
10757,distributary
10758,distributary
10759,rock
10760,open water
10761,open water
10762,open water
10763,open water
10764,open water
10765,open water
10766,open water
10767,open water
10768,open water
10769,open water
10770,open water
10771,open water
10772,open water
10773,open water
10774,open water
10775,open water
10776,open water
10777,open water
10778,open water
10779,open water
10780,open water
10781,open water
10782,open water
10783,open water
10784,open water
10785,open water
10786,open water
10787,open water
10788,open water
10789,open water
10790,open water
10791,open water
10792,open water
10793,open water
10794,open water
10795,open water
10796,open water
10797,open water
10798,open water
10799,open water
10800,open water
10801,open water
10802,open water
10803,open water
10804,open water
10805,open water
10806,open water
10807,rock
10808,rock
10809,rock
10810,open water
10811,rock
10812,rock
10813,open water
10814,open water
10815,open water
10816,open water
10817,open water
10818,open water
10819,open water
10820,open water
10821,open water
10822,open water
10823,open water
10824,open water
10825,open water
10826,open water
10827,open water
10828,open water
10829,open water
10830,open water
10831,rock
10832,rock
10833,open water
10834,open water
10835,open water
10836,open water
10837,open water
10838,open water
10839,open water
10840,open water
10841,open water
10842,open water
10843,open water
10844,open water
10845,open water
10846,open water
10847,open water
10848,open water
10849,open water
10850,open water
10851,open water
10852,open water
10853,open water
10854,open water
10855,open water
10856,open water
10857,open water
10858,open water
10859,open water
10860,open water
10861,distributary
10862,distributary
10863,distributary
10864,distributary
10865,distributary
10866,open water
10867,open water
10868,open water
10869,open water
10870,open water
10871,open water
10872,open water
10873,open water
10874,open water
10875,open water
10876,open water
10877,open water
10878,open water
10879,open water
10880,open water
10881,open water
10882,open water
10883,open water
10884,open water
10885,open water
10886,open water
10887,open water
10888,open water
10889,open water
10890,open water
10891,open water
10892,open water
10893,blind channel
10894,blind channel
10895,blind channel
10896,blind channel
10897,blind channel
10898,blind channel
10899,blind channel
10900,blind channel
10901,blind channel
10902,blind channel
10903,distributary
10904,distributary
10905,distributary
10906,distributary
10907,rock
10908,rock
10909,open water
10910,open water
10911,open water
10912,open water
10913,open water
10914,open water
10915,open water
10916,open water
10917,open water
10918,open water
10919,open water
10920,open water
10921,open water
10922,open water
10923,open water
10924,open water
10925,open water
10926,open water
10927,open water
10928,open water
10929,open water
10930,open water
10931,open water
10932,open water
10933,open water
10934,open water
10935,open water
10936,open water
10937,open water
10938,open water
10939,open water
10940,open water
10941,open water
10942,open water
10943,open water
10944,open water
10945,open water
10946,open water
10947,open water
10948,open water
10949,open water
10950,open water
10951,open water
10952,open water
10953,open water
10954,open water
10955,open water
10956,open water
10957,open water
10958,open water
10959,rock
10960,rock
10961,open water
10962,rock
10963,open water
10964,rock
10965,open water
10966,open water
10967,open water
10968,open water
10969,open water
10970,open water
10971,open water
10972,open water
10973,open water
10974,open water
10975,open water
10976,open water
10977,open water
10978,open water
10979,open water
10980,open water
10981,rock
10982,rock
10983,rock
10984,rock
10985,open water
10986,open water
10987,open water
10988,open water
10989,open water
10990,open water
10991,open water
10992,open water
10993,open water
10994,open water
10995,open water
10996,open water
10997,open water
10998,open water
10999,open water
11000,open water
11001,open water
11002,open water
11003,open water
11004,open water
11005,open water
11006,open water
11007,open water
11008,distributary
11009,distributary
11010,distributary
11011,distributary
11012,distributary
11013,open water
11014,open water
11015,open water
11016,open water
11017,open water
11018,open water
11019,open water
11020,open water
11021,open water
11022,open water
11023,open water
11024,open water
11025,open water
11026,open water
11027,open water
11028,open water
11029,open water
11030,open water
11031,open water
11032,open water
11033,open water
11034,open water
11035,open water
11036,open water
11037,open water
11038,blind channel
11039,open water
11040,open water
11041,open water
11042,distributary
11043,distributary
11044,distributary
11045,distributary
11046,distributary
11047,distributary
11048,blind channel
11049,distributary
11050,distributary
11051,distributary
11052,distributary
11053,rock
11054,rock
11055,open water
11056,open water
11057,open water
11058,open water
11059,open water
11060,open water
11061,open water
11062,open water
11063,open water
11064,open water
11065,open water
11066,open water
11067,open water
11068,open water
11069,open water
11070,open water
11071,open water
11072,open water
11073,open water
11074,open water
11075,open water
11076,open water
11077,open water
11078,open water
11079,open water
11080,open water
11081,open water
11082,open water
11083,open water
11084,open water
11085,open water
11086,open water
11087,open water
11088,open water
11089,open water
11090,open water
11091,open water
11092,open water
11093,open water
11094,open water
11095,open water
11096,open water
11097,open water
11098,open water
11099,open water
11100,open water
11101,open water
11102,open water
11103,open water
11104,open water
11105,open water
11106,open water
11107,open water
11108,open water
11109,open water
11110,rock
11111,rock
11112,open water
11113,rock
11114,open water
11115,open water
11116,rock
11117,open water
11118,open water
11119,open water
11120,open water
11121,open water
11122,open water
11123,open water
11124,open water
11125,open water
11126,open water
11127,open water
11128,open water
11129,open water
11130,open water
11131,open water
11132,open water
11133,open water
11134,open water
11135,rock
11136,rock
11137,rock
11138,rock
11139,open water
11140,open water
11141,open water
11142,open water
11143,open water
11144,open water
11145,open water
11146,open water
11147,open water
11148,open water
11149,open water
11150,open water
11151,open water
11152,open water
11153,open water
11154,open water
11155,open water
11156,open water
11157,open water
11158,distributary
11159,distributary
11160,distributary
11161,distributary
11162,open water
11163,open water
11164,open water
11165,open water
11166,open water
11167,open water
11168,open water
11169,open water
11170,open water
11171,open water
11172,open water
11173,open water
11174,open water
11175,open water
11176,open water
11177,open water
11178,open water
11179,open water
11180,open water
11181,open water
11182,open water
11183,open water
11184,open water
11185,blind channel
11186,blind channel
11187,blind channel
11188,blind channel
11189,blind channel
11190,blind channel
11191,distributary
11192,distributary
11193,distributary
11194,distributary
11195,distributary
11196,distributary
11197,distributary
11198,distributary
11199,distributary
11200,distributary
11201,harbor
11202,harbor
11203,harbor
11204,harbor
11205,open water
11206,open water
11207,open water
11208,open water
11209,open water
11210,open water
11211,open water
11212,open water
11213,open water
11214,open water
11215,open water
11216,open water
11217,open water
11218,open water
11219,open water
11220,open water
11221,open water
11222,open water
11223,open water
11224,open water
11225,open water
11226,open water
11227,open water
11228,open water
11229,open water
11230,open water
11231,open water
11232,open water
11233,open water
11234,open water
11235,open water
11236,open water
11237,open water
11238,open water
11239,open water
11240,open water
11241,open water
11242,open water
11243,open water
11244,open water
11245,open water
11246,open water
11247,open water
11248,open water
11249,open water
11250,open water
11251,open water
11252,open water
11253,open water
11254,open water
11255,open water
11256,open water
11257,open water
11258,open water
11259,open water
11260,rock
11261,rock
11262,open water
11263,rock
11264,open water
11265,open water
11266,open water
11267,rock
11268,open water
11269,open water
11270,open water
11271,open water
11272,open water
11273,open water
11274,open water
11275,open water
11276,open water
11277,open water
11278,open water
11279,open water
11280,open water
11281,open water
11282,open water
11283,open water
11284,open water
11285,open water
11286,open water
11287,open water
11288,rock
11289,rock
11290,open water
11291,open water
11292,open water
11293,open water
11294,open water
11295,open water
11296,open water
11297,open water
11298,open water
11299,open water
11300,open water
11301,open water
11302,open water
11303,open water
11304,open water
11305,open water
11306,open water
11307,open water
11308,distributary
11309,distributary
11310,distributary
11311,distributary
11312,open water
11313,open water
11314,open water
11315,open water
11316,open water
11317,open water
11318,open water
11319,open water
11320,open water
11321,open water
11322,open water
11323,open water
11324,open water
11325,open water
11326,open water
11327,open water
11328,open water
11329,open water
11330,open water
11331,open water
11332,open water
11333,open water
11334,open water
11335,open water
11336,blind channel
11337,blind channel
11338,blind channel
11339,blind channel
11340,blind channel
11341,distributary
11342,distributary
11343,distributary
11344,distributary
11345,distributary
11346,blind channel
11347,blind channel
11348,distributary
11349,distributary
11350,distributary
11351,distributary
11352,distributary
11353,distributary
11354,distributary
11355,harbor
11356,harbor
11357,harbor
11358,harbor
11359,open water
11360,open water
11361,open water
11362,open water
11363,open water
11364,open water
11365,open water
11366,open water
11367,open water
11368,open water
11369,open water
11370,open water
11371,open water
11372,open water
11373,open water
11374,open water
11375,open water
11376,open water
11377,open water
11378,open water
11379,open water
11380,open water
11381,open water
11382,open water
11383,open water
11384,open water
11385,open water
11386,open water
11387,open water
11388,open water
11389,open water
11390,open water
11391,open water
11392,open water
11393,open water
11394,open water
11395,open water
11396,open water
11397,open water
11398,open water
11399,open water
11400,open water
11401,open water
11402,open water
11403,open water
11404,open water
11405,open water
11406,open water
11407,open water
11408,open water
11409,open water
11410,open water
11411,open water
11412,open water
11413,open water
11414,open water
11415,open water
11416,rock
11417,rock
11418,open water
11419,rock
11420,open water
11421,open water
11422,open water
11423,open water
11424,rock
11425,open water
11426,open water
11427,open water
11428,open water
11429,open water
11430,open water
11431,open water
11432,open water
11433,open water
11434,open water
11435,open water
11436,open water
11437,open water
11438,open water
11439,open water
11440,open water
11441,open water
11442,open water
11443,open water
11444,open water
11445,open water
11446,rock
11447,rock
11448,rock
11449,open water
11450,open water
11451,rock
11452,rock
11453,open water
11454,open water
11455,open water
11456,open water
11457,open water
11458,open water
11459,open water
11460,open water
11461,open water
11462,open water
11463,open water
11464,open water
11465,open water
11466,open water
11467,distributary
11468,distributary
11469,distributary
11470,distributary
11471,open water
11472,open water
11473,open water
11474,open water
11475,open water
11476,open water
11477,open water
11478,open water
11479,open water
11480,open water
11481,open water
11482,open water
11483,open water
11484,open water
11485,open water
11486,open water
11487,open water
11488,open water
11489,open water
11490,open water
11491,open water
11492,open water
11493,open water
11494,open water
11495,blind channel
11496,blind channel
11497,blind channel
11498,blind channel
11499,distributary
11500,distributary
11501,distributary
11502,distributary
11503,distributary
11504,blind channel
11505,blind channel
11506,blind channel
11507,blind channel
11508,blind channel
11509,distributary
11510,distributary
11511,distributary
11512,distributary
11513,distributary
11514,distributary
11515,harbor
11516,harbor
11517,open water
11518,open water
11519,open water
11520,open water
11521,open water
11522,open water
11523,open water
11524,open water
11525,harbor
11526,open water
11527,open water
11528,open water
11529,open water
11530,open water
11531,open water
11532,open water
11533,open water
11534,open water
11535,open water
11536,open water
11537,open water
11538,open water
11539,open water
11540,open water
11541,open water
11542,open water
11543,open water
11544,open water
11545,open water
11546,open water
11547,open water
11548,open water
11549,open water
11550,open water
11551,open water
11552,open water
11553,open water
11554,open water
11555,open water
11556,open water
11557,open water
11558,open water
11559,open water
11560,open water
11561,open water
11562,open water
11563,open water
11564,open water
11565,open water
11566,open water
11567,open water
11568,open water
11569,open water
11570,open water
11571,open water
11572,open water
11573,open water
11574,open water
11575,open water
11576,open water
11577,open water
11578,open water
11579,open water
11580,rock
11581,rock
11582,open water
11583,rock
11584,open water
11585,open water
11586,open water
11587,open water
11588,open water
11589,rock
11590,open water
11591,open water
11592,open water
11593,open water
11594,open water
11595,open water
11596,open water
11597,open water
11598,open water
11599,open water
11600,open water
11601,open water
11602,open water
11603,open water
11604,open water
11605,open water
11606,open water
11607,open water
11608,open water
11609,open water
11610,open water
11611,rock
11612,rock
11613,rock
11614,rock
11615,rock
11616,rock
11617,rock
11618,open water
11619,open water
11620,open water
11621,open water
11622,open water
11623,open water
11624,open water
11625,open water
11626,distributary
11627,distributary
11628,distributary
11629,distributary
11630,distributary
11631,open water
11632,open water
11633,open water
11634,open water
11635,open water
11636,open water
11637,open water
11638,open water
11639,open water
11640,open water
11641,open water
11642,open water
11643,open water
11644,open water
11645,open water
11646,open water
11647,open water
11648,open water
11649,open water
11650,open water
11651,open water
11652,open water
11653,open water
11654,open water
11655,open water
11656,open water
11657,blind channel
11658,distributary
11659,distributary
11660,blind channel
11661,blind channel
11662,blind channel
11663,blind channel
11664,blind channel
11665,blind channel
11666,blind channel
11667,blind channel
11668,blind channel
11669,distributary
11670,distributary
11671,distributary
11672,distributary
11673,distributary
11674,distributary
11675,harbor
11676,harbor
11677,harbor
11678,open water
11679,open water
11680,open water
11681,open water
11682,open water
11683,open water
11684,harbor
11685,harbor
11686,harbor
11687,harbor
11688,open water
11689,open water
11690,open water
11691,open water
11692,open water
11693,open water
11694,open water
11695,open water
11696,open water
11697,open water
11698,open water
11699,open water
11700,open water
11701,open water
11702,open water
11703,open water
11704,open water
11705,open water
11706,open water
11707,open water
11708,open water
11709,open water
11710,open water
11711,open water
11712,open water
11713,open water
11714,open water
11715,open water
11716,open water
11717,open water
11718,open water
11719,open water
11720,open water
11721,open water
11722,open water
11723,open water
11724,open water
11725,open water
11726,open water
11727,open water
11728,open water
11729,open water
11730,open water
11731,open water
11732,open water
11733,open water
11734,open water
11735,open water
11736,open water
11737,open water
11738,open water
11739,open water
11740,open water
11741,open water
11742,open water
11743,open water
11744,rock
11745,rock
11746,rock
11747,open water
11748,open water
11749,open water
11750,open water
11751,open water
11752,open water
11753,rock
11754,open water
11755,open water
11756,open water
11757,open water
11758,open water
11759,open water
11760,open water
11761,open water
11762,open water
11763,open water
11764,open water
11765,open water
11766,open water
11767,open water
11768,open water
11769,open water
11770,rock
11771,rock
11772,rock
11773,rock
11774,rock
11775,rock
11776,open water
11777,open water
11778,open water
11779,open water
11780,open water
11781,open water
11782,distributary
11783,distributary
11784,distributary
11785,open water
11786,open water
11787,open water
11788,open water
11789,open water
11790,open water
11791,open water
11792,open water
11793,open water
11794,open water
11795,open water
11796,open water
11797,open water
11798,open water
11799,open water
11800,open water
11801,open water
11802,open water
11803,open water
11804,open water
11805,open water
11806,open water
11807,open water
11808,open water
11809,distributary
11810,distributary
11811,distributary
11812,distributary
11813,distributary
11814,distributary
11815,blind channel
11816,blind channel
11817,blind channel
11818,blind channel
11819,blind channel
11820,blind channel
11821,blind channel
11822,distributary
11823,distributary
11824,distributary
11825,distributary
11826,distributary
11827,distributary
11828,harbor
11829,open water
11830,harbor
11831,open water
11832,open water
11833,open water
11834,open water
11835,harbor
11836,harbor
11837,harbor
11838,open water
11839,open water
11840,open water
11841,open water
11842,open water
11843,open water
11844,open water
11845,open water
11846,open water
11847,open water
11848,open water
11849,open water
11850,open water
11851,open water
11852,open water
11853,open water
11854,open water
11855,open water
11856,open water
11857,open water
11858,open water
11859,open water
11860,open water
11861,open water
11862,open water
11863,open water
11864,open water
11865,open water
11866,open water
11867,open water
11868,open water
11869,open water
11870,open water
11871,open water
11872,open water
11873,open water
11874,open water
11875,open water
11876,open water
11877,open water
11878,open water
11879,open water
11880,open water
11881,open water
11882,open water
11883,open water
11884,open water
11885,open water
11886,open water
11887,open water
11888,open water
11889,open water
11890,open water
11891,open water
11892,open water
11893,open water
11894,open water
11895,open water
11896,rock
11897,rock
11898,rock
11899,open water
11900,open water
11901,open water
11902,open water
11903,open water
11904,open water
11905,open water
11906,harbor
11907,open water
11908,open water
11909,open water
11910,open water
11911,open water
11912,open water
11913,open water
11914,open water
11915,open water
11916,open water
11917,open water
11918,open water
11919,open water
11920,open water
11921,rock
11922,rock
11923,open water
11924,open water
11925,open water
11926,open water
11927,open water
11928,open water
11929,open water
11930,open water
11931,distributary
11932,distributary
11933,distributary
11934,open water
11935,open water
11936,open water
11937,open water
11938,open water
11939,open water
11940,open water
11941,open water
11942,open water
11943,open water
11944,open water
11945,open water
11946,open water
11947,open water
11948,open water
11949,open water
11950,open water
11951,open water
11952,open water
11953,open water
11954,open water
11955,open water
11956,distributary
11957,distributary
11958,distributary
11959,distributary
11960,distributary
11961,distributary
11962,distributary
11963,blind channel
11964,blind channel
11965,blind channel
11966,blind channel
11967,blind channel
11968,blind channel
11969,distributary
11970,distributary
11971,distributary
11972,distributary
11973,distributary
11974,distributary
11975,distributary
11976,harbor
11977,harbor
11978,harbor
11979,open water
11980,open water
11981,open water
11982,open water
11983,harbor
11984,harbor
11985,harbor
11986,harbor
11987,open water
11988,open water
11989,open water
11990,open water
11991,open water
11992,open water
11993,open water
11994,open water
11995,open water
11996,open water
11997,open water
11998,open water
11999,open water
12000,open water
12001,open water
12002,open water
12003,open water
12004,open water
12005,open water
12006,open water
12007,open water
12008,open water
12009,open water
12010,open water
12011,open water
12012,open water
12013,open water
12014,open water
12015,distributary
12016,open water
12017,open water
12018,open water
12019,open water
12020,open water
12021,open water
12022,open water
12023,open water
12024,open water
12025,open water
12026,open water
12027,open water
12028,open water
12029,open water
12030,open water
12031,open water
12032,open water
12033,open water
12034,open water
12035,open water
12036,open water
12037,open water
12038,open water
12039,open water
12040,open water
12041,open water
12042,open water
12043,open water
12044,open water
12045,open water
12046,open water
12047,open water
12048,rock
12049,rock
12050,rock
12051,open water
12052,open water
12053,open water
12054,open water
12055,open water
12056,open water
12057,open water
12058,open water
12059,harbor
12060,open water
12061,open water
12062,open water
12063,open water
12064,open water
12065,open water
12066,open water
12067,open water
12068,open water
12069,open water
12070,open water
12071,open water
12072,open water
12073,open water
12074,open water
12075,open water
12076,open water
12077,open water
12078,open water
12079,open water
12080,open water
12081,open water
12082,open water
12083,distributary
12084,distributary
12085,distributary
12086,distributary
12087,distributary
12088,open water
12089,open water
12090,open water
12091,open water
12092,open water
12093,open water
12094,open water
12095,open water
12096,open water
12097,open water
12098,open water
12099,open water
12100,open water
12101,open water
12102,open water
12103,open water
12104,open water
12105,open water
12106,open water
12107,open water
12108,open water
12109,distributary
12110,distributary
12111,distributary
12112,distributary
12113,distributary
12114,open water
12115,open water
12116,open water
12117,blind channel
12118,blind channel
12119,blind channel
12120,blind channel
12121,blind channel
12122,blind channel
12123,distributary
12124,distributary
12125,distributary
12126,distributary
12127,distributary
12128,distributary
12129,harbor
12130,harbor
12131,harbor
12132,harbor
12133,open water
12134,open water
12135,open water
12136,open water
12137,harbor
12138,harbor
12139,harbor
12140,harbor
12141,open water
12142,open water
12143,open water
12144,open water
12145,open water
12146,open water
12147,open water
12148,open water
12149,open water
12150,open water
12151,open water
12152,open water
12153,open water
12154,open water
12155,open water
12156,open water
12157,open water
12158,open water
12159,open water
12160,open water
12161,open water
12162,open water
12163,open water
12164,open water
12165,open water
12166,open water
12167,open water
12168,open water
12169,open water
12170,open water
12171,open water
12172,open water
12173,distributary
12174,open water
12175,open water
12176,distributary
12177,open water
12178,open water
12179,open water
12180,open water
12181,open water
12182,open water
12183,open water
12184,open water
12185,open water
12186,open water
12187,distributary
12188,open water
12189,open water
12190,open water
12191,open water
12192,open water
12193,open water
12194,open water
12195,open water
12196,open water
12197,open water
12198,open water
12199,open water
12200,open water
12201,open water
12202,open water
12203,open water
12204,open water
12205,open water
12206,open water
12207,open water
12208,rock
12209,rock
12210,open water
12211,open water
12212,open water
12213,open water
12214,open water
12215,open water
12216,open water
12217,open water
12218,open water
12219,open water
12220,harbor
12221,open water
12222,open water
12223,open water
12224,open water
12225,open water
12226,open water
12227,open water
12228,open water
12229,open water
12230,open water
12231,open water
12232,open water
12233,open water
12234,open water
12235,open water
12236,open water
12237,open water
12238,open water
12239,open water
12240,open water
12241,open water
12242,open water
12243,open water
12244,open water
12245,open water
12246,open water
12247,open water
12248,open water
12249,open water
12250,open water
12251,open water
12252,open water
12253,open water
12254,open water
12255,open water
12256,open water
12257,open water
12258,open water
12259,open water
12260,open water
12261,open water
12262,open water
12263,open water
12264,open water
12265,open water
12266,open water
12267,open water
12268,open water
12269,open water
12270,open water
12271,distributary
12272,distributary
12273,distributary
12274,distributary
12275,open water
12276,open water
12277,open water
12278,open water
12279,blind channel
12280,blind channel
12281,blind channel
12282,blind channel
12283,blind channel
12284,blind channel
12285,blind channel
12286,distributary
12287,distributary
12288,distributary
12289,distributary
12290,distributary
12291,distributary
12292,harbor
12293,harbor
12294,harbor
12295,harbor
12296,harbor
12297,harbor
12298,open water
12299,open water
12300,open water
12301,open water
12302,open water
12303,harbor
12304,harbor
12305,harbor
12306,harbor
12307,harbor
12308,open water
12309,open water
12310,distributary
12311,distributary
12312,intertidal mud flat
12313,open water
12314,open water
12315,open water
12316,open water
12317,open water
12318,open water
12319,open water
12320,open water
12321,open water
12322,open water
12323,open water
12324,open water
12325,open water
12326,open water
12327,open water
12328,open water
12329,open water
12330,open water
12331,open water
12332,open water
12333,open water
12334,open water
12335,open water
12336,open water
12337,open water
12338,open water
12339,open water
12340,open water
12341,distributary
12342,open water
12343,distributary
12344,open water
12345,open water
12346,open water
12347,open water
12348,open water
12349,open water
12350,open water
12351,open water
12352,open water
12353,distributary
12354,distributary
12355,distributary
12356,distributary
12357,open water
12358,open water
12359,open water
12360,open water
12361,open water
12362,open water
12363,open water
12364,open water
12365,open water
12366,open water
12367,open water
12368,open water
12369,open water
12370,open water
12371,open water
12372,open water
12373,open water
12374,open water
12375,open water
12376,open water
12377,rock
12378,rock
12379,open water
12380,open water
12381,open water
12382,open water
12383,open water
12384,open water
12385,open water
12386,open water
12387,open water
12388,open water
12389,open water
12390,harbor
12391,open water
12392,open water
12393,open water
12394,open water
12395,open water
12396,open water
12397,open water
12398,open water
12399,open water
12400,open water
12401,open water
12402,open water
12403,open water
12404,open water
12405,open water
12406,open water
12407,open water
12408,open water
12409,open water
12410,open water
12411,open water
12412,open water
12413,open water
12414,open water
12415,open water
12416,open water
12417,open water
12418,open water
12419,open water
12420,open water
12421,open water
12422,open water
12423,open water
12424,open water
12425,open water
12426,open water
12427,open water
12428,open water
12429,open water
12430,open water
12431,open water
12432,open water
12433,open water
12434,open water
12435,open water
12436,open water
12437,open water
12438,open water
12439,open water
12440,open water
12441,open water
12442,open water
12443,open water
12444,open water
12445,distributary
12446,distributary
12447,open water
12448,open water
12449,open water
12450,open water
12451,open water
12452,blind channel
12453,blind channel
12454,blind channel
12455,blind channel
12456,blind channel
12457,blind channel
12458,blind channel
12459,blind channel
12460,distributary
12461,distributary
12462,distributary
12463,distributary
12464,distributary
12465,distributary
12466,harbor
12467,harbor
12468,harbor
12469,harbor
12470,open water
12471,open water
12472,open water
12473,harbor
12474,harbor
12475,harbor
12476,harbor
12477,harbor
12478,harbor
12479,distributary
12480,distributary
12481,distributary
12482,intertidal mud flat
12483,intertidal mud flat
12484,intertidal mud flat
12485,intertidal mud flat
12486,open water
12487,intertidal mud flat
12488,open water
12489,intertidal mud flat
12490,open water
12491,open water
12492,open water
12493,open water
12494,open water
12495,intertidal mud flat
12496,intertidal mud flat
12497,open water
12498,open water
12499,open water
12500,open water
12501,open water
12502,open water
12503,open water
12504,open water
12505,open water
12506,open water
12507,open water
12508,open water
12509,open water
12510,open water
12511,open water
12512,open water
12513,open water
12514,distributary
12515,distributary
12516,open water
12517,open water
12518,open water
12519,open water
12520,open water
12521,open water
12522,open water
12523,open water
12524,open water
12525,open water
12526,distributary
12527,distributary
12528,distributary
12529,open water
12530,open water
12531,open water
12532,open water
12533,open water
12534,open water
12535,open water
12536,open water
12537,open water
12538,open water
12539,open water
12540,open water
12541,open water
12542,open water
12543,open water
12544,open water
12545,open water
12546,open water
12547,open water
12548,open water
12549,open water
12550,open water
12551,open water
12552,rock
12553,rock
12554,open water
12555,open water
12556,open water
12557,open water
12558,open water
12559,open water
12560,open water
12561,open water
12562,open water
12563,open water
12564,open water
12565,open water
12566,open water
12567,harbor
12568,open water
12569,open water
12570,open water
12571,open water
12572,open water
12573,open water
12574,open water
12575,open water
12576,open water
12577,open water
12578,open water
12579,open water
12580,open water
12581,open water
12582,open water
12583,open water
12584,open water
12585,open water
12586,open water
12587,open water
12588,open water
12589,open water
12590,open water
12591,open water
12592,open water
12593,open water
12594,open water
12595,open water
12596,open water
12597,open water
12598,open water
12599,open water
12600,open water
12601,open water
12602,open water
12603,open water
12604,open water
12605,open water
12606,open water
12607,open water
12608,open water
12609,open water
12610,open water
12611,open water
12612,open water
12613,open water
12614,open water
12615,open water
12616,open water
12617,open water
12618,open water
12619,open water
12620,open water
12621,open water
12622,open water
12623,open water
12624,open water
12625,open water
12626,open water
12627,open water
12628,distributary
12629,open water
12630,open water
12631,open water
12632,open water
12633,blind channel
12634,blind channel
12635,blind channel
12636,blind channel
12637,blind channel
12638,blind channel
12639,blind channel
12640,blind channel
12641,blind channel
12642,blind channel
12643,blind channel
12644,blind channel
12645,distributary
12646,distributary
12647,distributary
12648,distributary
12649,distributary
12650,distributary
12651,harbor
12652,harbor
12653,harbor
12654,harbor
12655,harbor
12656,open water
12657,open water
12658,open water
12659,open water
12660,open water
12661,harbor
12662,harbor
12663,harbor
12664,harbor
12665,harbor
12666,harbor
12667,distributary
12668,distributary
12669,distributary
12670,intertidal mud flat
12670,distributary
12671,intertidal mud flat
12672,intertidal mud flat
12673,intertidal mud flat
12674,intertidal mud flat
12675,intertidal mud flat
12676,intertidal mud flat
12677,intertidal mud flat
12678,intertidal mud flat
12679,intertidal mud flat
12680,intertidal mud flat
12681,intertidal mud flat
12682,intertidal mud flat
12683,intertidal mud flat
12684,intertidal mud flat
12685,intertidal mud flat
12686,intertidal mud flat
12687,intertidal mud flat
12688,intertidal mud flat
12689,intertidal mud flat
12690,intertidal mud flat
12691,intertidal mud flat
12692,intertidal mud flat
12693,intertidal mud flat
12694,intertidal mud flat
12695,intertidal mud flat
12696,intertidal mud flat
12697,intertidal mud flat
12698,open water
12699,open water
12700,open water
12701,open water
12702,distributary
12703,distributary
12704,open water
12705,open water
12706,open water
12707,open water
12708,open water
12709,open water
12710,open water
12711,open water
12712,open water
12713,open water
12714,open water
12715,distributary
12716,distributary
12717,distributary
12718,open water
12719,open water
12720,open water
12721,open water
12722,open water
12723,open water
12724,open water
12725,open water
12726,open water
12727,open water
12728,open water
12729,open water
12730,open water
12731,open water
12732,open water
12733,open water
12734,open water
12735,open water
12736,open water
12737,open water
12738,open water
12739,open water
12740,open water
12741,open water
12742,open water
12743,open water
12744,rock
12745,rock
12746,open water
12747,open water
12748,open water
12749,open water
12750,open water
12751,open water
12752,open water
12753,open water
12754,open water
12755,rock
12756,open water
12757,open water
12758,open water
12759,open water
12760,rock
12761,open water
12762,open water
12763,open water
12764,open water
12765,open water
12766,open water
12767,open water
12768,open water
12769,open water
12770,open water
12771,open water
12772,open water
12773,open water
12774,open water
12775,open water
12776,open water
12777,open water
12778,open water
12779,open water
12780,open water
12781,open water
12782,open water
12783,open water
12784,open water
12785,open water
12786,open water
12787,open water
12788,open water
12789,open water
12790,open water
12791,open water
12792,open water
12793,open water
12794,open water
12795,open water
12796,open water
12797,open water
12798,open water
12799,open water
12800,open water
12801,open water
12802,open water
12803,open water
12804,open water
12805,open water
12806,open water
12807,open water
12808,open water
12809,open water
12810,open water
12811,open water
12812,open water
12813,open water
12814,open water
12815,open water
12816,open water
12817,open water
12818,open water
12819,open water
12820,open water
12821,open water
12822,open water
12823,open water
12824,open water
12825,distributary
12826,distributary
12827,open water
12828,distributary
12829,distributary
12830,open water
12831,open water
12832,open water
12833,open water
12834,open water
12835,open water
12836,blind channel
12837,blind channel
12838,blind channel
12839,blind channel
12840,blind channel
12841,blind channel
12842,distributary
12843,distributary
12844,distributary
12845,distributary
12846,distributary
12847,distributary
12848,harbor
12849,harbor
12850,open water
12851,harbor
12852,open water
12853,open water
12854,open water
12855,open water
12856,open water
12857,open water
12858,harbor
12859,harbor
12860,harbor
12861,harbor
12862,distributary
12863,distributary
12864,distributary
12865,intertidal mud flat
12865,distributary
12866,intertidal mud flat
12867,intertidal mud flat
12868,intertidal mud flat
12869,intertidal mud flat
12870,intertidal mud flat
12871,intertidal mud flat
12872,intertidal mud flat
12873,intertidal mud flat
12874,intertidal mud flat
12875,intertidal mud flat
12876,intertidal mud flat
12877,intertidal mud flat
12878,intertidal mud flat
12879,intertidal mud flat
12880,intertidal mud flat
12881,intertidal mud flat
12882,intertidal mud flat
12883,intertidal mud flat
12884,intertidal mud flat
12885,intertidal mud flat
12886,intertidal mud flat
12887,intertidal mud flat
12888,intertidal mud flat
12889,intertidal mud flat
12890,intertidal mud flat
12891,intertidal mud flat
12892,intertidal mud flat
12893,intertidal mud flat
12894,intertidal mud flat
12895,intertidal mud flat
12896,intertidal mud flat
12897,intertidal mud flat
12898,distributary
12899,open water
12900,open water
12901,open water
12902,open water
12903,open water
12904,open water
12905,open water
12906,open water
12907,open water
12908,open water
12909,open water
12910,open water
12911,distributary
12912,distributary
12913,open water
12914,open water
12915,open water
12916,open water
12917,open water
12918,open water
12919,open water
12920,open water
12921,open water
12922,open water
12923,open water
12924,open water
12925,open water
12926,open water
12927,open water
12928,open water
12929,open water
12930,open water
12931,open water
12932,open water
12933,open water
12934,open water
12935,open water
12936,open water
12937,open water
12938,open water
12939,open water
12940,open water
12941,rock
12942,rock
12943,rock
12944,open water
12945,open water
12946,open water
12947,open water
12948,open water
12949,open water
12950,rock
12951,rock
12952,open water
12953,open water
12954,open water
12955,open water
12956,open water
12957,open water
12958,open water
12959,open water
12960,open water
12961,open water
12962,open water
12963,open water
12964,open water
12965,open water
12966,open water
12967,open water
12968,open water
12969,open water
12970,open water
12971,open water
12972,open water
12973,open water
12974,open water
12975,open water
12976,open water
12977,open water
12978,open water
12979,open water
12980,open water
12981,open water
12982,open water
12983,open water
12984,open water
12985,open water
12986,open water
12987,open water
12988,open water
12989,open water
12990,open water
12991,open water
12992,open water
12993,open water
12994,open water
12995,open water
12996,open water
12997,open water
12998,open water
12999,open water
13000,open water
13001,open water
13002,open water
13003,open water
13004,open water
13005,open water
13006,open water
13007,open water
13008,open water
13009,open water
13010,open water
13011,open water
13012,open water
13013,open water
13014,open water
13015,open water
13016,open water
13017,open water
13018,open water
13019,open water
13020,open water
13021,open water
13022,open water
13023,open water
13024,open water
13025,open water
13026,distributary
13027,distributary
13028,distributary
13029,open water
13030,open water
13031,open water
13032,open water
13033,open water
13034,open water
13035,open water
13036,blind channel
13037,blind channel
13038,blind channel
13039,blind channel
13040,blind channel
13041,blind channel
13042,blind channel
13043,distributary
13044,distributary
13045,distributary
13046,distributary
13047,distributary
13048,distributary
13049,harbor
13050,open water
13051,open water
13052,harbor
13053,open water
13054,open water
13055,open water
13056,open water
13057,open water
13058,harbor
13059,harbor
13060,distributary
13061,distributary
13062,intertidal mud flat
13062,distributary
13063,intertidal mud flat
13064,intertidal mud flat
13065,intertidal mud flat
13066,intertidal mud flat
13067,intertidal mud flat
13068,intertidal mud flat
13069,intertidal mud flat
13070,intertidal mud flat
13071,intertidal mud flat
13072,intertidal mud flat
13073,intertidal mud flat
13074,intertidal mud flat
13075,intertidal mud flat
13076,intertidal mud flat
13077,intertidal mud flat
13078,intertidal mud flat
13079,intertidal mud flat
13080,intertidal mud flat
13081,intertidal mud flat
13082,intertidal mud flat
13083,intertidal mud flat
13084,intertidal mud flat
13085,intertidal mud flat
13086,intertidal mud flat
13087,intertidal mud flat
13088,distributary
13089,intertidal mud flat
13090,intertidal mud flat
13091,intertidal mud flat
13092,intertidal mud flat
13093,intertidal mud flat
13094,distributary
13095,open water
13096,open water
13097,open water
13098,open water
13099,open water
13100,open water
13101,open water
13102,open water
13103,open water
13104,open water
13105,open water
13106,open water
13107,distributary
13108,distributary
13109,open water
13110,open water
13111,open water
13112,open water
13113,open water
13114,open water
13115,open water
13116,open water
13117,open water
13118,open water
13119,open water
13120,open water
13121,open water
13122,open water
13123,open water
13124,open water
13125,open water
13126,open water
13127,open water
13128,open water
13129,open water
13130,open water
13131,open water
13132,open water
13133,rock
13134,rock
13135,open water
13136,open water
13137,open water
13138,rock
13139,rock
13140,open water
13141,open water
13142,open water
13143,open water
13144,open water
13145,open water
13146,open water
13147,open water
13148,open water
13149,open water
13150,open water
13151,open water
13152,open water
13153,open water
13154,open water
13155,open water
13156,open water
13157,open water
13158,open water
13159,open water
13160,open water
13161,open water
13162,open water
13163,open water
13164,open water
13165,open water
13166,open water
13167,open water
13168,open water
13169,open water
13170,open water
13171,open water
13172,open water
13173,open water
13174,open water
13175,open water
13176,open water
13177,open water
13178,open water
13179,open water
13180,open water
13181,open water
13182,open water
13183,open water
13184,open water
13185,open water
13186,open water
13187,open water
13188,open water
13189,open water
13190,open water
13191,open water
13192,open water
13193,open water
13194,open water
13195,open water
13196,open water
13197,open water
13198,open water
13199,open water
13200,open water
13201,open water
13202,open water
13203,open water
13204,open water
13205,open water
13206,open water
13207,open water
13208,open water
13209,open water
13210,open water
13211,open water
13212,open water
13213,open water
13214,open water
13215,open water
13216,open water
13217,open water
13218,open water
13219,distributary
13220,distributary
13221,distributary
13222,distributary
13223,open water
13224,open water
13225,open water
13226,open water
13227,open water
13228,open water
13229,blind channel
13230,blind channel
13231,blind channel
13232,blind channel
13233,blind channel
13234,blind channel
13235,blind channel
13236,distributary
13237,distributary
13238,distributary
13239,distributary
13240,distributary
13241,distributary
13242,harbor
13243,harbor
13244,harbor
13245,open water
13246,open water
13247,open water
13248,open water
13249,open water
13250,harbor
13251,harbor
13252,harbor
13253,distributary
13254,distributary
13255,distributary
13256,intertidal mud flat
13256,distributary
13257,intertidal mud flat
13258,intertidal mud flat
13259,intertidal mud flat
13260,intertidal mud flat
13261,intertidal mud flat
13262,intertidal mud flat
13263,intertidal mud flat
13264,intertidal mud flat
13265,intertidal mud flat
13266,intertidal mud flat
13267,intertidal mud flat
13268,intertidal mud flat
13269,intertidal mud flat
13270,intertidal mud flat
13271,intertidal mud flat
13272,intertidal mud flat
13273,intertidal mud flat
13274,intertidal mud flat
13275,intertidal mud flat
13276,intertidal mud flat
13277,intertidal mud flat
13278,intertidal mud flat
13279,intertidal mud flat
13280,distributary
13281,distributary
13282,distributary
13283,distributary
13284,distributary
13285,distributary
13286,distributary
13287,open water
13288,open water
13289,open water
13290,open water
13291,distributary
13292,distributary
13293,distributary
13294,distributary
13295,distributary
13296,distributary
13297,distributary
13298,distributary
13299,distributary
13300,distributary
13301,open water
13302,open water
13303,open water
13304,open water
13305,open water
13306,open water
13307,open water
13308,open water
13309,open water
13310,open water
13311,open water
13312,open water
13313,open water
13314,open water
13315,open water
13316,open water
13317,open water
13318,open water
13319,open water
13320,open water
13321,open water
13322,open water
13323,open water
13324,open water
13325,rock
13326,open water
13327,open water
13328,open water
13329,open water
13330,open water
13331,open water
13332,open water
13333,open water
13334,open water
13335,open water
13336,open water
13337,open water
13338,open water
13339,open water
13340,open water
13341,open water
13342,open water
13343,open water
13344,open water
13345,open water
13346,open water
13347,open water
13348,open water
13349,open water
13350,open water
13351,open water
13352,open water
13353,open water
13354,open water
13355,open water
13356,open water
13357,open water
13358,open water
13359,open water
13360,open water
13361,open water
13362,open water
13363,open water
13364,open water
13365,open water
13366,open water
13367,open water
13368,open water
13369,open water
13370,open water
13371,open water
13372,open water
13373,open water
13374,open water
13375,open water
13376,open water
13377,open water
13378,open water
13379,open water
13380,open water
13381,open water
13382,open water
13383,open water
13384,open water
13385,open water
13386,open water
13387,open water
13388,open water
13389,open water
13390,open water
13391,open water
13392,open water
13393,open water
13394,open water
13395,open water
13396,open water
13397,open water
13398,open water
13399,open water
13400,open water
13401,open water
13402,open water
13403,open water
13404,open water
13405,open water
13406,open water
13407,open water
13408,open water
13409,open water
13410,open water
13411,distributary
13412,open water
13413,open water
13414,open water
13415,open water
13416,open water
13417,open water
13418,open water
13419,blind channel
13420,blind channel
13421,blind channel
13422,blind channel
13423,blind channel
13424,blind channel
13425,blind channel
13426,blind channel
13427,distributary
13428,distributary
13429,distributary
13430,distributary
13431,distributary
13432,distributary
13433,harbor
13434,harbor
13435,open water
13436,open water
13437,harbor
13438,harbor
13439,harbor
13440,harbor
13441,distributary
13442,distributary
13443,distributary
13444,intertidal mud flat
13444,distributary
13445,intertidal mud flat
13446,intertidal mud flat
13447,intertidal mud flat
13448,intertidal mud flat
13449,intertidal mud flat
13450,intertidal mud flat
13451,intertidal mud flat
13452,intertidal mud flat
13453,intertidal mud flat
13454,intertidal mud flat
13455,intertidal mud flat
13456,intertidal mud flat
13457,intertidal mud flat
13458,intertidal mud flat
13459,intertidal mud flat
13460,intertidal mud flat
13461,intertidal mud flat
13462,intertidal mud flat
13463,intertidal mud flat
13464,intertidal mud flat
13465,intertidal mud flat
13466,intertidal mud flat
13467,intertidal mud flat
13468,intertidal mud flat
13469,intertidal mud flat
13470,intertidal mud flat
13471,intertidal mud flat
13472,distributary
13473,distributary
13474,open water
13475,open water
13476,distributary
13477,distributary
13478,distributary
13479,distributary
13480,distributary
13481,distributary
13482,distributary
13483,distributary
13484,distributary
13485,distributary
13486,distributary
13487,open water
13488,open water
13489,open water
13490,open water
13491,open water
13492,open water
13493,open water
13494,open water
13495,open water
13496,open water
13497,open water
13498,open water
13499,open water
13500,open water
13501,open water
13502,open water
13503,open water
13504,open water
13505,open water
13506,open water
13507,open water
13508,open water
13509,open water
13510,open water
13511,open water
13512,open water
13513,open water
13514,open water
13515,open water
13516,open water
13517,open water
13518,open water
13519,open water
13520,open water
13521,open water
13522,open water
13523,open water
13524,open water
13525,open water
13526,open water
13527,open water
13528,open water
13529,open water
13530,open water
13531,open water
13532,open water
13533,open water
13534,open water
13535,open water
13536,open water
13537,open water
13538,open water
13539,open water
13540,open water
13541,open water
13542,open water
13543,open water
13544,open water
13545,open water
13546,open water
13547,open water
13548,open water
13549,open water
13550,open water
13551,open water
13552,open water
13553,open water
13554,open water
13555,open water
13556,open water
13557,open water
13558,open water
13559,open water
13560,open water
13561,open water
13562,open water
13563,open water
13564,open water
13565,open water
13566,open water
13567,open water
13568,open water
13569,open water
13570,open water
13571,open water
13572,open water
13573,open water
13574,open water
13575,open water
13576,open water
13577,open water
13578,open water
13579,open water
13580,open water
13581,open water
13582,open water
13583,open water
13584,open water
13585,open water
13586,open water
13587,open water
13588,open water
13589,open water
13590,open water
13591,open water
13592,open water
13593,open water
13594,open water
13595,open water
13596,open water
13597,open water
13598,blind channel
13599,blind channel
13600,distributary
13601,distributary
13602,distributary
13603,distributary
13604,distributary
13605,distributary
13606,harbor
13607,open water
13608,harbor
13609,harbor
13610,harbor
13611,harbor
13612,distributary
13613,distributary
13614,distributary
13615,intertidal mud flat
13615,distributary
13616,intertidal mud flat
13617,intertidal mud flat
13618,intertidal mud flat
13619,intertidal mud flat
13620,intertidal mud flat
13621,intertidal mud flat
13622,intertidal mud flat
13623,intertidal mud flat
13624,intertidal mud flat
13625,intertidal mud flat
13626,intertidal mud flat
13627,intertidal mud flat
13628,intertidal mud flat
13629,intertidal mud flat
13630,intertidal mud flat
13631,intertidal mud flat
13632,intertidal mud flat
13633,intertidal mud flat
13634,intertidal mud flat
13635,intertidal mud flat
13636,intertidal mud flat
13637,intertidal mud flat
13638,intertidal mud flat
13639,intertidal mud flat
13640,intertidal mud flat
13641,intertidal mud flat
13642,intertidal mud flat
13643,distributary
13644,distributary
13645,open water
13646,distributary
13647,distributary
13648,distributary
13649,distributary
13650,distributary
13651,distributary
13652,open water
13653,open water
13654,open water
13655,open water
13656,open water
13657,open water
13658,open water
13659,open water
13660,open water
13661,open water
13662,open water
13663,open water
13664,open water
13665,open water
13666,open water
13667,open water
13668,open water
13669,open water
13670,open water
13671,open water
13672,open water
13673,open water
13674,open water
13675,open water
13676,open water
13677,open water
13678,open water
13679,open water
13680,open water
13681,open water
13682,open water
13683,open water
13684,open water
13685,open water
13686,open water
13687,open water
13688,open water
13689,open water
13690,open water
13691,open water
13692,open water
13693,open water
13694,open water
13695,open water
13696,open water
13697,open water
13698,open water
13699,open water
13700,open water
13701,open water
13702,open water
13703,open water
13704,open water
13705,open water
13706,open water
13707,open water
13708,open water
13709,open water
13710,open water
13711,open water
13712,open water
13713,open water
13714,open water
13715,open water
13716,open water
13717,open water
13718,open water
13719,open water
13720,open water
13721,open water
13722,open water
13723,open water
13724,open water
13725,open water
13726,open water
13727,open water
13728,open water
13729,open water
13730,open water
13731,open water
13732,open water
13733,open water
13734,open water
13735,open water
13736,open water
13737,open water
13738,open water
13739,open water
13740,open water
13741,open water
13742,open water
13743,open water
13744,open water
13745,open water
13746,open water
13747,open water
13748,open water
13749,open water
13750,open water
13751,open water
13752,open water
13753,open water
13754,open water
13755,open water
13756,open water
13757,open water
13758,open water
13759,open water
13760,open water
13761,open water
13762,open water
13763,open water
13764,open water
13765,open water
13766,blind channel
13767,distributary
13768,distributary
13769,distributary
13770,distributary
13771,distributary
13772,distributary
13773,harbor
13774,harbor
13775,harbor
13776,harbor
13777,harbor
13778,harbor
13779,harbor
13780,distributary
13781,distributary
13782,distributary
13783,intertidal mud flat
13783,distributary
13784,intertidal mud flat
13785,intertidal mud flat
13786,intertidal mud flat
13787,intertidal mud flat
13788,intertidal mud flat
13789,intertidal mud flat
13790,intertidal mud flat
13791,intertidal mud flat
13792,intertidal mud flat
13793,intertidal mud flat
13794,intertidal mud flat
13795,intertidal mud flat
13796,intertidal mud flat
13797,intertidal mud flat
13798,intertidal mud flat
13799,intertidal mud flat
13800,intertidal mud flat
13801,intertidal mud flat
13802,intertidal mud flat
13803,intertidal mud flat
13804,intertidal mud flat
13805,intertidal mud flat
13806,intertidal mud flat
13807,intertidal mud flat
13808,intertidal mud flat
13809,intertidal mud flat
13810,distributary
13811,distributary
13812,open water
13813,distributary
13814,distributary
13815,distributary
13816,distributary
13817,distributary
13818,open water
13819,open water
13820,open water
13821,open water
13822,open water
13823,open water
13824,open water
13825,open water
13826,open water
13827,open water
13828,open water
13829,open water
13830,open water
13831,open water
13832,open water
13833,open water
13834,open water
13835,open water
13836,open water
13837,open water
13838,open water
13839,open water
13840,open water
13841,open water
13842,open water
13843,open water
13844,open water
13845,open water
13846,open water
13847,open water
13848,open water
13849,open water
13850,open water
13851,open water
13852,open water
13853,open water
13854,open water
13855,open water
13856,open water
13857,open water
13858,open water
13859,open water
13860,open water
13861,open water
13862,open water
13863,open water
13864,open water
13865,open water
13866,open water
13867,open water
13868,open water
13869,open water
13870,open water
13871,open water
13872,open water
13873,open water
13874,open water
13875,open water
13876,open water
13877,open water
13878,open water
13879,open water
13880,open water
13881,open water
13882,open water
13883,open water
13884,open water
13885,open water
13886,open water
13887,open water
13888,open water
13889,open water
13890,open water
13891,open water
13892,open water
13893,open water
13894,open water
13895,open water
13896,open water
13897,open water
13898,open water
13899,open water
13900,open water
13901,open water
13902,open water
13903,open water
13904,open water
13905,open water
13906,open water
13907,open water
13908,open water
13909,open water
13910,open water
13911,open water
13912,open water
13913,open water
13914,open water
13915,open water
13916,open water
13917,open water
13918,open water
13919,open water
13920,open water
13921,open water
13922,open water
13923,open water
13924,open water
13925,open water
13926,open water
13927,open water
13928,open water
13929,open water
13930,open water
13931,open water
13932,open water
13933,open water
13934,open water
13935,open water
13936,distributary
13937,distributary
13938,distributary
13939,distributary
13940,distributary
13941,distributary
13942,harbor
13943,harbor
13944,harbor
13945,distributary
13946,distributary
13947,distributary
13948,distributary
13949,intertidal mud flat
13949,distributary
13950,intertidal mud flat
13951,intertidal mud flat
13952,intertidal mud flat
13953,intertidal mud flat
13954,intertidal mud flat
13955,intertidal mud flat
13956,intertidal mud flat
13957,intertidal mud flat
13958,intertidal mud flat
13959,intertidal mud flat
13960,intertidal mud flat
13961,intertidal mud flat
13962,intertidal mud flat
13963,intertidal mud flat
13964,intertidal mud flat
13965,intertidal mud flat
13966,intertidal mud flat
13967,intertidal mud flat
13968,intertidal mud flat
13969,intertidal mud flat
13970,intertidal mud flat
13971,intertidal mud flat
13972,intertidal mud flat
13973,intertidal mud flat
13974,distributary
13975,distributary
13976,distributary
13977,distributary
13978,distributary
13979,distributary
13980,distributary
13981,open water
13982,open water
13983,open water
13984,open water
13985,open water
13986,open water
13987,open water
13988,open water
13989,open water
13990,open water
13991,open water
13992,open water
13993,open water
13994,open water
13995,open water
13996,open water
13997,open water
13998,open water
13999,open water
14000,open water
14001,open water
14002,open water
14003,open water
14004,open water
14005,open water
14006,open water
14007,open water
14008,open water
14009,open water
14010,open water
14011,open water
14012,open water
14013,open water
14014,open water
14015,open water
14016,open water
14017,open water
14018,open water
14019,open water
14020,open water
14021,open water
14022,open water
14023,open water
14024,open water
14025,open water
14026,open water
14027,open water
14028,open water
14029,open water
14030,open water
14031,open water
14032,open water
14033,open water
14034,open water
14035,open water
14036,open water
14037,open water
14038,open water
14039,open water
14040,open water
14041,open water
14042,open water
14043,open water
14044,open water
14045,open water
14046,open water
14047,open water
14048,open water
14049,open water
14050,open water
14051,open water
14052,open water
14053,open water
14054,open water
14055,open water
14056,open water
14057,open water
14058,open water
14059,open water
14060,open water
14061,open water
14062,open water
14063,open water
14064,open water
14065,open water
14066,open water
14067,open water
14068,open water
14069,open water
14070,open water
14071,open water
14072,open water
14073,open water
14074,open water
14075,open water
14076,open water
14077,open water
14078,open water
14079,open water
14080,open water
14081,open water
14082,open water
14083,open water
14084,open water
14085,open water
14086,open water
14087,open water
14088,open water
14089,open water
14090,open water
14091,open water
14092,open water
14093,open water
14094,open water
14095,open water
14096,distributary
14097,distributary
14098,distributary
14099,distributary
14100,distributary
14101,distributary
14102,harbor
14103,harbor
14104,distributary
14105,distributary
14106,distributary
14107,intertidal mud flat
14107,distributary
14108,intertidal mud flat
14109,intertidal mud flat
14110,intertidal mud flat
14111,intertidal mud flat
14112,intertidal mud flat
14113,intertidal mud flat
14114,intertidal mud flat
14115,intertidal mud flat
14116,intertidal mud flat
14117,intertidal mud flat
14118,intertidal mud flat
14119,intertidal mud flat
14120,intertidal mud flat
14121,intertidal mud flat
14122,intertidal mud flat
14123,intertidal mud flat
14124,intertidal mud flat
14125,intertidal mud flat
14126,intertidal mud flat
14127,intertidal mud flat
14128,intertidal mud flat
14129,intertidal mud flat
14130,intertidal mud flat
14131,distributary
14132,distributary
14133,distributary
14134,distributary
14135,distributary
14136,distributary
14137,distributary
14138,distributary
14139,open water
14140,open water
14141,open water
14142,open water
14143,open water
14144,open water
14145,open water
14146,open water
14147,open water
14148,open water
14149,open water
14150,open water
14151,open water
14152,open water
14153,open water
14154,open water
14155,open water
14156,open water
14157,open water
14158,open water
14159,open water
14160,open water
14161,open water
14162,open water
14163,open water
14164,open water
14165,open water
14166,open water
14167,open water
14168,open water
14169,open water
14170,open water
14171,open water
14172,open water
14173,open water
14174,open water
14175,open water
14176,open water
14177,open water
14178,open water
14179,open water
14180,open water
14181,open water
14182,open water
14183,open water
14184,open water
14185,open water
14186,open water
14187,open water
14188,open water
14189,open water
14190,open water
14191,open water
14192,open water
14193,open water
14194,open water
14195,open water
14196,open water
14197,open water
14198,open water
14199,open water
14200,open water
14201,open water
14202,open water
14203,open water
14204,open water
14205,open water
14206,open water
14207,open water
14208,open water
14209,open water
14210,open water
14211,open water
14212,open water
14213,open water
14214,open water
14215,open water
14216,open water
14217,open water
14218,open water
14219,open water
14220,open water
14221,open water
14222,open water
14223,open water
14224,open water
14225,open water
14226,open water
14227,open water
14228,open water
14229,open water
14230,open water
14231,open water
14232,open water
14233,open water
14234,open water
14235,open water
14236,open water
14237,open water
14238,open water
14239,open water
14240,open water
14241,open water
14242,open water
14243,open water
14244,open water
14245,open water
14246,open water
14247,open water
14248,open water
14249,open water
14250,open water
14251,open water
14252,open water
14253,open water
14254,open water
14255,open water
14256,open water
14257,open water
14258,distributary
14259,distributary
14260,distributary
14261,distributary
14262,distributary
14263,distributary
14264,distributary
14265,harbor
14266,harbor
14267,distributary
14268,distributary
14269,distributary
14270,intertidal mud flat
14270,distributary
14271,intertidal mud flat
14272,intertidal mud flat
14273,intertidal mud flat
14274,intertidal mud flat
14275,intertidal mud flat
14276,intertidal mud flat
14277,intertidal mud flat
14278,intertidal mud flat
14279,intertidal mud flat
14280,intertidal mud flat
14281,intertidal mud flat
14282,intertidal mud flat
14283,intertidal mud flat
14284,intertidal mud flat
14285,intertidal mud flat
14286,intertidal mud flat
14287,intertidal mud flat
14288,intertidal mud flat
14289,intertidal mud flat
14290,intertidal mud flat
14291,intertidal mud flat
14292,intertidal mud flat
14293,intertidal mud flat
14294,intertidal mud flat
14295,distributary
14296,distributary
14297,distributary
14298,distributary
14299,distributary
14300,distributary
14301,distributary
14302,distributary
14303,open water
14304,open water
14305,open water
14306,open water
14307,open water
14308,open water
14309,open water
14310,open water
14311,open water
14312,open water
14313,open water
14314,open water
14315,open water
14316,open water
14317,open water
14318,open water
14319,open water
14320,open water
14321,open water
14322,open water
14323,open water
14324,open water
14325,open water
14326,open water
14327,open water
14328,open water
14329,open water
14330,open water
14331,open water
14332,open water
14333,open water
14334,open water
14335,open water
14336,open water
14337,open water
14338,open water
14339,open water
14340,open water
14341,open water
14342,open water
14343,open water
14344,open water
14345,open water
14346,open water
14347,open water
14348,open water
14349,open water
14350,open water
14351,open water
14352,open water
14353,open water
14354,open water
14355,open water
14356,open water
14357,open water
14358,open water
14359,open water
14360,open water
14361,open water
14362,open water
14363,open water
14364,open water
14365,open water
14366,open water
14367,open water
14368,open water
14369,open water
14370,open water
14371,open water
14372,open water
14373,open water
14374,open water
14375,open water
14376,open water
14377,open water
14378,open water
14379,open water
14380,open water
14381,open water
14382,open water
14383,open water
14384,open water
14385,open water
14386,open water
14387,open water
14388,open water
14389,open water
14390,open water
14391,open water
14392,open water
14393,open water
14394,open water
14395,open water
14396,open water
14397,open water
14398,open water
14399,open water
14400,open water
14401,open water
14402,open water
14403,open water
14404,open water
14405,open water
14406,open water
14407,open water
14408,open water
14409,open water
14410,open water
14411,open water
14412,open water
14413,open water
14414,open water
14415,open water
14416,open water
14417,open water
14418,open water
14419,open water
14420,distributary
14421,distributary
14422,distributary
14423,distributary
14424,distributary
14425,distributary
14426,harbor
14427,harbor
14428,harbor
14429,distributary
14430,distributary
14431,distributary
14432,intertidal mud flat
14432,distributary
14433,intertidal mud flat
14434,intertidal mud flat
14435,intertidal mud flat
14436,intertidal mud flat
14437,intertidal mud flat
14438,intertidal mud flat
14439,intertidal mud flat
14440,intertidal mud flat
14441,intertidal mud flat
14442,intertidal mud flat
14443,intertidal mud flat
14444,intertidal mud flat
14445,intertidal mud flat
14446,intertidal mud flat
14447,intertidal mud flat
14448,intertidal mud flat
14449,intertidal mud flat
14450,intertidal mud flat
14451,intertidal mud flat
14452,intertidal mud flat
14453,intertidal mud flat
14454,intertidal mud flat
14455,intertidal mud flat
14456,intertidal mud flat
14457,distributary
14458,distributary
14459,distributary
14460,distributary
14461,distributary
14462,distributary
14463,distributary
14464,distributary
14465,open water
14466,open water
14467,open water
14468,open water
14469,open water
14470,open water
14471,open water
14472,open water
14473,open water
14474,open water
14475,open water
14476,open water
14477,open water
14478,open water
14479,open water
14480,open water
14481,open water
14482,open water
14483,open water
14484,open water
14485,open water
14486,open water
14487,open water
14488,open water
14489,open water
14490,open water
14491,open water
14492,open water
14493,open water
14494,open water
14495,open water
14496,open water
14497,open water
14498,open water
14499,open water
14500,open water
14501,open water
14502,open water
14503,open water
14504,open water
14505,open water
14506,open water
14507,open water
14508,open water
14509,open water
14510,open water
14511,open water
14512,open water
14513,open water
14514,open water
14515,open water
14516,open water
14517,open water
14518,open water
14519,open water
14520,open water
14521,open water
14522,open water
14523,open water
14524,open water
14525,open water
14526,open water
14527,open water
14528,open water
14529,open water
14530,open water
14531,open water
14532,open water
14533,open water
14534,open water
14535,open water
14536,open water
14537,open water
14538,open water
14539,open water
14540,open water
14541,open water
14542,open water
14543,open water
14544,open water
14545,open water
14546,open water
14547,open water
14548,open water
14549,open water
14550,open water
14551,open water
14552,open water
14553,open water
14554,open water
14555,open water
14556,open water
14557,open water
14558,open water
14559,open water
14560,open water
14561,open water
14562,open water
14563,open water
14564,open water
14565,open water
14566,open water
14567,open water
14568,open water
14569,open water
14570,open water
14571,distributary
14572,distributary
14573,distributary
14574,distributary
14575,distributary
14576,distributary
14577,distributary
14578,harbor
14579,harbor
14580,harbor
14581,harbor
14582,harbor
14583,distributary
14584,distributary
14585,distributary
14586,distributary
14587,intertidal mud flat
14588,intertidal mud flat
14589,intertidal mud flat
14590,intertidal mud flat
14591,intertidal mud flat
14592,intertidal mud flat
14593,intertidal mud flat
14594,intertidal mud flat
14595,intertidal mud flat
14596,intertidal mud flat
14597,intertidal mud flat
14598,intertidal mud flat
14599,intertidal mud flat
14600,intertidal mud flat
14601,intertidal mud flat
14602,intertidal mud flat
14603,intertidal mud flat
14604,intertidal mud flat
14605,intertidal mud flat
14606,intertidal mud flat
14607,distributary
14608,distributary
14609,distributary
14610,distributary
14611,distributary
14612,distributary
14613,distributary
14614,distributary
14615,open water
14616,open water
14617,open water
14618,open water
14619,open water
14620,open water
14621,open water
14622,open water
14623,open water
14624,open water
14625,open water
14626,open water
14627,open water
14628,open water
14629,open water
14630,open water
14631,open water
14632,open water
14633,open water
14634,open water
14635,open water
14636,open water
14637,open water
14638,open water
14639,open water
14640,open water
14641,open water
14642,open water
14643,open water
14644,open water
14645,open water
14646,open water
14647,open water
14648,open water
14649,open water
14650,open water
14651,open water
14652,open water
14653,open water
14654,open water
14655,open water
14656,open water
14657,open water
14658,open water
14659,open water
14660,open water
14661,open water
14662,open water
14663,open water
14664,open water
14665,open water
14666,open water
14667,open water
14668,open water
14669,open water
14670,open water
14671,open water
14672,open water
14673,open water
14674,open water
14675,open water
14676,open water
14677,open water
14678,open water
14679,open water
14680,open water
14681,open water
14682,open water
14683,open water
14684,open water
14685,open water
14686,open water
14687,open water
14688,open water
14689,open water
14690,open water
14691,open water
14692,open water
14693,open water
14694,open water
14695,open water
14696,open water
14697,open water
14698,open water
14699,open water
14700,open water
14701,open water
14702,open water
14703,open water
14704,open water
14705,open water
14706,open water
14707,open water
14708,distributary
14709,distributary
14710,distributary
14711,distributary
14712,distributary
14713,distributary
14714,harbor
14715,harbor
14716,harbor
14717,harbor
14718,harbor
14719,harbor
14720,harbor
14721,harbor
14722,distributary
14723,distributary
14724,distributary
14725,distributary
14726,intertidal mud flat
14727,intertidal mud flat
14728,intertidal mud flat
14729,intertidal mud flat
14730,intertidal mud flat
14731,intertidal mud flat
14732,intertidal mud flat
14733,intertidal mud flat
14734,intertidal mud flat
14735,intertidal mud flat
14736,intertidal mud flat
14737,intertidal mud flat
14738,intertidal mud flat
14739,intertidal mud flat
14740,intertidal mud flat
14741,intertidal mud flat
14742,intertidal mud flat
14743,intertidal mud flat
14744,intertidal mud flat
14745,intertidal mud flat
14746,intertidal mud flat
14747,distributary
14748,distributary
14749,distributary
14750,distributary
14751,distributary
14752,distributary
14753,distributary
14754,open water
14755,open water
14756,open water
14757,open water
14758,open water
14759,open water
14760,open water
14761,open water
14762,open water
14763,open water
14764,open water
14765,open water
14766,open water
14767,open water
14768,open water
14769,open water
14770,open water
14771,open water
14772,open water
14773,open water
14774,open water
14775,open water
14776,open water
14777,open water
14778,open water
14779,open water
14780,open water
14781,open water
14782,open water
14783,open water
14784,open water
14785,open water
14786,open water
14787,open water
14788,open water
14789,open water
14790,open water
14791,open water
14792,open water
14793,open water
14794,open water
14795,open water
14796,open water
14797,open water
14798,open water
14799,open water
14800,open water
14801,open water
14802,open water
14803,open water
14804,open water
14805,open water
14806,open water
14807,open water
14808,open water
14809,open water
14810,open water
14811,open water
14812,open water
14813,open water
14814,open water
14815,open water
14816,open water
14817,open water
14818,open water
14819,open water
14820,open water
14821,open water
14822,open water
14823,open water
14824,open water
14825,open water
14826,open water
14827,open water
14828,open water
14829,distributary
14830,distributary
14831,distributary
14832,distributary
14833,distributary
14834,distributary
14835,harbor
14836,harbor
14837,harbor
14838,harbor
14839,harbor
14840,harbor
14841,harbor
14842,harbor
14843,distributary
14844,distributary
14845,distributary
14846,distributary
14847,intertidal mud flat
14848,intertidal mud flat
14849,intertidal mud flat
14850,intertidal mud flat
14851,intertidal mud flat
14852,intertidal mud flat
14853,intertidal mud flat
14854,intertidal mud flat
14855,intertidal mud flat
14856,intertidal mud flat
14857,intertidal mud flat
14858,intertidal mud flat
14859,intertidal mud flat
14860,intertidal mud flat
14861,intertidal mud flat
14862,intertidal mud flat
14863,intertidal mud flat
14864,intertidal mud flat
14865,distributary
14866,distributary
14867,distributary
14868,distributary
14869,distributary
14870,open water
14871,open water
14872,open water
14873,open water
14874,open water
14875,open water
14876,open water
14877,open water
14878,open water
14879,open water
14880,open water
14881,open water
14882,open water
14883,open water
14884,open water
14885,open water
14886,open water
14887,open water
14888,open water
14889,open water
14890,open water
14891,open water
14892,open water
14893,open water
14894,open water
14895,open water
14896,open water
14897,open water
14898,open water
14899,open water
14900,open water
14901,open water
14902,open water
14903,open water
14904,open water
14905,open water
14906,open water
14907,open water
14908,open water
14909,open water
14910,open water
14911,open water
14912,open water
14913,open water
14914,open water
14915,open water
14916,open water
14917,open water
14918,open water
14919,open water
14920,open water
14921,open water
14922,open water
14923,open water
14924,open water
14925,open water
14926,open water
14927,open water
14928,open water
14929,open water
14930,open water
14931,open water
14932,open water
14933,open water
14934,open water
14935,open water
14936,open water
14937,open water
14938,open water
14939,open water
14940,open water
14941,distributary
14942,distributary
14943,distributary
14944,distributary
14945,distributary
14946,distributary
14947,harbor
14948,harbor
14949,harbor
14950,harbor
14951,harbor
14952,harbor
14953,harbor
14954,distributary
14955,distributary
14956,distributary
14957,distributary
14958,distributary
14959,intertidal mud flat
14960,intertidal mud flat
14961,intertidal mud flat
14962,intertidal mud flat
14963,intertidal mud flat
14964,intertidal mud flat
14965,intertidal mud flat
14966,intertidal mud flat
14967,intertidal mud flat
14968,intertidal mud flat
14969,intertidal mud flat
14970,intertidal mud flat
14971,intertidal mud flat
14972,intertidal mud flat
14973,distributary
14974,distributary
14975,distributary
14976,distributary
14977,distributary
14978,distributary
14979,open water
14980,open water
14981,open water
14982,open water
14983,open water
14984,open water
14985,open water
14986,open water
14987,open water
14988,open water
14989,open water
14990,open water
14991,open water
14992,open water
14993,open water
14994,open water
14995,open water
14996,open water
14997,open water
14998,open water
14999,open water
15000,open water
15001,open water
15002,open water
15003,open water
15004,open water
15005,open water
15006,open water
15007,open water
15008,open water
15009,open water
15010,open water
15011,open water
15012,open water
15013,open water
15014,open water
15015,open water
15016,open water
15017,open water
15018,open water
15019,open water
15020,open water
15021,open water
15022,open water
15023,open water
15024,open water
15025,open water
15026,open water
15027,open water
15028,open water
15029,open water
15030,open water
15031,open water
15032,open water
15033,open water
15034,open water
15035,open water
15036,open water
15037,open water
15038,open water
15039,open water
15040,open water
15041,open water
15042,open water
15043,open water
15044,open water
15045,open water
15046,distributary
15047,distributary
15048,distributary
15049,distributary
15050,distributary
15051,distributary
15052,harbor
15053,harbor
15054,harbor
15055,harbor
15056,harbor
15057,harbor
15058,harbor
15059,harbor
15059,distributary
15060,harbor
15061,distributary
15062,distributary
15063,distributary
15064,distributary
15065,intertidal mud flat
15066,intertidal mud flat
15067,intertidal mud flat
15068,intertidal mud flat
15069,intertidal mud flat
15070,intertidal mud flat
15071,intertidal mud flat
15072,intertidal mud flat
15073,intertidal mud flat
15074,intertidal mud flat
15075,intertidal mud flat
15076,intertidal mud flat
15077,intertidal mud flat
15078,intertidal mud flat
15079,distributary
15080,distributary
15081,distributary
15082,distributary
15083,distributary
15084,distributary
15085,open water
15086,open water
15087,open water
15088,open water
15089,open water
15090,open water
15091,open water
15092,open water
15093,open water
15094,open water
15095,open water
15096,open water
15097,open water
15098,open water
15099,open water
15100,open water
15101,open water
15102,open water
15103,open water
15104,open water
15105,open water
15106,open water
15107,open water
15108,open water
15109,open water
15110,open water
15111,open water
15112,open water
15113,open water
15114,open water
15115,open water
15116,open water
15117,open water
15118,open water
15119,open water
15120,open water
15121,open water
15122,open water
15123,open water
15124,open water
15125,open water
15126,open water
15127,open water
15128,open water
15129,open water
15130,open water
15131,open water
15132,open water
15133,open water
15134,open water
15135,open water
15136,open water
15137,open water
15138,open water
15139,open water
15140,open water
15141,open water
15142,open water
15143,open water
15144,open water
15145,open water
15146,open water
15147,open water
15148,open water
15149,open water
15150,distributary
15151,distributary
15152,distributary
15153,distributary
15154,distributary
15155,distributary
15156,harbor
15157,harbor
15158,harbor
15159,harbor
15160,harbor
15161,harbor
15162,harbor
15163,distributary
15164,harbor
15165,harbor
15166,distributary
15167,distributary
15168,distributary
15169,intertidal mud flat
15170,intertidal mud flat
15171,intertidal mud flat
15172,intertidal mud flat
15173,intertidal mud flat
15174,intertidal mud flat
15175,intertidal mud flat
15176,intertidal mud flat
15177,intertidal mud flat
15178,intertidal mud flat
15179,intertidal mud flat
15180,intertidal mud flat
15181,intertidal mud flat
15182,distributary
15183,distributary
15184,distributary
15185,distributary
15186,distributary
15187,distributary
15188,open water
15189,open water
15190,open water
15191,open water
15192,open water
15193,open water
15194,open water
15195,open water
15196,open water
15197,open water
15198,open water
15199,open water
15200,open water
15201,open water
15202,open water
15203,open water
15204,open water
15205,open water
15206,open water
15207,open water
15208,open water
15209,open water
15210,open water
15211,open water
15212,open water
15213,open water
15214,open water
15215,open water
15216,open water
15217,open water
15218,open water
15219,open water
15220,open water
15221,open water
15222,open water
15223,open water
15224,open water
15225,open water
15226,open water
15227,open water
15228,open water
15229,open water
15230,open water
15231,open water
15232,open water
15233,open water
15234,open water
15235,open water
15236,open water
15237,open water
15238,open water
15239,open water
15240,open water
15241,open water
15242,open water
15243,open water
15244,open water
15245,open water
15246,open water
15247,distributary
15248,distributary
15249,distributary
15250,distributary
15251,distributary
15252,distributary
15253,distributary
15254,distributary
15255,harbor
15256,harbor
15257,distributary
15258,harbor
15259,harbor
15260,harbor
15261,harbor
15262,distributary
15263,distributary
15264,distributary
15265,intertidal mud flat
15266,intertidal mud flat
15267,intertidal mud flat
15268,intertidal mud flat
15269,intertidal mud flat
15270,intertidal mud flat
15271,intertidal mud flat
15272,intertidal mud flat
15273,intertidal mud flat
15274,intertidal mud flat
15275,intertidal mud flat
15276,intertidal mud flat
15277,distributary
15278,distributary
15279,distributary
15280,distributary
15281,distributary
15282,distributary
15283,distributary
15284,open water
15285,open water
15286,open water
15287,open water
15288,open water
15289,open water
15290,open water
15291,open water
15292,open water
15293,open water
15294,open water
15295,open water
15296,open water
15297,open water
15298,open water
15299,open water
15300,open water
15301,open water
15302,open water
15303,open water
15304,open water
15305,open water
15306,open water
15307,open water
15308,open water
15309,open water
15310,open water
15311,open water
15312,open water
15313,open water
15314,open water
15315,open water
15316,open water
15317,open water
15318,open water
15319,open water
15320,open water
15321,open water
15322,open water
15323,open water
15324,open water
15325,open water
15326,open water
15327,open water
15328,open water
15329,open water
15330,open water
15331,open water
15332,open water
15333,distributary
15334,distributary
15335,distributary
15336,distributary
15337,distributary
15338,distributary
15339,distributary
15340,distributary
15341,distributary
15342,harbor
15343,harbor
15344,distributary
15345,harbor
15346,harbor
15347,harbor
15348,distributary
15349,distributary
15350,distributary
15351,intertidal mud flat
15352,intertidal mud flat
15353,intertidal mud flat
15354,intertidal mud flat
15355,intertidal mud flat
15356,intertidal mud flat
15357,intertidal mud flat
15358,intertidal mud flat
15359,intertidal mud flat
15360,intertidal mud flat
15361,intertidal mud flat
15362,intertidal mud flat
15363,distributary
15364,distributary
15365,distributary
15366,distributary
15367,open water
15368,open water
15369,open water
15370,open water
15371,open water
15372,open water
15373,open water
15374,open water
15375,open water
15376,open water
15377,open water
15378,open water
15379,open water
15380,open water
15381,open water
15382,open water
15383,open water
15384,open water
15385,open water
15386,open water
15387,open water
15388,open water
15389,open water
15390,open water
15391,open water
15392,open water
15393,open water
15394,open water
15395,open water
15396,open water
15397,open water
15398,open water
15399,open water
15400,open water
15401,open water
15402,open water
15403,open water
15404,distributary
15405,distributary
15406,distributary
15407,distributary
15408,distributary
15409,distributary
15410,distributary
15411,distributary
15412,distributary
15413,distributary
15414,harbor
15415,harbor
15416,distributary
15417,harbor
15418,harbor
15419,distributary
15420,distributary
15421,distributary
15422,intertidal mud flat
15423,intertidal mud flat
15424,intertidal mud flat
15425,intertidal mud flat
15426,intertidal mud flat
15427,intertidal mud flat
15428,intertidal mud flat
15429,intertidal mud flat
15430,intertidal mud flat
15431,intertidal mud flat
15432,intertidal mud flat
15433,intertidal mud flat
15434,distributary
15435,distributary
15436,distributary
15437,distributary
15438,open water
15439,open water
15440,open water
15441,open water
15442,open water
15443,open water
15444,open water
15445,open water
15446,open water
15447,open water
15448,open water
15449,open water
15450,open water
15451,open water
15452,open water
15453,open water
15454,open water
15455,open water
15456,open water
15457,open water
15458,open water
15459,open water
15460,open water
15461,open water
15462,open water
15463,open water
15464,open water
15465,open water
15466,open water
15467,open water
15468,open water
15469,open water
15470,distributary
15471,distributary
15472,distributary
15473,distributary
15474,distributary
15475,distributary
15476,distributary
15477,distributary
15478,blind channel
15479,harbor
15480,distributary
15481,distributary
15482,distributary
15483,distributary
15484,intertidal mud flat
15485,intertidal mud flat
15486,intertidal mud flat
15487,intertidal mud flat
15488,intertidal mud flat
15489,intertidal mud flat
15490,intertidal mud flat
15491,intertidal mud flat
15492,intertidal mud flat
15493,intertidal mud flat
15494,intertidal mud flat
15495,intertidal mud flat
15496,distributary
15497,distributary
15498,distributary
15499,distributary
15500,open water
15501,open water
15502,open water
15503,open water
15504,open water
15505,open water
15506,open water
15507,open water
15508,open water
15509,open water
15510,open water
15511,open water
15512,open water
15513,open water
15514,open water
15515,open water
15516,open water
15517,open water
15518,open water
15519,open water
15520,open water
15521,open water
15522,open water
15523,open water
15524,open water
15525,open water
15526,distributary
15527,distributary
15528,distributary
15529,distributary
15530,distributary
15531,distributary
15532,distributary
15533,distributary
15534,blind channel
15535,blind channel
15536,blind channel
15537,harbor
15538,distributary
15539,distributary
15540,distributary
15541,distributary
15542,intertidal mud flat
15543,intertidal mud flat
15544,distributary
15545,intertidal mud flat
15546,intertidal mud flat
15547,intertidal mud flat
15548,intertidal mud flat
15549,intertidal mud flat
15550,intertidal mud flat
15551,intertidal mud flat
15552,intertidal mud flat
15553,distributary
15554,distributary
15555,distributary
15556,distributary
15557,distributary
15558,open water
15559,open water
15560,open water
15561,open water
15562,open water
15563,open water
15564,open water
15565,open water
15566,open water
15567,open water
15568,open water
15569,open water
15570,open water
15571,open water
15572,open water
15573,open water
15574,open water
15575,open water
15576,open water
15577,open water
15578,distributary
15579,distributary
15580,distributary
15581,distributary
15582,distributary
15583,distributary
15584,distributary
15585,distributary
15586,blind channel
15587,blind channel
15588,blind channel
15589,blind channel
15590,harbor
15591,distributary
15592,distributary
15593,distributary
15594,distributary
15595,distributary
15596,intertidal mud flat
15597,intertidal mud flat
15598,distributary
15599,intertidal mud flat
15600,intertidal mud flat
15601,intertidal mud flat
15602,intertidal mud flat
15603,intertidal mud flat
15604,intertidal mud flat
15605,intertidal mud flat
15606,distributary
15607,distributary
15608,distributary
15609,distributary
15610,distributary
15611,open water
15612,open water
15613,open water
15614,open water
15615,open water
15616,open water
15617,open water
15618,open water
15619,open water
15620,open water
15621,open water
15622,open water
15623,open water
15624,open water
15625,open water
15626,open water
15627,open water
15628,distributary
15629,distributary
15630,distributary
15631,distributary
15632,distributary
15633,distributary
15634,distributary
15635,distributary
15636,distributary
15637,blind channel
15638,blind channel
15639,blind channel
15640,blind channel
15641,blind channel
15642,blind channel
15643,harbor
15644,distributary
15645,distributary
15646,distributary
15647,distributary
15648,distributary
15649,intertidal mud flat
15650,intertidal mud flat
15651,intertidal mud flat
15652,distributary
15653,intertidal mud flat
15654,intertidal mud flat
15655,intertidal mud flat
15656,intertidal mud flat
15657,intertidal mud flat
15658,distributary
15659,distributary
15660,distributary
15661,distributary
15662,distributary
15663,distributary
15664,open water
15665,open water
15666,open water
15667,open water
15668,open water
15669,open water
15670,open water
15671,open water
15672,open water
15673,open water
15674,open water
15675,open water
15676,open water
15677,open water
15678,open water
15679,open water
15680,open water
15681,open water
15682,open water
15683,distributary
15684,distributary
15685,distributary
15686,distributary
15687,distributary
15688,distributary
15689,distributary
15690,distributary
15691,distributary
15692,blind channel
15693,blind channel
15694,blind channel
15695,blind channel
15696,blind channel
15697,blind channel
15698,blind channel
15699,blind channel
15700,harbor
15701,distributary
15702,distributary
15703,distributary
15704,distributary
15705,distributary
15706,intertidal mud flat
15707,intertidal mud flat
15708,intertidal mud flat
15709,intertidal mud flat
15710,intertidal mud flat
15711,distributary
15712,distributary
15713,distributary
15714,distributary
15715,intertidal mud flat
15716,intertidal mud flat
15717,intertidal mud flat
15718,intertidal mud flat
15719,distributary
15720,distributary
15721,distributary
15722,distributary
15723,distributary
15724,distributary
15725,harbor
15726,open water
15727,open water
15728,open water
15729,open water
15730,open water
15731,open water
15732,open water
15733,open water
15734,open water
15735,open water
15736,open water
15737,open water
15738,open water
15739,open water
15740,open water
15741,open water
15742,open water
15743,distributary
15744,distributary
15745,distributary
15746,distributary
15747,distributary
15748,distributary
15749,distributary
15750,blind channel
15751,blind channel
15752,blind channel
15753,blind channel
15754,blind channel
15755,blind channel
15756,blind channel
15757,blind channel
15758,blind channel
15759,blind channel
15760,blind channel
15761,distributary
15762,distributary
15763,distributary
15764,distributary
15765,distributary
15766,intertidal mud flat
15767,intertidal mud flat
15768,intertidal mud flat
15769,intertidal mud flat
15770,distributary
15771,distributary
15772,distributary
15773,distributary
15774,distributary
15775,distributary
15776,distributary
15777,intertidal mud flat
15778,intertidal mud flat
15779,intertidal mud flat
15780,intertidal mud flat
15781,intertidal mud flat
15782,distributary
15783,distributary
15784,distributary
15785,distributary
15786,distributary
15787,distributary
15788,distributary
15789,distributary
15790,distributary
15791,harbor
15792,open water
15793,open water
15794,open water
15795,open water
15796,open water
15797,open water
15798,open water
15799,open water
15800,open water
15801,open water
15802,open water
15803,open water
15804,open water
15805,open water
15806,open water
15807,open water
15808,open water
15809,open water
15810,distributary
15811,distributary
15812,distributary
15813,distributary
15814,distributary
15815,distributary
15816,distributary
15817,blind channel
15818,blind channel
15819,blind channel
15820,blind channel
15821,blind channel
15822,blind channel
15823,blind channel
15824,blind channel
15825,blind channel
15826,blind channel
15827,distributary
15828,distributary
15829,distributary
15830,distributary
15831,distributary
15832,intertidal mud flat
15833,intertidal mud flat
15834,intertidal mud flat
15835,intertidal mud flat
15836,distributary
15837,distributary
15838,distributary
15839,distributary
15840,blind channel
15840,distributary
15841,blind channel
15841,distributary
15842,open water
15843,distributary
15844,distributary
15845,distributary
15846,intertidal mud flat
15847,intertidal mud flat
15848,intertidal mud flat
15849,intertidal mud flat
15850,intertidal mud flat
15851,intertidal mud flat
15852,distributary
15853,distributary
15854,distributary
15855,distributary
15856,distributary
15857,distributary
15858,distributary
15859,intertidal mud flat
15860,intertidal mud flat
15861,distributary
15862,intertidal mud flat
15863,open water
15864,open water
15865,open water
15866,open water
15867,open water
15868,open water
15869,open water
15870,open water
15871,open water
15872,open water
15873,open water
15874,open water
15875,open water
15876,open water
15877,open water
15878,distributary
15879,distributary
15880,distributary
15881,distributary
15882,distributary
15883,distributary
15884,blind channel
15885,blind channel
15886,blind channel
15887,blind channel
15888,blind channel
15889,blind channel
15890,blind channel
15891,blind channel
15892,blind channel
15893,distributary
15894,distributary
15895,distributary
15896,distributary
15897,distributary
15898,intertidal mud flat
15899,intertidal mud flat
15900,intertidal mud flat
15901,intertidal mud flat
15902,distributary
15903,distributary
15904,distributary
15905,open water
15906,blind channel
15907,blind channel
15908,blind channel
15909,blind channel
15910,blind channel
15911,distributary
15912,blind channel
15913,distributary
15914,intertidal mud flat
15915,intertidal mud flat
15916,intertidal mud flat
15917,intertidal mud flat
15918,intertidal mud flat
15919,intertidal mud flat
15920,intertidal mud flat
15921,distributary
15922,distributary
15923,distributary
15924,distributary
15925,distributary
15926,distributary
15927,open water
15928,blind channel
15929,intertidal mud flat
15930,intertidal mud flat
15931,intertidal mud flat
15932,intertidal mud flat
15933,intertidal mud flat
15934,intertidal mud flat
15935,open water
15936,open water
15937,open water
15938,open water
15939,open water
15940,open water
15941,open water
15942,open water
15943,open water
15944,open water
15945,open water
15946,open water
15947,distributary
15948,distributary
15949,distributary
15950,distributary
15951,distributary
15952,distributary
15953,blind channel
15954,blind channel
15955,blind channel
15956,blind channel
15957,blind channel
15958,blind channel
15959,blind channel
15960,blind channel
15961,distributary
15962,distributary
15963,distributary
15964,distributary
15965,distributary
15966,blind channel
15967,intertidal mud flat
15968,intertidal mud flat
15969,intertidal mud flat
15970,intertidal mud flat
15971,distributary
15972,distributary
15973,distributary
15974,blind channel
15975,blind channel
15976,blind channel
15977,blind channel
15978,blind channel
15979,blind channel
15980,blind channel
15981,distributary
15982,blind channel
15983,blind channel
15984,distributary
15985,intertidal mud flat
15986,intertidal mud flat
15987,intertidal mud flat
15988,intertidal mud flat
15989,intertidal mud flat
15990,intertidal mud flat
15991,intertidal mud flat
15992,intertidal mud flat
15993,distributary
15994,distributary
15995,distributary
15996,distributary
15997,distributary
15998,open water
15999,blind channel
16000,blind channel
16001,blind channel
16002,blind channel
16003,intertidal mud flat
16004,distributary
16005,intertidal mud flat
16006,intertidal mud flat
16007,open water
16008,open water
16009,open water
16010,open water
16011,open water
16012,open water
16013,open water
16014,open water
16015,open water
16016,open water
16017,open water
16018,open water
16019,distributary
16020,distributary
16021,distributary
16022,distributary
16023,blind channel
16024,blind channel
16025,blind channel
16026,blind channel
16027,blind channel
16028,blind channel
16029,blind channel
16030,blind channel
16031,distributary
16032,distributary
16033,distributary
16034,distributary
16035,distributary
16036,distributary
16037,blind channel
16038,blind channel
16039,intertidal mud flat
16040,intertidal mud flat
16041,intertidal mud flat
16042,intertidal mud flat
16043,intertidal mud flat
16044,distributary
16045,distributary
16046,distributary
16047,distributary
16048,blind channel
16049,blind channel
16050,blind channel
16051,blind channel
16052,blind channel
16053,blind channel
16054,blind channel
16055,blind channel
16056,blind channel
16057,blind channel
16058,blind channel
16059,distributary
16060,intertidal mud flat
16061,intertidal mud flat
16062,intertidal mud flat
16063,intertidal mud flat
16064,intertidal mud flat
16065,intertidal mud flat
16066,intertidal mud flat
16067,distributary
16068,distributary
16069,distributary
16070,distributary
16071,distributary
16072,open water
16073,blind channel
16074,blind channel
16075,blind channel
16076,blind channel
16077,blind channel
16078,intertidal mud flat
16079,distributary
16080,distributary
16081,intertidal mud flat
16082,open water
16083,open water
16084,open water
16085,open water
16086,open water
16087,open water
16088,open water
16089,open water
16090,open water
16091,open water
16092,distributary
16093,distributary
16094,blind channel
16095,blind channel
16096,blind channel
16097,blind channel
16098,blind channel
16099,blind channel
16100,distributary
16101,distributary
16102,distributary
16103,blind channel
16104,blind channel
16105,blind channel
16106,intertidal mud flat
16107,intertidal mud flat
16108,intertidal mud flat
16109,intertidal mud flat
16110,blind channel
16111,blind channel
16112,blind channel
16113,blind channel
16114,blind channel
16115,blind channel
16116,blind channel
16117,distributary
16118,intertidal mud flat
16119,intertidal mud flat
16120,intertidal mud flat
16121,intertidal mud flat
16122,distributary
16123,distributary
16124,distributary
16125,distributary
16126,distributary
16127,open water
16128,blind channel
16129,blind channel
16130,blind channel
16131,blind channel
16132,blind channel
16133,intertidal mud flat
16134,distributary
16135,distributary
16136,intertidal mud flat
16137,open water
16138,open water
16139,open water
16140,open water
16141,open water
16142,open water
16143,open water
16144,distributary
16145,distributary
16146,blind channel
16147,blind channel
16148,blind channel
16149,distributary
16150,distributary
16151,blind channel
16152,blind channel
16153,blind channel
16154,blind channel
16155,intertidal mud flat
16156,intertidal mud flat
16157,intertidal mud flat
16158,blind channel
16159,blind channel
16160,blind channel
16161,blind channel
16162,blind channel
16163,distributary
16164,intertidal mud flat
16165,intertidal mud flat
16166,intertidal mud flat
16167,intertidal mud flat
16168,intertidal mud flat
16169,distributary
16170,distributary
16171,distributary
16172,distributary
16173,open water
16174,blind channel
16175,blind channel
16176,blind channel
16177,blind channel
16178,blind channel
16179,blind channel
16180,blind channel
16181,intertidal mud flat
16182,distributary
16183,distributary
16184,intertidal mud flat
16185,open water
16186,open water
16187,distributary
16188,distributary
16189,blind channel
16190,distributary
16191,distributary
16192,blind channel
16193,blind channel
16194,blind channel
16195,blind channel
16196,intertidal mud flat
16197,intertidal mud flat
16198,intertidal mud flat
16199,distributary
16200,blind channel
16201,intertidal mud flat
16202,intertidal mud flat
16203,intertidal mud flat
16204,intertidal mud flat
16205,intertidal mud flat
16206,distributary
16207,distributary
16208,distributary
16209,distributary
16210,open water
16211,blind channel
16212,blind channel
16213,blind channel
16214,blind channel
16215,blind channel
16216,blind channel
16217,intertidal mud flat
16218,intertidal mud flat
16219,distributary
16220,distributary
16221,intertidal mud flat
16222,distributary
16223,distributary
16224,distributary
16225,distributary
16226,blind channel
16227,blind channel
16228,blind channel
16229,blind channel
16230,blind channel
16231,blind channel
16232,blind channel
16233,intertidal mud flat
16234,distributary
16235,blind channel
16236,intertidal mud flat
16237,blind channel
16238,intertidal mud flat
16239,intertidal mud flat
16240,distributary
16241,distributary
16242,distributary
16243,distributary
16244,open water
16245,blind channel
16246,blind channel
16247,blind channel
16248,blind channel
16249,blind channel
16250,blind channel
16251,intertidal mud flat
16252,distributary
16253,distributary
16254,distributary
16255,intertidal mud flat
16256,intertidal mud flat
16257,distributary
16258,distributary
16259,blind channel
16260,blind channel
16261,blind channel
16262,blind channel
16263,blind channel
16264,blind channel
16265,blind channel
16266,blind channel
16267,distributary
16268,blind channel
16269,blind channel
16270,blind channel
16271,blind channel
16272,intertidal mud flat
16273,distributary
16274,distributary
16275,open water
16276,distributary
16277,open water
16278,blind channel
16279,blind channel
16280,blind channel
16281,blind channel
16282,blind channel
16283,blind channel
16284,intertidal mud flat
16285,intertidal mud flat
16286,distributary
16287,distributary
16288,distributary
16289,intertidal mud flat
16290,distributary
16291,distributary
16292,blind channel
16293,blind channel
16294,blind channel
16295,blind channel
16296,blind channel
16297,blind channel
16298,blind channel
16299,distributary
16300,blind channel
16301,blind channel
16302,blind channel
16303,blind channel
16304,blind channel
16305,distributary
16306,distributary
16307,open water
16308,open water
16309,open water
16310,blind channel
16311,blind channel
16312,blind channel
16313,blind channel
16314,blind channel
16315,blind channel
16316,blind channel
16317,intertidal mud flat
16318,intertidal mud flat
16319,intertidal mud flat
16320,distributary
16321,distributary
16322,intertidal mud flat
16323,distributary
16324,distributary
16325,blind channel
16326,blind channel
16327,blind channel
16328,blind channel
16329,blind channel
16330,blind channel
16331,distributary
16332,blind channel
16333,blind channel
16334,blind channel
16335,blind channel
16336,distributary
16337,distributary
16338,distributary
16339,open water
16340,open water
16341,blind channel
16342,blind channel
16343,blind channel
16344,blind channel
16345,blind channel
16346,blind channel
16347,blind channel
16348,intertidal mud flat
16349,intertidal mud flat
16350,intertidal mud flat
16351,intertidal mud flat
16352,distributary
16353,distributary
16354,intertidal mud flat
16355,distributary
16356,distributary
16357,blind channel
16358,blind channel
16359,blind channel
16360,blind channel
16361,blind channel
16362,blind channel
16363,distributary
16364,distributary
16365,blind channel
16366,blind channel
16367,blind channel
16368,blind channel
16369,blind channel
16370,distributary
16371,distributary
16372,distributary
16373,open water
16374,open water
16375,blind channel
16376,blind channel
16377,blind channel
16378,blind channel
16379,blind channel
16380,blind channel
16381,blind channel
16382,intertidal mud flat
16383,intertidal mud flat
16384,intertidal mud flat
16385,intertidal mud flat
16386,intertidal mud flat
16387,intertidal mud flat
16388,distributary
16389,distributary
16390,intertidal mud flat
16391,distributary
16392,distributary
16393,blind channel
16394,blind channel
16395,blind channel
16396,blind channel
16397,distributary
16398,distributary
16399,blind channel
16400,blind channel
16401,blind channel
16402,distributary
16403,distributary
16404,distributary
16405,distributary
16406,distributary
16407,open water
16408,open water
16409,blind channel
16410,blind channel
16411,blind channel
16412,blind channel
16413,blind channel
16414,blind channel
16415,blind channel
16416,blind channel
16417,intertidal mud flat
16418,intertidal mud flat
16419,distributary
16420,intertidal mud flat
16421,distributary
16422,intertidal mud flat
16423,intertidal mud flat
16424,open water
16425,blind channel
16426,blind channel
16427,blind channel
16428,distributary
16429,distributary
16430,open water
16431,blind channel
16432,blind channel
16433,blind channel
16434,distributary
16435,distributary
16436,distributary
16437,distributary
16438,distributary
16439,open water
16440,blind channel
16441,blind channel
16442,blind channel
16443,blind channel
16444,blind channel
16445,blind channel
16446,blind channel
16447,blind channel
16448,blind channel
16449,intertidal mud flat
16450,intertidal mud flat
16451,distributary
16452,intertidal mud flat
16453,distributary
16454,intertidal mud flat
16455,blind channel
16456,distributary
16457,distributary
16458,distributary
16459,open water
16460,blind channel
16461,blind channel
16462,blind channel
16463,blind channel
16464,distributary
16465,distributary
16466,distributary
16467,blind channel
16468,blind channel
16469,blind channel
16470,blind channel
16471,blind channel
16472,blind channel
16473,blind channel
16474,blind channel
16475,blind channel
16476,blind channel
16477,blind channel
16478,blind channel
16479,intertidal mud flat
16480,intertidal mud flat
16481,distributary
16482,distributary
16483,intertidal mud flat
16484,distributary
16485,intertidal mud flat
16486,distributary
16487,distributary
16488,distributary
16489,distributary
16490,blind channel
16491,blind channel
16492,distributary
16493,distributary
16494,distributary
16495,distributary
16496,blind channel
16497,blind channel
16498,blind channel
16499,blind channel
16500,blind channel
16501,blind channel
16502,blind channel
16503,blind channel
16504,blind channel
16505,blind channel
16506,blind channel
16507,blind channel
16508,blind channel
16509,intertidal mud flat
16510,intertidal mud flat
16511,distributary
16512,distributary
16513,distributary
16514,intertidal mud flat
16515,blind channel
16516,distributary
16517,distributary
16518,distributary
16519,distributary
16520,blind channel
16521,distributary
16522,distributary
16523,distributary
16524,distributary
16525,distributary
16526,blind channel
16527,blind channel
16528,blind channel
16529,blind channel
16530,blind channel
16531,blind channel
16532,blind channel
16533,blind channel
16534,blind channel
16535,blind channel
16536,blind channel
16537,blind channel
16538,blind channel
16539,intertidal mud flat
16540,intertidal mud flat
16541,distributary
16542,intertidal mud flat
16543,distributary
16544,distributary
16545,blind channel
16546,distributary
16547,distributary
16547,distributary
16548,distributary
16549,distributary
16550,distributary
16551,distributary
16552,distributary
16553,distributary
16554,distributary
16555,distributary
16556,blind channel
16557,blind channel
16558,blind channel
16559,blind channel
16560,blind channel
16561,blind channel
16562,blind channel
16563,blind channel
16564,blind channel
16565,blind channel
16566,intertidal mud flat
16567,intertidal mud flat
16568,intertidal mud flat
16569,distributary
16570,intertidal mud flat
16571,distributary
16572,distributary
16573,distributary
16574,blind channel
16575,distributary
16576,distributary
16577,distributary
16578,distributary
16579,distributary
16580,distributary
16581,distributary
16582,distributary
16583,blind channel
16584,blind channel
16585,blind channel
16586,blind channel
16587,blind channel
16588,blind channel
16589,blind channel
16590,blind channel
16591,blind channel
16592,blind channel
16593,blind channel
16594,blind channel
16595,intertidal mud flat
16596,distributary
16597,distributary
16598,intertidal mud flat
16599,blind channel
16600,distributary
16601,distributary
16602,distributary
16603,blind channel
16604,distributary
16605,distributary
16606,distributary
16607,distributary
16608,distributary
16609,distributary
16610,distributary
16611,distributary
16612,blind channel
16613,blind channel
16614,blind channel
16615,blind channel
16616,blind channel
16617,blind channel
16618,blind channel
16619,blind channel
16620,blind channel
16621,blind channel
16622,distributary
16623,distributary
16624,distributary
16625,intertidal mud flat
16626,intertidal mud flat
16627,blind channel
16628,blind channel
16629,distributary
16630,distributary
16631,distributary
16632,blind channel
16633,distributary
16634,distributary
16635,distributary
16636,distributary
16637,distributary
16638,distributary
16639,distributary
16640,distributary
16641,blind channel
16642,blind channel
16643,blind channel
16644,blind channel
16645,blind channel
16646,blind channel
16647,blind channel
16648,blind channel
16649,blind channel
16650,blind channel
16651,distributary
16652,intertidal mud flat
16653,intertidal mud flat
16654,intertidal mud flat
16655,blind channel
16656,blind channel
16657,blind channel
16658,blind channel
16659,distributary
16660,distributary
16661,distributary
16662,blind channel
16663,distributary
16664,distributary
16665,distributary
16666,distributary
16667,distributary
16668,distributary
16669,distributary
16670,distributary
16671,distributary
16672,blind channel
16673,blind channel
16674,blind channel
16675,blind channel
16676,blind channel
16677,blind channel
16678,blind channel
16679,blind channel
16680,blind channel
16681,distributary
16682,distributary
16683,blind channel
16684,blind channel
16685,blind channel
16686,blind channel
16687,blind channel
16688,blind channel
16689,blind channel
16690,blind channel
16691,blind channel
16692,distributary
16693,distributary
16694,blind channel
16695,distributary
16696,distributary
16697,distributary
16698,distributary
16699,distributary
16700,distributary
16701,distributary
16702,distributary
16703,distributary
16704,blind channel
16705,blind channel
16706,blind channel
16707,blind channel
16708,blind channel
16709,blind channel
16710,blind channel
16711,distributary
16712,distributary
16713,blind channel
16714,blind channel
16715,blind channel
16716,blind channel
16717,blind channel
16718,blind channel
16719,blind channel
16720,blind channel
16721,blind channel
16722,blind channel
16723,distributary
16724,distributary
16725,blind channel
16726,distributary
16727,distributary
16728,distributary
16729,distributary
16730,distributary
16730,distributary
16731,distributary
16732,distributary
16733,distributary
16734,distributary
16735,distributary
16736,blind channel
16737,blind channel
16738,blind channel
16739,blind channel
16740,distributary
16741,distributary
16742,blind channel
16743,blind channel
16744,blind channel
16745,blind channel
16746,blind channel
16747,blind channel
16748,blind channel
16749,blind channel
16750,blind channel
16751,distributary
16752,distributary
16753,blind channel
16754,distributary
16755,distributary
16756,distributary
16757,distributary
16758,distributary
16759,distributary
16760,distributary
16761,distributary
16762,distributary
16763,distributary
16764,distributary
16765,distributary
16766,blind channel
16767,blind channel
16768,blind channel
16769,blind channel
16770,blind channel
16771,blind channel
16772,blind channel
16773,blind channel
16774,blind channel
16775,blind channel
16776,distributary
16777,distributary
16778,blind channel
16779,distributary
16780,distributary
16781,distributary
16782,distributary
16783,distributary
16784,distributary
16785,distributary
16786,distributary
16787,distributary
16788,distributary
16789,distributary
16790,distributary
16791,blind channel
16792,blind channel
16793,blind channel
16794,blind channel
16795,blind channel
16796,blind channel
16797,blind channel
16798,blind channel
16799,blind channel
16800,blind channel
16801,distributary
16802,distributary
16803,blind channel
16804,blind channel
16805,distributary
16806,distributary
16807,distributary
16808,distributary
16809,distributary
16810,distributary
16811,distributary
16812,distributary
16813,distributary
16814,distributary
16815,distributary
16816,distributary
16817,distributary
16818,distributary
16819,blind channel
16820,blind channel
16821,blind channel
16822,blind channel
16823,blind channel
16824,blind channel
16825,blind channel
16826,blind channel
16827,distributary
16828,distributary
16829,blind channel
16830,distributary
16831,distributary
16832,distributary
16833,distributary
16834,distributary
16835,distributary
16836,distributary
16837,distributary
16838,distributary
16839,distributary
16840,distributary
16841,distributary
16842,distributary
16843,blind channel
16844,blind channel
16845,blind channel
16846,blind channel
16847,blind channel
16848,blind channel
16849,blind channel
16850,blind channel
16851,blind channel
16852,distributary
16853,distributary
16854,distributary
16855,distributary
16856,distributary
16857,distributary
16858,distributary
16859,distributary
16860,distributary
16861,distributary
16862,distributary
16863,distributary
16864,distributary
16865,blind channel
16866,blind channel
16867,blind channel
16868,blind channel
16869,blind channel
16870,blind channel
16871,blind channel
16872,blind channel
16873,distributary
16874,distributary
16875,distributary
16876,distributary
16877,distributary
16878,distributary
16879,distributary
16880,distributary
16881,distributary
16882,distributary
16883,distributary
16884,distributary
16885,distributary
16886,distributary
16887,distributary
16888,distributary
16889,blind channel
16890,blind channel
16891,blind channel
16892,blind channel
16893,blind channel
16894,blind channel
16895,blind channel
16896,blind channel
16897,distributary
16898,distributary
16899,distributary
16900,distributary
16901,distributary
16902,distributary
16903,distributary
16904,distributary
16905,distributary
16906,distributary
16907,distributary
16908,distributary
16909,distributary
16910,distributary
16911,distributary
16912,blind channel
16913,blind channel
16914,blind channel
16915,blind channel
16916,distributary
16917,distributary
16918,distributary
16919,distributary
16920,distributary
16921,distributary
16922,distributary
16923,distributary
16924,distributary
16925,distributary
16926,distributary
16927,distributary
16928,blind channel
16929,blind channel
16930,blind channel
16931,blind channel
16932,distributary
16933,distributary
16934,distributary
16935,distributary
16936,distributary
16937,distributary
16938,distributary
16939,distributary
16940,distributary
16941,distributary
16942,distributary
16943,blind channel
16944,blind channel
16945,blind channel
16946,distributary
16947,distributary
16948,distributary
16949,distributary
16950,distributary
16951,distributary
16952,distributary
16953,distributary
16954,distributary
16954,distributary
16955,distributary
16955,distributary
16956,blind channel
16957,blind channel
16958,distributary
16959,distributary
16960,distributary
16961,distributary
16962,distributary
16963,distributary
16964,distributary
16965,distributary
16966,distributary
16967,distributary
16968,distributary
16969,distributary
16970,distributary
16971,distributary
16972,distributary
16973,distributary
16974,distributary
16975,distributary
16976,distributary
16977,distributary
16978,distributary
16979,distributary
16980,distributary
16981,distributary
16982,distributary
16983,distributary
16984,distributary
16985,distributary
16986,distributary
16987,distributary
16988,distributary
16989,distributary
16990,distributary
16991,distributary
16992,distributary
16993,distributary
16994,distributary
16995,distributary
16996,distributary
16997,distributary
16998,distributary
16999,distributary
17000,distributary
17001,distributary
17002,distributary
17003,distributary
17004,distributary
17005,distributary
17006,distributary
17007,distributary
17008,distributary
17009,distributary
17010,distributary
17011,distributary
17012,distributary
17013,distributary
17014,distributary
17015,distributary
17016,distributary
17017,distributary
17018,distributary
17019,distributary
17020,distributary
17021,distributary
17022,distributary
17023,distributary
17024,distributary
17025,distributary
17026,distributary
17027,distributary
17028,distributary
17029,distributary
17030,distributary
17031,distributary
17032,distributary
17033,distributary
17034,distributary
17035,distributary
17036,distributary
17037,distributary
17038,distributary
17039,distributary
17040,distributary
17041,distributary
17042,distributary
17043,distributary
17044,distributary
17045,distributary
17046,distributary
17047,distributary
17048,distributary
17049,distributary
17050,distributary
17051,distributary
17052,distributary
17053,distributary
17054,distributary
17055,distributary
17056,distributary
17057,distributary
17058,distributary
17059,distributary
17060,distributary
17061,distributary
17062,distributary
17063,distributary
17064,distributary
17065,distributary
17066,distributary
17067,distributary
17068,distributary
17069,distributary
17070,distributary
17071,distributary
17072,distributary
17073,distributary
17074,distributary
17075,distributary
17076,distributary
17077,distributary
17078,distributary
17079,distributary
17080,distributary
17081,distributary
17082,distributary
17083,distributary
17084,distributary
17085,distributary
17086,distributary
17087,distributary
17088,distributary
17089,distributary
17090,distributary
17091,distributary
17092,distributary
17093,distributary
17094,distributary
17095,distributary
17096,distributary
17097,distributary
17098,distributary
17099,distributary
17100,distributary
17101,distributary
17102,distributary
17103,distributary
17104,distributary
17105,distributary
17106,distributary
17107,distributary
17108,distributary
17109,distributary
17110,distributary
17111,distributary
17112,distributary
17113,distributary
17114,distributary
17115,distributary
17116,distributary
17117,distributary
17118,distributary
17119,distributary
17120,distributary
17121,distributary
17122,distributary
17123,distributary
17124,distributary
17125,distributary
17126,distributary
17127,distributary
17128,distributary
17129,distributary
17130,distributary
17131,distributary
17132,distributary
17133,distributary
17134,distributary
17135,distributary
17136,distributary
17137,distributary
17138,distributary
17139,distributary
17140,distributary
17141,distributary
17142,distributary
17143,distributary
17144,distributary
17145,distributary
17146,distributary
17147,distributary
17148,distributary
17149,distributary
17150,distributary
17151,distributary
17152,distributary
17153,distributary
17154,distributary
17155,distributary
17156,distributary
17157,distributary
17158,distributary
17159,distributary
17160,distributary
17161,distributary
17162,distributary
17163,distributary
17164,distributary
17165,distributary
17166,distributary
17167,distributary
17168,distributary
17169,distributary
17170,distributary
17171,distributary
17172,distributary
17173,distributary
17174,distributary
17175,distributary
17176,distributary
17177,distributary
17178,distributary
17179,distributary
17180,distributary
17181,distributary
17182,distributary
17183,distributary
17184,distributary
17185,distributary
17186,distributary
17187,distributary
17188,distributary
17189,distributary
17190,distributary
17191,distributary
17192,distributary
17193,distributary
17194,distributary
17195,distributary
17196,distributary
17197,distributary
17198,distributary
17199,distributary
17200,distributary
17201,distributary
17202,distributary
17203,distributary
17204,distributary
17205,distributary
17206,distributary
17207,distributary
17208,distributary
17209,distributary
17210,distributary
17211,distributary
17212,distributary
17213,distributary
17214,distributary
17215,distributary
17216,distributary
17217,distributary
17218,distributary
17219,distributary
17220,distributary
17221,distributary
17222,distributary
17223,distributary
17224,distributary
17225,distributary
17226,distributary
17227,distributary
17228,distributary
17229,distributary
17230,distributary
17231,distributary
17232,distributary
17233,distributary
17234,distributary
17235,distributary
17236,distributary
17237,distributary
17238,distributary
17239,distributary
17240,distributary
17241,distributary
17242,distributary
17243,distributary
17244,distributary
17245,distributary
17246,distributary
17247,distributary
17248,distributary
17249,distributary
17250,distributary
17251,distributary
17252,distributary
17253,distributary
17254,distributary
17255,distributary
17256,distributary
17257,distributary
17258,distributary
17259,distributary
17260,distributary
17261,distributary
17262,distributary
17263,distributary
17264,distributary
17265,distributary
17266,distributary
17267,distributary
17268,distributary
17269,distributary
17270,distributary
17271,distributary
17272,distributary
17273,distributary
17274,distributary
17275,distributary
17276,distributary
17277,distributary
17278,distributary
17279,distributary
17280,distributary
17281,distributary
17282,distributary
17283,distributary
17284,distributary
17285,distributary
17286,distributary
17287,distributary
17288,distributary
17289,distributary
17290,distributary
17291,distributary
17292,distributary
17293,distributary
17294,distributary
17295,distributary
17296,distributary
17297,distributary
17298,distributary
17299,distributary
17300,distributary
17301,distributary
17302,distributary
17303,distributary
17304,distributary
17305,distributary
17306,distributary
17307,distributary
17308,distributary
17309,distributary
17310,distributary
17311,distributary
17312,distributary
17313,distributary
17314,distributary
17315,distributary
17316,distributary
17317,distributary
17318,distributary
17319,distributary
17320,distributary
17321,distributary
17322,distributary
17323,distributary
17324,distributary
17325,distributary
17326,distributary
17327,distributary
17328,distributary
17329,distributary
17330,distributary
17331,distributary
17332,distributary
17333,distributary
17334,distributary
17335,distributary
17336,distributary
17337,distributary
17338,distributary
17339,distributary
17340,distributary
17341,distributary
17342,distributary
17343,distributary
17344,distributary
17345,distributary
17346,distributary
17347,distributary
17348,distributary
17349,distributary
17350,distributary
17351,distributary
17352,distributary
17353,distributary
17354,distributary
17355,distributary
17356,distributary
17357,distributary
17358,distributary
17359,distributary
17360,distributary
17361,distributary
17362,distributary
17363,distributary
17364,distributary
17365,distributary
17366,distributary
17367,distributary
17368,distributary
17369,distributary
17370,distributary
17371,distributary
17372,distributary
17373,distributary
17374,distributary
17375,distributary
17376,distributary
17377,distributary
17378,distributary
17379,distributary
17380,distributary
17381,distributary
17382,distributary
17383,distributary
17384,distributary
17385,distributary
17386,distributary
17387,distributary
17388,distributary
17389,distributary
17390,distributary
17391,distributary
17392,distributary
17393,distributary
17394,distributary
17395,distributary
17396,distributary
17397,distributary
17398,distributary
17399,distributary
17400,distributary
17401,distributary
17402,distributary
17403,distributary
17404,distributary
17405,distributary
17406,distributary
17407,distributary
17408,distributary
17409,distributary
17410,distributary
17411,distributary
17412,distributary
17413,distributary
17414,distributary
17415,distributary
17416,distributary
17417,distributary
17418,distributary
17419,distributary
17420,distributary
17421,distributary
17422,distributary
17423,distributary
17424,distributary
17425,distributary
17426,distributary
17427,distributary
17428,distributary
17429,distributary
17430,distributary
17431,distributary
17432,distributary
17433,distributary
17434,distributary
17435,distributary
17436,distributary
17437,distributary
17438,distributary
17439,distributary
17440,distributary
17441,distributary
17442,distributary
17443,distributary
17444,distributary
17445,distributary
17446,distributary
17447,distributary
17448,distributary
17449,distributary
17450,distributary
17451,distributary
17452,distributary
17453,distributary
17454,distributary
17455,distributary
17456,distributary
17457,distributary
17458,distributary
17459,distributary
17460,distributary
17461,distributary
17462,distributary
17463,distributary
17464,distributary
17465,distributary
17466,distributary
17467,distributary
17468,distributary
17469,distributary
17470,distributary
17471,distributary
17472,distributary
17473,distributary
17474,distributary
17475,distributary
17476,distributary
17477,distributary
17478,distributary
17479,distributary
17480,distributary
17481,distributary
17482,distributary
17483,distributary
17484,distributary
17485,distributary
17486,distributary
17487,distributary
17488,distributary
17489,distributary
17490,distributary
17491,distributary
17492,distributary
17493,distributary
17494,distributary
17495,distributary
17496,distributary
17497,distributary
17498,distributary
17499,distributary
17500,distributary
17501,distributary
17502,distributary
17503,distributary
17504,distributary
17505,distributary
17506,distributary
17507,distributary
17508,distributary
17509,distributary
17510,distributary
17511,distributary
17512,distributary
17513,distributary
17514,distributary
17515,distributary
17516,distributary
17517,distributary
17518,distributary
17519,distributary
17520,distributary
17521,distributary
17522,distributary
17523,distributary
17524,distributary
17525,distributary
17526,distributary
17527,distributary
17528,distributary
17529,distributary
17530,distributary
17531,distributary
17532,distributary
17533,distributary
17534,distributary
17535,distributary
17536,distributary
17537,distributary
17538,distributary
17539,distributary
17540,distributary
17541,distributary
17542,distributary
17543,distributary
17544,distributary
17545,distributary
17546,distributary
17547,distributary
17548,distributary
17549,distributary
17550,distributary
17551,distributary
17552,distributary
17553,distributary
17554,distributary
17555,distributary
17556,distributary
17557,distributary
17558,distributary
17559,distributary
17560,distributary
17561,distributary
17562,distributary
17563,distributary
17564,distributary
17565,distributary
17566,distributary
17567,distributary
17568,distributary
17569,distributary
17570,distributary
17571,distributary
17572,distributary
17573,distributary
17574,distributary
17575,distributary
17576,distributary
17577,distributary
17578,distributary
17579,distributary
17580,distributary
17581,distributary
17582,distributary
17583,distributary
17584,distributary
17585,distributary
17586,distributary
17587,distributary
17588,distributary
17589,distributary
17590,distributary
17591,distributary
17592,distributary
17593,distributary
17594,distributary
17595,distributary
17596,distributary
17597,distributary
17598,distributary
17599,distributary
17600,distributary
17601,distributary
17602,distributary
17603,distributary
17604,distributary
17605,distributary
17606,distributary
17607,distributary
17608,distributary
17609,distributary
17610,distributary
17611,distributary
17612,distributary
17613,distributary
17614,distributary
17615,distributary
17616,distributary
17617,distributary
17618,distributary
17619,distributary
17620,distributary
17621,distributary
17622,distributary
17623,distributary
17624,distributary
17625,distributary
17626,distributary
17627,distributary
17628,distributary
17629,distributary
17630,distributary
17631,distributary
17632,distributary
17633,distributary
17634,distributary
17635,distributary
17636,distributary
17637,distributary
17638,distributary
17639,distributary
17640,distributary
17641,distributary
17642,distributary
17643,distributary
17644,distributary
17645,distributary
17646,distributary
17647,distributary
17648,distributary
17649,distributary
17650,distributary
17651,distributary
17652,distributary
17653,distributary
17654,distributary
17655,distributary
